/*
Navicat MySQL Data Transfer

Source Server         : localhost_3306
Source Server Version : 50722
Source Host           : localhost:3306
Source Database       : knorr

Target Server Type    : MYSQL
Target Server Version : 50722
File Encoding         : 65001

Date: 2018-10-25 16:25:44
*/

SET FOREIGN_KEY_CHECKS=0;

-- ----------------------------
-- Table structure for `act_evt_log`
-- ----------------------------
DROP TABLE IF EXISTS `act_evt_log`;
CREATE TABLE `act_evt_log` (
  `LOG_NR_` bigint(20) NOT NULL AUTO_INCREMENT,
  `TYPE_` varchar(64) COLLATE utf8_bin DEFAULT NULL,
  `PROC_DEF_ID_` varchar(64) COLLATE utf8_bin DEFAULT NULL,
  `PROC_INST_ID_` varchar(64) COLLATE utf8_bin DEFAULT NULL,
  `EXECUTION_ID_` varchar(64) COLLATE utf8_bin DEFAULT NULL,
  `TASK_ID_` varchar(64) COLLATE utf8_bin DEFAULT NULL,
  `TIME_STAMP_` timestamp(3) NOT NULL DEFAULT CURRENT_TIMESTAMP(3) ON UPDATE CURRENT_TIMESTAMP(3),
  `USER_ID_` varchar(255) COLLATE utf8_bin DEFAULT NULL,
  `DATA_` longblob,
  `LOCK_OWNER_` varchar(255) COLLATE utf8_bin DEFAULT NULL,
  `LOCK_TIME_` timestamp(3) NULL DEFAULT NULL,
  `IS_PROCESSED_` tinyint(4) DEFAULT '0',
  PRIMARY KEY (`LOG_NR_`)
) ENGINE=InnoDB DEFAULT CHARSET=utf8 COLLATE=utf8_bin;

-- ----------------------------
-- Records of act_evt_log
-- ----------------------------

-- ----------------------------
-- Table structure for `act_ge_bytearray`
-- ----------------------------
DROP TABLE IF EXISTS `act_ge_bytearray`;
CREATE TABLE `act_ge_bytearray` (
  `ID_` varchar(64) COLLATE utf8_bin NOT NULL,
  `REV_` int(11) DEFAULT NULL,
  `NAME_` varchar(255) COLLATE utf8_bin DEFAULT NULL,
  `DEPLOYMENT_ID_` varchar(64) COLLATE utf8_bin DEFAULT NULL,
  `BYTES_` longblob,
  `GENERATED_` tinyint(4) DEFAULT NULL,
  PRIMARY KEY (`ID_`),
  KEY `ACT_FK_BYTEARR_DEPL` (`DEPLOYMENT_ID_`),
  CONSTRAINT `ACT_FK_BYTEARR_DEPL` FOREIGN KEY (`DEPLOYMENT_ID_`) REFERENCES `act_re_deployment` (`ID_`)
) ENGINE=InnoDB DEFAULT CHARSET=utf8 COLLATE=utf8_bin;

-- ----------------------------
-- Records of act_ge_bytearray
-- ----------------------------
INSERT INTO `act_ge_bytearray` VALUES ('5002', '1', 'contract.bpmn', '5001', 0x3C3F786D6C2076657273696F6E3D22312E302220656E636F64696E673D225554462D38223F3E0A3C646566696E6974696F6E7320786D6C6E733D22687474703A2F2F7777772E6F6D672E6F72672F737065632F42504D4E2F32303130303532342F4D4F44454C2220786D6C6E733A7873693D22687474703A2F2F7777772E77332E6F72672F323030312F584D4C536368656D612D696E7374616E63652220786D6C6E733A7873643D22687474703A2F2F7777772E77332E6F72672F323030312F584D4C536368656D612220786D6C6E733A61637469766974693D22687474703A2F2F61637469766974692E6F72672F62706D6E2220786D6C6E733A62706D6E64693D22687474703A2F2F7777772E6F6D672E6F72672F737065632F42504D4E2F32303130303532342F44492220786D6C6E733A6F6D6764633D22687474703A2F2F7777772E6F6D672E6F72672F737065632F44442F32303130303532342F44432220786D6C6E733A6F6D6764693D22687474703A2F2F7777772E6F6D672E6F72672F737065632F44442F32303130303532342F44492220747970654C616E67756167653D22687474703A2F2F7777772E77332E6F72672F323030312F584D4C536368656D61222065787072657373696F6E4C616E67756167653D22687474703A2F2F7777772E77332E6F72672F313939392F585061746822207461726765744E616D6573706163653D22687474703A2F2F7777772E61637469766974692E6F72672F74657374223E0A20203C70726F636573732069643D22636F6E747261637422206E616D653D22E59088E5908CE6B581E7A88B2220697345786563757461626C653D2274727565223E0A202020203C646F63756D656E746174696F6E3EE59088E5908CE6BC94E7A4BAE6B581E7A88B3C2F646F63756D656E746174696F6E3E0A202020203C73746172744576656E742069643D2273746172746576656E743122206E616D653D225374617274223E3C2F73746172744576656E743E0A202020203C757365725461736B2069643D22646570744C6561646572417564697422206E616D653D22E8B4A2E58AA1E7BB8FE79086E5AEA1E689B9222061637469766974693A61737369676E65653D22247B646570744C65616465727D223E3C2F757365725461736B3E0A202020203C757365725461736B2069643D226D616E61676572417564697422206E616D653D22E7BB8FE79086E5AEA1E689B9222061637469766974693A61737369676E65653D22247B6D616E4C65616465727D223E3C2F757365725461736B3E0A202020203C656E644576656E742069643D22656E646576656E743122206E616D653D22456E64223E3C2F656E644576656E743E0A202020203C6578636C7573697665476174657761792069643D226578636C7573697665676174657761793122206E616D653D224578636C75736976652047617465776179223E3C2F6578636C7573697665476174657761793E0A202020203C73657175656E6365466C6F772069643D22666C6F77312220736F757263655265663D22646570744C6561646572417564697422207461726765745265663D226578636C75736976656761746577617931223E3C2F73657175656E6365466C6F773E0A202020203C73657175656E6365466C6F772069643D22666C6F773222206E616D653D22E5908CE6848F2220736F757263655265663D226578636C7573697665676174657761793122207461726765745265663D226D616E616765724175646974223E0A2020202020203C636F6E646974696F6E45787072657373696F6E207873693A747970653D2274466F726D616C45787072657373696F6E223E3C215B43444154415B247B646570744C6561646572506173737D5D5D3E3C2F636F6E646974696F6E45787072657373696F6E3E0A202020203C2F73657175656E6365466C6F773E0A202020203C6578636C7573697665476174657761792069643D226578636C7573697665676174657761793222206E616D653D224578636C75736976652047617465776179223E3C2F6578636C7573697665476174657761793E0A202020203C73657175656E6365466C6F772069643D22666C6F77332220736F757263655265663D226D616E61676572417564697422207461726765745265663D226578636C75736976656761746577617932223E3C2F73657175656E6365466C6F773E0A202020203C73657175656E6365466C6F772069643D22666C6F77352220736F757263655265663D2273746172746576656E743122207461726765745265663D22646570744C65616465724175646974223E3C2F73657175656E6365466C6F773E0A202020203C757365725461736B2069643D226D6F646966794170706C7922206E616D653D22E8B083E695B4E794B3E8AFB7222061637469766974693A61737369676E65653D22247B6170706C795573657249647D223E3C2F757365725461736B3E0A202020203C73657175656E6365466C6F772069643D22666C6F773622206E616D653D22E4B88DE5908CE6848F2220736F757263655265663D226578636C7573697665676174657761793122207461726765745265663D226D6F646966794170706C79223E0A2020202020203C636F6E646974696F6E45787072657373696F6E207873693A747970653D2274466F726D616C45787072657373696F6E223E3C215B43444154415B247B21646570744C6561646572506173737D5D5D3E3C2F636F6E646974696F6E45787072657373696F6E3E0A202020203C2F73657175656E6365466C6F773E0A202020203C73657175656E6365466C6F772069643D22666C6F773722206E616D653D22E4B88DE5908CE6848F2220736F757263655265663D226578636C7573697665676174657761793222207461726765745265663D226D6F646966794170706C79223E0A2020202020203C636F6E646974696F6E45787072657373696F6E207873693A747970653D2274466F726D616C45787072657373696F6E223E3C215B43444154415B247B216D616E4C6561646572506173737D5D5D3E3C2F636F6E646974696F6E45787072657373696F6E3E0A202020203C2F73657175656E6365466C6F773E0A202020203C706172616C6C656C476174657761792069643D22706172616C6C656C676174657761793122206E616D653D22506172616C6C656C2047617465776179223E3C2F706172616C6C656C476174657761793E0A202020203C73657175656E6365466C6F772069643D22666C6F77382220736F757263655265663D226D6F646966794170706C7922207461726765745265663D22706172616C6C656C6761746577617931223E3C2F73657175656E6365466C6F773E0A202020203C73657175656E6365466C6F772069643D22666C6F773922206E616D653D22E9878DE696B0E794B3E8AFB72220736F757263655265663D22706172616C6C656C676174657761793122207461726765745265663D22646570744C65616465724175646974223E0A2020202020203C636F6E646974696F6E45787072657373696F6E207873693A747970653D2274466F726D616C45787072657373696F6E223E3C215B43444154415B247B72654170706C797D5D5D3E3C2F636F6E646974696F6E45787072657373696F6E3E0A202020203C2F73657175656E6365466C6F773E0A202020203C73657175656E6365466C6F772069643D22666C6F77313022206E616D653D22E7BB93E69D9FE6B581E7A88B2220736F757263655265663D22706172616C6C656C676174657761793122207461726765745265663D22656E646576656E7431223E0A2020202020203C636F6E646974696F6E45787072657373696F6E207873693A747970653D2274466F726D616C45787072657373696F6E223E3C215B43444154415B247B2172654170706C797D5D5D3E3C2F636F6E646974696F6E45787072657373696F6E3E0A202020203C2F73657175656E6365466C6F773E0A202020203C757365725461736B2069643D22636F6E6669726D22206E616D653D22E4B89AE58AA1E59198E7A1AEE8AEA4222061637469766974693A61737369676E65653D22247B6170706C795573657249647D223E0A2020202020203C657874656E73696F6E456C656D656E74733E0A20202020202020203C61637469766974693A7461736B4C697374656E6572206576656E743D22636F6D706C657465222064656C656761746545787072657373696F6E3D22247B636F6E747261637450726F636573736F72456E644C697374656E65727D223E3C2F61637469766974693A7461736B4C697374656E65723E0A2020202020203C2F657874656E73696F6E456C656D656E74733E0A202020203C2F757365725461736B3E0A202020203C73657175656E6365466C6F772069643D22666C6F7731322220736F757263655265663D22636F6E6669726D22207461726765745265663D22656E646576656E7431223E3C2F73657175656E6365466C6F773E0A202020203C73657175656E6365466C6F772069643D22666C6F77313322206E616D653D22E5908CE6848F2220736F757263655265663D226578636C7573697665676174657761793222207461726765745265663D22636F6E6669726D223E0A2020202020203C636F6E646974696F6E45787072657373696F6E207873693A747970653D2274466F726D616C45787072657373696F6E223E3C215B43444154415B247B6D616E4C6561646572506173737D5D5D3E3C2F636F6E646974696F6E45787072657373696F6E3E0A202020203C2F73657175656E6365466C6F773E0A20203C2F70726F636573733E0A20203C62706D6E64693A42504D4E4469616772616D2069643D2242504D4E4469616772616D5F636F6E7472616374223E0A202020203C62706D6E64693A42504D4E506C616E652062706D6E456C656D656E743D22636F6E7472616374222069643D2242504D4E506C616E655F636F6E7472616374223E0A2020202020203C62706D6E64693A42504D4E53686170652062706D6E456C656D656E743D2273746172746576656E7431222069643D2242504D4E53686170655F73746172746576656E7431223E0A20202020202020203C6F6D6764633A426F756E6473206865696768743D2233352E30222077696474683D2233352E302220783D223130302E302220793D223138302E30223E3C2F6F6D6764633A426F756E64733E0A2020202020203C2F62706D6E64693A42504D4E53686170653E0A2020202020203C62706D6E64693A42504D4E53686170652062706D6E456C656D656E743D22646570744C65616465724175646974222069643D2242504D4E53686170655F646570744C65616465724175646974223E0A20202020202020203C6F6D6764633A426F756E6473206865696768743D2235352E30222077696474683D223130352E302220783D223236302E302220793D223137302E30223E3C2F6F6D6764633A426F756E64733E0A2020202020203C2F62706D6E64693A42504D4E53686170653E0A2020202020203C62706D6E64693A42504D4E53686170652062706D6E456C656D656E743D226D616E616765724175646974222069643D2242504D4E53686170655F6D616E616765724175646974223E0A20202020202020203C6F6D6764633A426F756E6473206865696768743D2235352E30222077696474683D223130352E302220783D223539302E302220793D223137302E30223E3C2F6F6D6764633A426F756E64733E0A2020202020203C2F62706D6E64693A42504D4E53686170653E0A2020202020203C62706D6E64693A42504D4E53686170652062706D6E456C656D656E743D22656E646576656E7431222069643D2242504D4E53686170655F656E646576656E7431223E0A20202020202020203C6F6D6764633A426F756E6473206865696768743D2233352E30222077696474683D2233352E302220783D223933302E302220793D223432332E30223E3C2F6F6D6764633A426F756E64733E0A2020202020203C2F62706D6E64693A42504D4E53686170653E0A2020202020203C62706D6E64693A42504D4E53686170652062706D6E456C656D656E743D226578636C75736976656761746577617931222069643D2242504D4E53686170655F6578636C75736976656761746577617931223E0A20202020202020203C6F6D6764633A426F756E6473206865696768743D2234302E30222077696474683D2234302E302220783D223434302E302220793D223137372E30223E3C2F6F6D6764633A426F756E64733E0A2020202020203C2F62706D6E64693A42504D4E53686170653E0A2020202020203C62706D6E64693A42504D4E53686170652062706D6E456C656D656E743D226578636C75736976656761746577617932222069643D2242504D4E53686170655F6578636C75736976656761746577617932223E0A20202020202020203C6F6D6764633A426F756E6473206865696768743D2234302E30222077696474683D2234302E302220783D223736302E302220793D223137372E30223E3C2F6F6D6764633A426F756E64733E0A2020202020203C2F62706D6E64693A42504D4E53686170653E0A2020202020203C62706D6E64693A42504D4E53686170652062706D6E456C656D656E743D226D6F646966794170706C79222069643D2242504D4E53686170655F6D6F646966794170706C79223E0A20202020202020203C6F6D6764633A426F756E6473206865696768743D2235352E30222077696474683D223130352E302220783D223430382E302220793D223330302E30223E3C2F6F6D6764633A426F756E64733E0A2020202020203C2F62706D6E64693A42504D4E53686170653E0A2020202020203C62706D6E64693A42504D4E53686170652062706D6E456C656D656E743D22706172616C6C656C6761746577617931222069643D2242504D4E53686170655F706172616C6C656C6761746577617931223E0A20202020202020203C6F6D6764633A426F756E6473206865696768743D2234302E30222077696474683D2234302E302220783D223434302E302220793D223432302E30223E3C2F6F6D6764633A426F756E64733E0A2020202020203C2F62706D6E64693A42504D4E53686170653E0A2020202020203C62706D6E64693A42504D4E53686170652062706D6E456C656D656E743D22636F6E6669726D222069643D2242504D4E53686170655F636F6E6669726D223E0A20202020202020203C6F6D6764633A426F756E6473206865696768743D2235352E30222077696474683D223130352E302220783D223839352E302220793D223137302E30223E3C2F6F6D6764633A426F756E64733E0A2020202020203C2F62706D6E64693A42504D4E53686170653E0A2020202020203C62706D6E64693A42504D4E456467652062706D6E456C656D656E743D22666C6F7731222069643D2242504D4E456467655F666C6F7731223E0A20202020202020203C6F6D6764693A776179706F696E7420783D223336352E302220793D223139372E30223E3C2F6F6D6764693A776179706F696E743E0A20202020202020203C6F6D6764693A776179706F696E7420783D223434302E302220793D223139372E30223E3C2F6F6D6764693A776179706F696E743E0A2020202020203C2F62706D6E64693A42504D4E456467653E0A2020202020203C62706D6E64693A42504D4E456467652062706D6E456C656D656E743D22666C6F7732222069643D2242504D4E456467655F666C6F7732223E0A20202020202020203C6F6D6764693A776179706F696E7420783D223438302E302220793D223139372E30223E3C2F6F6D6764693A776179706F696E743E0A20202020202020203C6F6D6764693A776179706F696E7420783D223539302E302220793D223139372E30223E3C2F6F6D6764693A776179706F696E743E0A20202020202020203C62706D6E64693A42504D4E4C6162656C3E0A202020202020202020203C6F6D6764633A426F756E6473206865696768743D2231342E30222077696474683D2232342E302220783D223439302E302220793D223138302E30223E3C2F6F6D6764633A426F756E64733E0A20202020202020203C2F62706D6E64693A42504D4E4C6162656C3E0A2020202020203C2F62706D6E64693A42504D4E456467653E0A2020202020203C62706D6E64693A42504D4E456467652062706D6E456C656D656E743D22666C6F7733222069643D2242504D4E456467655F666C6F7733223E0A20202020202020203C6F6D6764693A776179706F696E7420783D223639352E302220793D223139372E30223E3C2F6F6D6764693A776179706F696E743E0A20202020202020203C6F6D6764693A776179706F696E7420783D223736302E302220793D223139372E30223E3C2F6F6D6764693A776179706F696E743E0A2020202020203C2F62706D6E64693A42504D4E456467653E0A2020202020203C62706D6E64693A42504D4E456467652062706D6E456C656D656E743D22666C6F7735222069643D2242504D4E456467655F666C6F7735223E0A20202020202020203C6F6D6764693A776179706F696E7420783D223133352E302220793D223139372E30223E3C2F6F6D6764693A776179706F696E743E0A20202020202020203C6F6D6764693A776179706F696E7420783D223236302E302220793D223139372E30223E3C2F6F6D6764693A776179706F696E743E0A2020202020203C2F62706D6E64693A42504D4E456467653E0A2020202020203C62706D6E64693A42504D4E456467652062706D6E456C656D656E743D22666C6F7736222069643D2242504D4E456467655F666C6F7736223E0A20202020202020203C6F6D6764693A776179706F696E7420783D223436302E302220793D223231372E30223E3C2F6F6D6764693A776179706F696E743E0A20202020202020203C6F6D6764693A776179706F696E7420783D223436302E302220793D223330302E30223E3C2F6F6D6764693A776179706F696E743E0A20202020202020203C62706D6E64693A42504D4E4C6162656C3E0A202020202020202020203C6F6D6764633A426F756E6473206865696768743D2231342E30222077696474683D2233362E302220783D223437302E302220793D223233392E30223E3C2F6F6D6764633A426F756E64733E0A20202020202020203C2F62706D6E64693A42504D4E4C6162656C3E0A2020202020203C2F62706D6E64693A42504D4E456467653E0A2020202020203C62706D6E64693A42504D4E456467652062706D6E456C656D656E743D22666C6F7737222069643D2242504D4E456467655F666C6F7737223E0A20202020202020203C6F6D6764693A776179706F696E7420783D223738302E302220793D223231372E30223E3C2F6F6D6764693A776179706F696E743E0A20202020202020203C6F6D6764693A776179706F696E7420783D223737392E302220793D223332372E30223E3C2F6F6D6764693A776179706F696E743E0A20202020202020203C6F6D6764693A776179706F696E7420783D223531332E302220793D223332372E30223E3C2F6F6D6764693A776179706F696E743E0A20202020202020203C62706D6E64693A42504D4E4C6162656C3E0A202020202020202020203C6F6D6764633A426F756E6473206865696768743D2231342E30222077696474683D223130302E302220783D223638312E302220793D223239392E30223E3C2F6F6D6764633A426F756E64733E0A20202020202020203C2F62706D6E64693A42504D4E4C6162656C3E0A2020202020203C2F62706D6E64693A42504D4E456467653E0A2020202020203C62706D6E64693A42504D4E456467652062706D6E456C656D656E743D22666C6F7738222069643D2242504D4E456467655F666C6F7738223E0A20202020202020203C6F6D6764693A776179706F696E7420783D223436302E302220793D223335352E30223E3C2F6F6D6764693A776179706F696E743E0A20202020202020203C6F6D6764693A776179706F696E7420783D223436302E302220793D223432302E30223E3C2F6F6D6764693A776179706F696E743E0A2020202020203C2F62706D6E64693A42504D4E456467653E0A2020202020203C62706D6E64693A42504D4E456467652062706D6E456C656D656E743D22666C6F7739222069643D2242504D4E456467655F666C6F7739223E0A20202020202020203C6F6D6764693A776179706F696E7420783D223434302E302220793D223434302E30223E3C2F6F6D6764693A776179706F696E743E0A20202020202020203C6F6D6764693A776179706F696E7420783D223331322E302220793D223433392E30223E3C2F6F6D6764693A776179706F696E743E0A20202020202020203C6F6D6764693A776179706F696E7420783D223331322E302220793D223232352E30223E3C2F6F6D6764693A776179706F696E743E0A20202020202020203C62706D6E64693A42504D4E4C6162656C3E0A202020202020202020203C6F6D6764633A426F756E6473206865696768743D2231342E30222077696474683D2234382E302220783D223333312E302220793D223431312E30223E3C2F6F6D6764633A426F756E64733E0A20202020202020203C2F62706D6E64693A42504D4E4C6162656C3E0A2020202020203C2F62706D6E64693A42504D4E456467653E0A2020202020203C62706D6E64693A42504D4E456467652062706D6E456C656D656E743D22666C6F773130222069643D2242504D4E456467655F666C6F773130223E0A20202020202020203C6F6D6764693A776179706F696E7420783D223438302E302220793D223434302E30223E3C2F6F6D6764693A776179706F696E743E0A20202020202020203C6F6D6764693A776179706F696E7420783D223836372E302220793D223433392E30223E3C2F6F6D6764693A776179706F696E743E0A20202020202020203C6F6D6764693A776179706F696E7420783D223933302E302220793D223434302E30223E3C2F6F6D6764693A776179706F696E743E0A20202020202020203C62706D6E64693A42504D4E4C6162656C3E0A202020202020202020203C6F6D6764633A426F756E6473206865696768743D2231342E30222077696474683D2234382E302220783D223733302E302220793D223431312E30223E3C2F6F6D6764633A426F756E64733E0A20202020202020203C2F62706D6E64693A42504D4E4C6162656C3E0A2020202020203C2F62706D6E64693A42504D4E456467653E0A2020202020203C62706D6E64693A42504D4E456467652062706D6E456C656D656E743D22666C6F773132222069643D2242504D4E456467655F666C6F773132223E0A20202020202020203C6F6D6764693A776179706F696E7420783D223934372E302220793D223232352E30223E3C2F6F6D6764693A776179706F696E743E0A20202020202020203C6F6D6764693A776179706F696E7420783D223934372E302220793D223432332E30223E3C2F6F6D6764693A776179706F696E743E0A2020202020203C2F62706D6E64693A42504D4E456467653E0A2020202020203C62706D6E64693A42504D4E456467652062706D6E456C656D656E743D22666C6F773133222069643D2242504D4E456467655F666C6F773133223E0A20202020202020203C6F6D6764693A776179706F696E7420783D223830302E302220793D223139372E30223E3C2F6F6D6764693A776179706F696E743E0A20202020202020203C6F6D6764693A776179706F696E7420783D223839352E302220793D223139372E30223E3C2F6F6D6764693A776179706F696E743E0A20202020202020203C62706D6E64693A42504D4E4C6162656C3E0A202020202020202020203C6F6D6764633A426F756E6473206865696768743D2231342E30222077696474683D223130302E302220783D223831392E302220793D223138302E30223E3C2F6F6D6764633A426F756E64733E0A20202020202020203C2F62706D6E64693A42504D4E4C6162656C3E0A2020202020203C2F62706D6E64693A42504D4E456467653E0A202020203C2F62706D6E64693A42504D4E506C616E653E0A20203C2F62706D6E64693A42504D4E4469616772616D3E0A3C2F646566696E6974696F6E733E, '0');
INSERT INTO `act_ge_bytearray` VALUES ('5003', '1', 'contract.png', '5001', 0x89504E470D0A1A0A0000000D49484452000003ED000001D208020000001696BD15000034B249444154789CEDDD7F6C9CF77D1F70E687632688610DEB62654863B6FBC344B244C4D2C2FAA398E5148B38604B082C88D9FCA11008922868E718C3D0321B1C0D6B3C615833B54B0D774B5C6283370E851C02B55DADB15336B15DCD3F64398E12C6B16ABAB65326B6137A96ECB34449CF1EF19CCBE3FBC53BF2EE9EFBF0FB7AE10BE278BC7BF87DEEFB7C3ECF9BC7E37124030000A219297B02000040D7E478000088478E07008078E478000088478E07008078E478000088478E07008078E478000088478E07008078E478000088478E07008078E478000088478E07008078E478000088478E07008078E478000088478E07008078E478000088478E07008078E478000088478E07008078E478000088478E07008078E478000088478E07008078E478000088478E07008078E478000088478E07008078E478000088478E07008078E478000088478E07008078E478000088478E07008078E478000088478E07008078E478000088478E07008078E478000088478E07008078E478000088478E07008078E478000088478E07008078E478000088478E07008078E478000088478E07008078E478000088478E07008078E478000088478E07008078E478000088478E07008078E478000088478E07008078E478000088478E07008078E478000088478E07008078E478000088478E07008078E478000088478E07008078E478000088478E07008078E478000088478E07008078E478000088478E07008078E478000088478E07008078E478000088478E07008078E478000088478E07008078E478000088478E07008078E478000088478E07008078E478000088478E07008078E478000088478E07008078E478000088478E07008078E478000088478E07008078E478000088478E07008078E478000088478E07008078E478000088478E07008078E478000088478E07008078E478000088478E07008078E478000088478E07008078E478000088478E07008078E478000088478E07008078E478000088478E07008078E478000088478E07008078E478000088478E07008078E478000088478E07008078E478000088478E07008078E478000088478E07008078E478000088478E07008078E478000088478E07008078E478000088478E07008078E478000088478E07008078E478000088478E07008078E478000088478E07008078E478000088478E07008078E478000088478E07008078E478000088478E07008078E478000088478E07008078E478000088478E07008078E478000088478E07008078E478000088478E07008078E478000088478E07008078E478000088478E07008078E478000088478E07008078E478000088478E07008078E478000088478E07008078E478000088478E07008078E478000088478E07008078E478000088478E07008078E478000088478E07008078E478000088478E07008078E478000088478E07008078E478000088478E07008078E478000088478E07008078E47868A952A9CCCFCF4F4F4FEFD9B3676C6C6C2455F9BEE78FC0D4D4D4DCDCDCEAEA6AD9CB023DA0BAAB543743424956755B92723C3477E4C891BC9CF29E72DB6DB7DD7DCF3D4F9C3C79766D2DCD91EF7BFE081C3E7C78DFBE7DF963923797B21707B64475AB6E868A92DC7449CAF1502FFF0978666666EFDEBD4F3FF3F4D9B5B346713CF7FC737973C91F9C959595B2170ABAA6BA55374345496EB124E578789DBCA74C4C4C7CF5D6AF9C5D3B63B41A77DC79C7D5575FBDBCBC5CF672411754B7EA66A828C9AD97A41C0FAF333333B3DE535E35DA8FBBEFF9FA35D7FCE3B2970BBAA0BA55374345496EBD24E578F8B923478EECDDFBA1B57315A393F1DBBFF3AF6FBAE977CB5E34E888EA56DD0C1525D9939294E3E135954A656C6CEC996797D7CEBD6274324E9DFEE9AE5DEF5F5A5A2A7BE96003AA5B7533549464AF4A528E87D7CCCDCDCDCCCCAC9D7BB936AE9DFC671DBE5154F15E498D9B6EFAF7B3B3B3652F1D6C4075AB6E868A92EC5549CAF1F09AA9A9A9C3B7FFEF9FF7940FEDFDDB2C7BEA7CF683B5ECBB67B247CF640F9D3A77E8F66FFCF9B32F3E7036FBBF95EC814A76EFCBD9D75FCDFEE0DEC73EBDFF33A5577829E3E16347272626CA5EBAE1557D2B066FCB5D3AD5ADBA3741FDF68F92EC5549CAF1F09AF1F1F113271E593B77BA3AF21FFA4F65D9E90BD98BE7B29F9CCD5ECEB27FF56FBE30F2C6B7EFFED0D4B36BD9D367B2A75FCD962BD913E7B23FF9AB47D79F21389DE03875FA85D1D1D1B2976E48E5A7FF6BAEB9E6ABB7DEBA67CF1E51A05CAA5B75774BFDF69592EC5549CAF13D56A9541616160E1C3890FFACB9E767262727F36BE6E7E7F58261B663C78EE75F7876EDDCA9EAC83BC5CBE7B333E72F7EE9DC858B1FFFF4AEFFF3F7FFC13FFCB75FFCBD7359F6D2B9ECC5B5EC276B59BEA25F7FF0DBEB6DE5549A23DFF772176E385543C0430F1F3BBB762EFF280A944B75ABEEAEA8DF7E5392BD2AC9444BB41FF2F89EE7F5FC47A53CC1E7A9FDF0E1DBEFBEE71BD571C79D77DD78E317A6A7A7F30377F7EEDDFE61DE705A6F0D2FD546FEE9E973D90BAF6467CFBF7683BC8FFFE72FFFD1EFFEA72F3FFDC38BFF9161ED427676BDDDDCFFF0A375F74D6A247BA66FA31802AA6378A2409AEBA5BA5577E786B97EDB88B5584AB257251969D587D6F1E3C7F30ACFE37B9ED76B65DF6ADC7BDFFDFBF67D626262627171B1EC89F33AEBADE1FFD5C6C5B6723E7BEEE5EC47A7B2B52C3B7BE6CCF855578D8CBC696464F4A3BFB1AF78C7878E3D5277DFA446AC93C700348680BE4681F67F10B6E16D7A3B99A1A5BA557787065CBF6D6CEFD25692BD2AC9615FE9E177F0E0C13C94DF7DCF37364CF0751D21EF14FBF7EFAF542A65EF01AF596F0D2FD6C6C8FAAFF95E7825FBE14BD98F5FCD1E3AF1D7575C71C59BDEFC96B75EFE0BD31F7F5D5B79F0E16375F74D6A0CFF0963905A8580FE4581368F7FDD978A9FA6B66AAA5B757762F0F5DBC6F62E6D25D9AB928CB1DEC3298FE0D3D3D3B3B3B35D25F8E2F8C39B6FCE9BC2CACA4AD9BBC245EBAD61B536F24F5FB990FDA472F1E981E75ECDEE7970E97DBB3EF00B7FEF1D97EFF83B7FF4DFFFE4D52C3B75267BF9CCC53BDE7BF4C1BAFB2635A29C3606A07D08E85314A83EFE4D9F8D6BF5A558CFDBF584EA56DD1B2AA57EDBD8DEA5AD247B559243BDCCC32C0FF1BB77EF9E9F9FDF7488AFBDCC26DFCEF2F272D93BC4C5B672EEDC4F6BA35A2D796779712DFBE9D9EC872FADDDFFD8F2AE7FF42BD7FE937FFAE333D98F2AD98F2BD90B67B2BCB1DCFBC08375F74D6A0CF9D962603A0901FD88021D3E69D7A4FBA7B470AA5B75B75756FDB6B1BD4B5B49F6AA24032CF6709A9E9EDE7A88AF35853CCA7B814DE9EA5AC39E6BAFF9F6F77EF0D0634B478F2FDD776CE9BE471EBFFFDB27FFE281EFFED5634F7EF3D8E3DF3AF6FDFB1EF9FED1471F7FEC077F73F37FBDF563D77DACF4F21E9EB692A0CE4340CFA3C0864FDAD56E16EBE9BADE52DDAABB8D12EBB78DED5DDA4AB257251960B187D0C18307B7F2729AC671F8F0ED53535365EF56EAD6DBCA4F8AE3377FF3332D7F6159F02F3EFAD1BA3B2635429C33FAAADB10D0DB28D0785E6F7A65D027ED7A4575ABEE56CAADDF36B677692BC95E956480C51E36C78F1F9F9898E86188AF8E4F7FFA33B7DC724BD93B97B4F5B6F282D1ED0871CEE89FCD85801E4681CE4FF68DB6F27D6351DDAABBA9D2EBB78DED5DDA4AB257251960B1874D1EE23757F3EDC7D3CF3C7BE595635E5D53A28B6DE5FCF346B723C439A34F1A43C01D77DE75D555E34F9C3CD9B4CC9F7BFE855DBB767DF5D65B7B18056AE7F5C61379D3A54973BD54B7EA6E340CF5DBC6F62E6D25D9AB928CB4EAC3606161616A6AAAE721BE3AAEBFFE73870E1D2A7B17D3B5DE569E33BA1DB14E1E3DD434048C8E8EE60F48FE33796314A88680EA99B88751A0CDE35FFB52DDB9BFF1C2B6A7BA55779D21A9DF36B677692BC95E95E4B0AFF4B0C9CBB5DBB78AEFEA29F99D3B7796BD8BE95A6F2B3F36BA1DC37FC2E8873621A0AA2E0A1443406FA3C0264EF66DAEDCAE54B7EA2E1A9EFA6D637B97B692EC55490EF5320F9BBC4A77ECD8D1A7105F1D575F7DF5D1A347CBDED144ADB7951F19DD8E213F5BF443630878E9D4E9FC87F0BA5F7FD7A2406308C8E5A121FFD17DEB51A0D56FD89BFE0ABE6E0EADEEBEFDA86ED55D3354F5DBC6F62E6D25D9AB921CEA651E367373733333337DCDF15FBCE9A6D9D9D9B277743B9B9F9F6FF56EFDEB6D65C5E8760CF9D9A22B6D0E8F9A36FFB63DFF39BF310A1C7BE491A621E08E3BEF6ADCC280FFF1FB36A3BA13AF6EF53B6C94E4004A325289966EFFFEFDB7DC724B5F73FCDDF77C236F0465EFE8B6F5F8E38F57BBF065975D76F8F0E1BAAF6A2BBD6A2B41B53F3CAA36FCB7ED8D51E02D6F794B27214014D822D59D7875ABDF61A324075392614A74184C4E4EB6AADE5E8D274E9EBCF2CAB1B27774DBAA542A6F7CE31BAB9DE5924B2E79EF7BDF5B7CAA60BDADFC6D4F46E3A636DC78E7DF7DA499CE3758BBBEF1C2A677B6BC25EDA5F68747D6F1BF6D6F8C021D860051602B0656DDDBA672B75975ABDF6153CA0977C3F2D96279B6DF60E3953D2FD2C6920C53A2C3A04FEF38591C2F9D3A9DB789B277743BAB7B11E45BDFFAD64F7EF293D5B7FBCC3F3D7FFE879D8FBA82AFFB529B5B36DEBE7897A6372B7E5ABCB278A1CDB9A76E53AD2E6C6E34B695B8DA1C1E5DFDDBF6565160C310200A6C450FABBBABE33F68E56EBFEA56BFC366302559DC54D3CDB629AB3677ACDB6CABD21ED9E8ECDFEF928C54A2A5CB8FC8E2DFB5F469E48B94B7800D3B3BFD70FEFCB39D8FE2EDEBEEDBF8A536376E7A4D9B6DB6BAD07EFE1BDE7DC32DB4D9720A476C1E023A7FAFAABF58FCCB37BDE94D755B78C31BDE70EBAD7FDCE116AA2FB14BE1811D984D1CDB5D358170959B5475ABDF21D48F326CDCEC4807A7E0EA951BCE70A459C5B5DF911EEE666D8375D1548EEFC2F8F8F8774E9C18408E2F7B47B7B3CB2FBFBC56A253EBF256BBB4B494BDF6F4C0339D8FEAEDEB3EBEBE05D4DFBED5F57517EA2E37DEAC59BB693EBD367368FCBEDD3E02B57B95BDAA3DD3E6F0387EFC781E059E7BFE850D4BB8E9BB5B54357D5FEAA65BC8BF6FFE1DCB7E3C82E9617577DE01E256EEF6AB6EF53B6C065392ED0BB069116DFD1B75587A3DAFCDC6928C54A2A5EBEB9BC75787D7C7F7D5EAEA6AB58CF31FC93EF5A94FE51FE7E7E76B5F5DAFB7A73B1FD5DB173FD67DA9F869F19AA69FD65DD3669BED2FB4D2743BC5AF76BBFBC50D96B8A63DD4FEF0C83A8B026D424087514008D89CDE567787477EE8CADD66D5AD7E874DBF4BB2B18EDA5CD9E6D36E0BB0E9ED9B36847E946763498629D16130333353FCD70FFD18F7DE77FFD5575F5DF68E6E5B4F3DF5D4E8E8E8E4E4E4D8D8D8ECEC6CDDEB17D7EBED6F3A1FD5DB173FD6AEAF7D5A77B9EEEE75F76ABC59DD76EABE579B0B9D5C6E3AC94D8CC6B61254FBC3A3AA7D14681A02DEF08637D45DD3260A08019BD6DBEAEEB60F44ACDC6D56DDEA77D80CA0249B9E7F5BD5489B5370ABC9349ED98BDBDFB07EDB6CB9872519A64487C1A14387AEBFFE737DCDF1F9CF09FBF67DA2EC1DDDCE161616E6E6E69ABEA36DB7F5D6B49ECFB73EB9B6D97E9B6ED2EAE45DA7CD97EAE653D789B6DE68029DE937D4E6F0A86915055AFDB3983FF82F5F6EFABED44DFFF1BB10B0153DACEEAE9A40D0CADD7ED5AD7E87CD004AB25599B4A9D6F65F6A7AB9AEFADAD769DDE5DED6696349462AD1D2E5C762FE63655F73FCDEBD7B8F1C3952F68E266ABDD89EEA7C546F5FFCD8F869F5728BD373931B34DEBEEEDB354EA0D5354D2F17B7D9786173A3B1AD6C7B8D51A05508A8BEBB45AB7F3153F78FDF8580FED9E241DEEAC80F5DB9C956B7FA1D063D3C7A372CB7A6BA2AC0F3AF3FB9173F767897FE95E4362CD1BEEAEB9FBABE74EA74DE2CAA6FC9C4E05D2CB60BCB9D8FEAED1B3F162FD4DDB8D5A7AD36DEF49AE62DA9F5978A37683AC96E77BC7162652F5D091AA3C0BE7D9F283EE0756F51D71805F21FDAF392170206638B0779B76D2144E5A65CDDEAB7743D3C7A9B9649FBC26CF369FBCBB58FEDEBB4F163FF4A727B9668FFF4F5A535BFF7A52FE51B2F7B17D3B55E6C4F763B6AF72ADEBD715375D734BDC1865BE864239D5FAE5E286E76D38F40D94B578E3651A0D5BF6DAF45012160C036776C7778FC07ADDCC4AB5BFD96AB87076DFB026C7A7DFB9B35D66CEDCADA0D1A4BB2AEDE3B99554F4A72DB96689F542A95B1B1B17EBC8B7CDE14AEBC726C6565A5EC5D4CD77AA5FD7557A37A97C63BD65DD3FE063F2BFB0DB6B0E16D3AFC6AEDFADA368BD774FB0854EF55F6D295A6691468FF6FDBF32820040CDEE68EED0D8FFCD095ABBAD56F897A78D0D69D4F3BA9A9A6D7B42FDE62D1B529C0F657F6A324B77389F6C9FCFCFCC7AEBBCE93F1DBCF7AA59DEC7C146F5F77B9D5971ABFDAB8CD461BDEA0E9065B5D59BBBE71CEDD3E02B5FB96BD74656A8C02EDFF67E4774E9C1002066F73C776575510AE725577A67ECBB3F583B6554DD51545D34A6C7F4DFB7AECE4EE9D5CD3AB92DCE625DA271FFEC8470E1FBEBD87213E6F0DBB76EDCABB43D97B96B4F5327BC2E8766CFB33FD863AFF1733C521040C92EA56DDADA8DF5228C95E95E4F62FD17E585D5DBDFAEAAB7BF507AFD5BF947FE2E4C9B2772B75EB6DE50746B7238533FD86BA8D0242C080A96ED5DD86FA1D3C25D9AB924CA244FB616969298FF29DFC8BE60DDBC1873FF2913BEEBCABEC1D425BE9595B495357FFF85D081830D5ADBADB53BF03A6247B5592A994683FE465BC6BD7AE7BEFBB7FD321FE3B274EE43F0C08F143222F8F0B171E37BA1DE99CE937D4E13F7E1702064F75ABEE0DA9DF415292BD2AC9844AB41F565757F3B2BFF1C62F74FBD2BA974E9DFEBD2F7DA9FAE29CB27782D7ACB795EF1BDD8EA4CEF41BDAF01FBF0B01A550DDAABB13EA77609464AF4A32AD12ED874AA592E7F8ABAE1ACF7379EDCFD8DB8FAFDE7A6B7EFBEBAFFF5CDE14CA9E3E3FB7DE56968C6E476A67FA0DB5F9C7EF42405954B7EAEE90FA1D0C25D9AB924CAE44FB646565E5861B6ED8B163C7873FF2913CA637BE71557ECD6DB7FDCF8F5D775D7E9B7DFB3EB1BCBC5CF694A9B7DE56BE67743B123CD36FA8E93F7E17024AA4BA5577E7D4EF0028C95E95648A25DA3F954A65616161666666D7AE5D75EF639A5F9387F8F9F9F9D5D5D5B2A74973A3A3A3AFBCF2C8850BDF35BA1A699EE937548C024240E954B7EAEE8AFAED3725D9AB924CB444A1D1D8D8D8934FFEF9850B278CAE46B267FA0D55A3C013274F0A01A553DDAABB5BEAB7AF9464AF4A32DD12853A9393937F76E4960BD9778CCEC7F796FE747C7CBCECA51B5EF9E93F3F5D0901A553DDAA7B133EFCE10FABDF3E5192BD2A49391E5E73F0E0C1D9D94F965EA8B1C61FCF7D716666A6ECA51B6A1E9F61A0BA55F726A4FCEB887E5392BD2A49C728BC667979797CFC975EA93C74217BCCE8704C4D7D706161A1ECA51B6AA2C03050DDAA7B13146FFF28C95E95A463147EEEC045FB2F64DF363A19FF6BFE3F4E4F4F96BD68C34E141812AA5B75774BF1F69592EC49493A46E1E72A95CA9E3DBF72F4E8FFC8B2478DF66365E59EF1F15F5A5DBDB7EC451B76A2C09050DDAABB5B8AB7AF94644F4AD2310AAFB3B4B4343171D5D2D242961D375A8DBCA7E4FD7771F12B652F5700A2C0F050DDAABB2B8AB7DF94E4D64BD2310AF58E1E3D9A77968307FF65963D62348E85852F8D8F8F2D2EFEB7B2172A065160A8A86ED5DD39C53B004A728B25E91885262A95CAECECCC9E3D1F989BFB772B2B5FCFB263C6EAEA5FCECFFF87E9E9BD53537BF2CB652F5118A2C0B051DDAABB438A773094E4564AD2310A2D2D2E2ECECCFCF39D3BFFEE0823233B765C363DFDA1BCB394BD2CC18C880243497517A9EEA64614EF0029C9A2CE4BD2310A0124FE2ECEA18D88021093E24D53AC13AE631486DD030F3C909F4E565757CB9E089B210A40508A374DB1D63DD25C214DEF7EF7BBF3B6F25BBFF55B654F84CD88754A006A146F9A62AD7BA4B942827EFFF77FBFFA6AB977BEF39DC78F1F2F7B3A742DD62901A851BC698AB5EE91E60AA9595D5D1D1D1DADE6F8B7BCE52D1FF8C007CA9E115D8B754A006A146F9A62AD7BA4B9426AA6A6A68A7FC0FEEE77BF7B6E6EAEEC49D19D58A704A046F1A629D6BA479A2B24657575B5F1BDA8DEF5AE77552A95B2A74617629D12801AC59BA658EB1E69AE9094AF7CE52BD5ECFEBEF7BDAF96E3DFF39EF72C2E2E963D35BA10EB9400D428DE34C55AF7487385A47CEB5BDF7AFBDBDF3E3636B663C78EBCADEC5CF78E77BC438E8F25D62901A851BC698AB5EE91E60AA9397EFCF8F2F272F6B3B6925FF69635E1C43A2500358A374DB1D63DD25C2159B1DA0A45D60E8252BC698AB5EE91E60AC98AD55628B2761094E24D53AC758F34574856ACB64291B583A0146F9A62AD7BA4B942B262B5158AAC1D04A578D3146BDD23CD159215ABAD5064ED2028C59BA658EB1E69AE90AC586D85226B074129DE34C55AF748738564C56A2B1495B2760E18D83A7594A658EB1E69AE90AC586D85A2F66B37B2914E6EB6E16DFABE93B01DA99D34C55AF748738564C56A2B1475BB764D6FDF6623755F2A7EEAB081AD5041698AB5EE91E60AC98AD55628EA618E6FFA447BAB2F794A1EB648E1A429D6BA479A2B242B565BA1A8ABB56B75E30E9F8F6FBC992307364DF9A429D6BA479A2B242B565BA1A8F3B5AB7B8ABD71236D9E8F2F6EC133F1D013CA274DB1D63DD25C2159B1DA0A451DAE5D5D286FFAAAF70DAFF47C3CF490F24953AC758F34574856ACB64251276BD734BE375EEE24C77B3E1E7A45F9A429D6BA479A2B242B565BA1A8FDDAD545EDA6493D2B44F6F6AFABE9F09B029D5047698AB5EE91E60AC98AD556281AD8DFB9B67A658E83073647EDA429D6BA479A2B242B565BA1A8AC1CDFE64AA0130A274DB1D63DD25C2159B1DA0A45FDCBF11DBE6B4DB77300AA144E9A62AD7BA4B942B262B5158AAC1D04A578D3146BDD23CD159215ABAD5064ED2028C59BA658EB1E69AE90AC586D85226B074129DE34C55AF748738564C56A2B14593B084AF1A629D6BA479A2B242B565BA1C8DA41508A374DB1D63DD25C2159B1DA0A45D60E8252BC698AB5EE91E60AC98AD55628B2761094E24D53AC758F34574856ACB64291B583A0146F9A62AD7BA4B942B262B5158AAC1D04A578D3146BDD23CD159215ABAD5064ED2028C59BA658EB1E69AE90AC586D85226B074129DE34C55AF748738564C56A2B14593B084AF1A629D6BA479A2B242B565BA1C8DA41508A374DB1D63DD25C2159B1DA0A45D60E8252BC698AB5EE91E60AC98AD55628B2761094E24D53AC758F34574856ACB64291B583A0146F9A62AD7BA4B942B262B5158AAC1D04A578D3146BDD23CD159215ABAD5064ED2028C59BA658EB1E69AE90AC586D85226B074129DE34C55AF748738564C56A2B14593B084AF1A629D6BA479A2B242B565BA1C8DA41508A374DB1D63DD25C2159B1DA0A45D60E8252BC698AB5EE91E60AC98AD55628B2761094E24D53AC758F34574856ACB64291B583A0146F9A62AD7BA4B942B262B5158AAC1D04A578D3146BDD23CD159215ABAD5064ED2028C59BA658EB1E69AE90AC586D85226B074129DE34C55AF748738564C56A2B14593B084AF1A629D6BA479A2B242B565BA1C8DA41508A374DB1D63DD25C2159B1DA0A45D60E8252BC698AB5EE91E60AC98AD55628B2761094E24D53AC758F34574856ACB64291B583A0146F9A62AD7BA4B942B262B5158AAC1D04A578D3146BDD23CD159215ABAD5064ED2028C59BA658EB1E69AE90AC586D85226B074129DE34C55AF748738564C56A2B14593B084AF1A629D6BA479A2B242B565BA1C8DA41508A374DB1D63DD25C2159B1DA0A45D60E8252BC698AB5EE91E60AC98AD556989F9FCF976C747474626222BFB073E7CEFCE3DBDEF6B6A5A5A5B2A706744AE34D53AC758F34574856ACB6C2D7BEF6B59106D75E7BEDC2C242D953033AA5F1A629D6BA479A2B242B565BA152A95C7AE9A5C510FFFEF7BF7FE7CE9DABABAB654F0DE894C69BA658EB1E69AE90AC586D85DCE73FFFF937BFF9CDB51CFFD9CF7E767676B6EC49015DD078D3146BDD23CD159215ABAD5075C515575443FC75D75D37363656A954CA9E11D0058D374DB1D63DD25C2159B1DA0A55DFFCE6372FB9E4927CED262727BD321EC2D178D3146BDD23CD159215ABAD50F3C10F7EB09AE3CB9E08D0358D374DB1D63DD25C2159B1DA0A352B2B2BF9DA79BB498848E34D53AC758F34574856ACB64291B583A0146F9A62AD7BA4B942B262B5956150A954E6E7E7A7A7A7F7ECD9333636D6F86EEE89C8F73D7F04A6A6A6E6E6E6BCEB25746544E34D52AC758F34574856ACB652BA23478EE4F9350FF1B7DD76DBDDF7DCF3C4C99367D7D6D21CF9BEE78FC0E1C387F7EDDB973F26799A2F7B71D8B6B65F9BDA7E7B442762AD7BA4B942B262B59512ADAEAECECCCCECDDBBF7E9679E3EBB76D6288EE79E7F2E4FF3F983B3B2B252F64251A60D7F8DD3C9CD36BC4D79FBD733DB632FE856AC758F34574856ACB652963CC44F4C4C7CF5D6AF9C5D3B63B41A77DC79C7D5575FBDBCBC5CF67231449A7698366DA7EE4BC54FB753B3DA4EFB42E762AD7BA4B942B262B595B2CCCCCCAC87F8578DF6E3EE7BBE7ECD35FFB8ECE56288B4C9F14D9F686FF5A56DF694FC36D8053621D6BA479A2B242B565B29C5912347F6EEFDD0DAB98AD1C9F8EDDFF9D737DDF4BB652F1A43A1557BE9F0F9F8C69B6D9B7EB56D7684AEC45AF748738564C56A2B8357A954C6C6C69E797679EDDC2B4627E3D4E99FEEDAF57E6F6C4FDD53EC755FCADA3E1F5FDCC2367B26BE6ADBEC085D89B5EE91E60AC98AD556066F6E6E6E666666EDDCCBB571EDE43FDBF097FE55C57B25356EBAE9DFCFCECE96BD7494A92E94D7F599A6F9BE698E6FBAD96D60DBEC085D89B5EE91E60AC98AD556066F6A6AEAF0EDFFFBE721FE437BFF36CB9E3A9FFD602DFBEE99ECD133D943A7CE1DBAFD1B7FFEEC8B0F9CCDFE6F257BA092DDFB72F6F557B33FB8F7B14FEFFF4CE991BA94F1F0B1A3131313652F1DA5691ADF1B2F7792E33D1FCF76126BDD23CD159215ABAD0CDEF8F8F889138FAC9D3B5D1DF9C3752ACB4E5FC85E3C97FDE46CF67296FDAB7FF3859137BE7DF787A69E5DCB9E3E933DFD6AB65CC99E3897FDC95F3DBAFE94FCE904C7A9D32F8C8E8E96BD7494A02E6A374DEA5921B2B77F5D4DABED6C03DB6F8FE844AC758F34574856ACB632783B76EC78FE8567D7CE9DAA8EFCE17AF97C76E6FCC52F9DBB70F1E39FDEF57FFEFE3FF887FFF68BBF772ECB5E3A97BDB896FD642D5BCDB2AF3FF8EDF51C7F2ACDE1B822DBDADFB9B67A65CEF638B4B6C75ED0AD58EB1E69AE90AC586D65F0D6B3F84BB5917F7AFA5CF6C22BD9D9F3AFDD607575F53F7FF98F7EF73F7DF9E91F5EFC17486B17B2B3EBF9FEFE871FADBB6F52C37145D6D31CDFE6CA88B6C12EB009B1D63DD25C2159B1DACAE0AD67F1FF571B1773FCF9ECB997B31F9DCAD6B2ECEC9933E3575D3532F2A69191D18FFEC6BEE21D1F3AF648DD7D931A8E2BB22E737CAB57D774F8DA9B58B6C12EB009B1D63DD25C2159B1DACAE0AD67F1176BA3FABA9A175EC97EF852F6E357B3874EFCF515575CF1A637BFE5AD97FFC2F4C75F97E31F7CF858DD7D931A8E2B684381A429D6BA479A2B242B565B19BCF52CBE5A1BF9A7AF5CC87E52B9F87CFC73AF66F73CB8F4BE5D1FF885BFF78ECB77FC9D3FFAEF7FF26A969D3A93BD7CE6E21DEF3DFA60DD7D931A8E2B6865656565E7CE9D65CF8212C46A8C91E60AC98AD556062F7F7CCE9DFB696D541FAE3CCABFB896FDF46CF6C397D6EE7F6C79D73FFA956BFFC93FFDF199EC4795ECC795EC8533599EE4EF7DE0C1BAFB26351C57D0CAF2F2F2D8D858D9B3A004B11A63A4B942B262B595C1ABCBE27BAEBDE6DBDFFBC1438F2D1D3DBE74DFB1A5FB1E79FCFE6F9FFC8B07BEFB578F3DF9CD638F7FEBD8F7EF7BE4FB471F7DFCB11FFCCDCDFFF5D68F5DF7B1D2F3B41C0FC3E6C8912393939365CF8212C46A8C91E60AC98AD556066F3DC7FFA4387EF3373FD3F8BED78DFEC5473F5A77C7A486E30A5A39B0AEEC595082588D31D25C2159B1DACAE0ADE7F8178C6E87E30A5A999C9C3C72E448D9B3A004B11A63A4B942B262B595C1BB98E3CF3F6F743B1C57D0D4CACACAD8D858A552297B22942056638C34574856ACB63278EB39FE39A3DBE1B882A60E1D3A74C30D37943D0BCA11AB31469A2B242B565B19BCF51CFF63A3DBE1B88246954A656C6C6C6565A5EC89508E588D31D25C2159B1DACAE0ADE7F81F19DD0EC715349A9999999B9B2B7B16942656638C34574856ACB63278EB397EC5E876B43AAEE6E7E797979707BB8630140E1D3AB47FFFFEB2674199629D7023CD159215ABAD0C9E1CDF931CBFBABAFAF18F7FBCFA8E9CEF7CE73B45799252A9546666668478629D7023CD159215ABAD0CDE7A8EFFDBDE8EE2369BBEF77C9B1B77B8D93657F6638F9A7EDFDA6378CB2DB78C8E8E56772DBFB073E74EAF0F2611F94FB0870E1D1A1B1BF3721AB26827DC48738564C56A2B83973F3EE7CFFFB0E7A3B6D9C6ED57AF690CF77557B6D966871B6CB59D5EED60FEE82D2D2DFDF22FFF72F1DBEDDEBDDB7FA467DB5B5C5C3C78F0E0D4D4547EB4DF70C30D7E70A52AD60937D25C2159B1DACAE0AD27DD67FB376ADB6F75A1F6B1F106B5EB5B04F40DBE63BFF76BCF9E3D6DA607DB587EF0CFCECE2E2C2CACAEAE96DDC3182223A14EB891E60AC98AD556066FE462EA7DA67FA3BAFDDAE9BF764DF1CABA2F15A7D4C9E5E2958DDBECDF7EE58FDEF2F2F2AFFFFAAFFFE22FFE62ED3B5E76D96513131365AF2A4009629D7023CD159215ABAD0CDE7AD87DBAB7E36719FAB5CBAD2ED46E59774DDDA6DA5FAEBB7BE316FA348AC7D5912347AEBCF2CA77BDEB5DD5C95C7AE9A5FE992590A05827DC48738564C56A2B83B79E7AFFA6E7A3B6D9A6BF942FDEA6D5C736772F6EA478AFF637EBF90E161FC63CB81F3870E0DDEF7EF7C4C444FEF1F8F1E3652D284059629D7023CD159215ABAD0CDE00727CD32F35DEA0319AB7BAB2931B37FDD6FDCBF155CBCBCB7373730B0B0B835F4780D2C53AE1469A2B242B565B19BCF5B0FB54CF476DB3D50B8567C7EBAF69FD3CFAEBB6D3C9E5561BE9D30E96BD7400C32556638C34574856ACB6327817C3EE85E59E8FDA66AB171A3FB6BA7DE3F52D837E8BEFB5E1367BB583652F1DC07089D51823CD159215ABAD0CDE7AD87DB2E7E36751FBC9DAC7BA6B6A372BDEBE78B3BA1B7472B959D6EFFDAED5BE57D94B07305C6235C648738564C56A2B83B71E76FFBAE7A3B6D9C6ED17AF6973B336DB6CBCBEFAA5BA1BF469D76A1B2F7BE900864BACC61869AE90AC586D65F0D6C3EEC93E8DBA8D179E26FFF9E5D62F9BD9606B8DD7176FD06A233DDCB5B2970E60B8C46A8C91E60AC98AD556066F3DEC3E61743B1C5700756235C648738564C56A2B83B79EE37F60743B1C5700756235C648738564C56A2B8327C7CBF1003D11AB31469A2B242B565B19BCFCF1B970E171A3DBE1B802A813AB31469A2B242B565B19BCF51CFF7DA3DBE1B802A813AB31469A2B242B565B19BCF51CBF64743B1C5700756235C648738564C56A2B83B79EE3BF67743B1C5700756235C648738564C56A2B83373A3AFACA2B8F5CB8F05DA3ABE1B802A813AB31469A2B242B565B19BCB1B1B1279FFCF30B174E185D0DC715409D588D31D25C2159B1DACAE04D4E4EFED9915B2E64DF313A1FDF5BFAD3F1F1F1B2970E60B8C43AE1469A2B242B565B19BC83070FCECE7EB2F4641C6BFCF1DC17676666CA5E3A80E112EB841B69AE90AC586D65F0969797C7C77FE995CA4317B2C78C0EC7D4D407171616CA5E3A80E112EB841B69AE90AC586DA514072EDA7F21FBB6D1C9F85FF3FF717A7AB2EC4503183AB14EB891E60AC98AD5564A51A954F6ECF995A347FF47963D6AB41F2B2BF78C8FFFD2EAEABD652F1AC0D08975C28D34574856ACB65296A5A5A58989AB969616B2ECB8D16AE4213EFF816771F12B652F17C0308A75C28D34574856ACB652A2A3478FE651FEE0C17F99658F188D6361E14BE3E3638B8BFFADEC85021852B14EB891E60AC98AD556CA55A954666767F6ECF9C0DCDCBF5B59F97A961D335657FF727EFE3F4C4FEF9D9ADA935F2E7B89008657AC136EA4B942B262B59561B0B8B83833F3CF77EEFCBB238C8CECD871D9F4F487F2285FF6B2000CBB915027DC48738564C56A2B14798F768040629D7023CD159215ABAD5064ED000289D5B423CD159215ABAD5064ED000289D5B423CD159215ABAD5064ED000289D5B423CD159215ABAD5064ED000289D5B423CD159215ABAD5064ED000289D5B423CD159215ABAD5064ED000289D5B423CD159215ABAD5064ED000289D5B423CD159215ABAD5064ED000289D5B423CD159215ABAD5064ED000289D5B423CD159215ABAD5064ED000289D5B423CD159215ABAD5064ED000289D5B423CD159215ABAD5064ED000289D5B423CD159215ABAD5064ED000289D5B423CD159215ABAD5064ED000289D5B423CD159215ABAD5064ED000289D5B423CD159215ABAD5064ED000289D5B423CD159215ABAD5064ED000289D5B423CD159215ABAD5064ED000289D5B423CD159215ABAD5064ED000289D5B423CD159215ABAD5064ED000289D5B423CD159215ABAD5064ED000289D5B423CD159215ABAD5064ED000289D5B423CD159215ABAD5064ED000289D5B423CD159215ABAD5064ED000289D5B423CD159215ABAD5064ED000289D5B423CD159215ABAD5064ED000289D5B423CD159215ABAD5064ED000289D5B423CD159215ABAD5064ED000289D5B423CD159215ABAD5064ED000289D5B423CD159215ABAD5064ED000289D5B423CD159215ABAD5064ED000289D5B423CD159215ABAD5064ED000289D5B423CD159215ABAD5064ED000289D5B423CD159215ABAD5064ED000289D5B423CD159215ABAD5064ED000289D5B423CD159215ABAD5064ED000289D5B423CD159215ABAD5064ED000289D5B423CD159215ABAD5064ED000289D5B423CD159215ABAD5064ED000289D5B423CD159215ABAD5064ED000289D5B423CD159215ABAD5064ED000289D5B423CD159215ABAD5064ED000289D5B423CD159215ABAD5064ED000289D5B423CD159215ABAD5064ED000289D5B423CD159215ABAD5064ED000289D5B423CD159215ABAD5064ED000289D5B423CD159215ABAD5064ED000289D5B423CD159215ABAD5064ED000289D5B423CD159215ABAD5064ED000289D5B423CD159215ABAD5064ED000289D5B423CD159215ABAD5064ED000289D5B423CD159215ABAD5064ED000289D5B423CD159215ABAD5064ED000289D5B423CD159215ABAD5064ED000289D5B423CD159215ABAD5064ED000289D5B423CD1592D5ABB63252D0C9B7D8CA95B15A61FF781CA02B7525D3BE823AACAF3637AB7E69E4F53A9B29DB53AC0320D25C21599B6E2B9D9C9C1A6FB3E1EDDB5C3FD2C2E6E61FD4FCFC7CBECBA3A3A3131313F9859D3B77E61FDFF6B6B72D2D2D953D351876ED737CAB0E53D7C13AD96CB13515BF9A5ABFA24EAC0320D25C21593D692B9D6FA4F196EDCF9A5BFC76DBCFD7BEF6B5C607EADA6BAF5D5858287B6A30D48AC1BA936ED3AACF8C74F6B4821C4FA3580740A4B942B236D756DA84EFF64F4435CDF11B5E6EF37D3731F9D02A95CAA5975E5A7C04DEFFFEF7EFDCB9737575B5ECA9C1F0EA30556FD8D35A6DB6FD774CB96511F797A80E560860D3E7950EF3775D7CEF24EBD75D6E3CF9257E2EFCFCE73FFFE637BFB9F6307EF6B39F9D9D9D2D7B5230D49AC6E8AD3FADD0F453A99DA2B8BF4475F842005BC9F1ED9FB86A7A7D5DACEF643BC57BB5BF593AAEB8E28AEABE5F77DD75636363954AA5EC194100ADBA53E30D5A5D6ED3DF5A6D4ABF4A5CDC5FA23A5821804D9F573A39F9B5FA6A5727CEACD949B4D5F74AC437BFF9CD4B2EB924DFFDC9C9C9E17F5207864127EDA2553A6FDFE21ABFD4D5BDD8F682FE12D5210B016C25C77772C2ABBB7EEB39DE935B551FFCE007AB39BEEC8940008D8DA87D1BE9A4C3B4EA69B5BB67AD9F832035117F89EA9085007A7276E9E46C57BCDC26EBB7FA79A0E9374AF9D4B8B2B292EFFEF0FFA5140CA1564F1914AF691AD03BB9596382F7D403117F89EA608500367D5EE93C7FB7FAD838810D2FB7F95E094A7CF7A15B8D4F9367AD9F1DD8F0E983CE3B5BE3A72428DC2F511DB21040FF9E8F6F733A6CF54DDB5CDFF4B9B1944F8DABABAB333333C3FF9752300C1A9F62687C3AA0E9D310755F6AD5CDE4783614EE97A80E590860736797364FC6373D5F666DCF709D5FDF74CB09CAE3FB35D75CF3D55B6FDDB3678F280FDDDA4A3B6A75F7A63F06B46F8FA426D6EA479A2B242B565B21FB59887FE8E16367D7CEE51F457980E154A9541616160E1C38303535B5E767262727F36BE6E6E6565656CA9E603BC20104303A3A1AE20FE7A92A86F8EA10E501864D1EDFF3ECBEE1EFAE2726266EB9E596E13C0BCBF110C0D8D8D8F2F272D9B3A0238D215E9407182A8B8B8BBB77EFDE30C117E527E2217C131B391E02989898387EFC78D9B36063AD42BC280F300C2A95CACCCC4CE333EEBFFDDBBF73F8F0ED77DFF38DDAB8F1C62FECDDBBB7EE9653535343D5C3E57808200F7F8B8B8B65CF820DB40FF1A23C40B9565656EA9E86BFFEFACF3D71F2649BA6FDDCF32FFCE1CD37EFDCB9B3F8C4FCF03CB326C7430033333373737365CF82763A09F1A23C4059969797F3085E8BE3939393ED137C5D9ABFF1C62FD4EE3B3A3A7AF4E8D1B277E822391E02C8437C1EE5CB9E052D350DF179D3AF0D511EA044954AA5F84CFC176FBAA9C3045F1CB7DDF63FF3045F7B567E18DECA468E8700969696C6C7C7CB9E05CDB57A26BEF8AB5BCFCA0394687A7ABAD6900F1FBE7D1321BED6BA77ECD851DD4EDEC3CBDE2D391E82F0A7AEC3A9CDCB69DAE778511E6030161616B6F84C7C71DC71E75DB5AD1D3A74A8DC5D93E32186BC59DC70C30D65CF82D769FF9AF80D73BC280F3000131313B5D7C46F31C4D75E3659DDE0CE9D3BCB7D5F79391E62C83BC590BC1A8FAA0DFFB0B5931C2FCA03F4D5FCFC7CED8F539F7EE6D99EE4F8974E9DAEBD834DB94FB1C9F110C6E2E2E230BC1A8FACB377A7E930C78BF200FD9377D76A1FBEFEFACFF524C457C7576FBDB5BAD91D3B7694B877723C4472E0C001AFAE295D876F31D9798E17E501FA216FAAB53EDCAB27E36BE3CA2BC7AA5B2EF11FBCC8F110CCECECECE4E4A4C05796CEDF27BEAB1C2FCA036CDAFCFCFCF2F272E3F5737373B5F796E96D88CFC7A73FFD99EAC6F3F3F2C0F7F835723CC473E4C891B1B1B103070E78B9FC80751EE23791E34579804D78FCF1C7AB9DF6B2CB2E3B7CF870F14BFBF7EFEFD5DBD4348EBBEFF94675E3BB77EF2E6BDFE57808298F7A798ECFD3FCE4E4647EA1C45FEAA5A3AB10BFB91C2FCA0374AB52A9BCF18D6FAC36DB4B2EB9E4BDEF7D6FEDB9F9FC1459BDFE8E3BEFEA798E7FE2E4C9EAC6F3737159FB2EC7436079F33A72E4489EE36B7FC7439FB40AF1C5FFD4BD39ADFEDBEBAFFDDAAFF564E600039327DA3D3F33353575A060B1A0E74F55D4DE3DA6EAAD6F7DEB273FF9C9FC14597BC7C9CE9F82E96AD4BE636F77A773723CC0C6F2107FF73DDF686CE2FDC8F1D55FD77A6F22209CE5E5E55A585F585828E6F83D05B57F89DAABE8FFABBFFAABC5BE7AF9E597BFE73DEFC93758CBF74F9C3CD98F1C5FDBFEC01EE13A723CC0C68E1F3F9E47F9E79E7F6100393EFF2EF9E9C7BFEF0552B089E8BF09DF3971A21F397E7474548E0708A06994EF798E17E201BA527B73C9F1F1F14F7DEA53F9C7F9F9F9EA976A2F3A6DFA0BD52D8EBC5D57375EE25BC8CBF1009D6AF5AC7CFBD74D8E74FC77AE423C40B79E7AEAA9D1D1D1C9C9C9B1B1B1D9D9D9E22B70666666AA4DF80F6FBEB9E739FE3B274E54373E313151D6BECBF1005DE83CCA779BE3857880CD595858989B9B6B7C0BF983070F569BF0BE7D9FE8798EFFE24D3755373E3D3D5DC64E5F24C70374A7C328DF558E17E2017A6E6969A9F6D297974E9DEE6D8ECF4F04D58DE73F4294B583723C40D73A89F29DE778211EA04FC6C6C6AA7DF8F0E1DB7B18E26B6F1E3FB2FEC6C465ED9D1C0FB0191B46F90E73BC100FD03FB3B3B3D53EBC6BD7AE1E3E25FFE18F7CA4BAD9A9A9A912F74E8E07D8A4F651BE931C2FC403F4D5EAEA6AED5DDEBF78D34D3D09F1F7DE777FADBD97DBC0E57880CD6B13E537CCF1423CC0001C3A74A8DA8A474747B7FE06944F9C3C59FBC160FFFEFDE5EE9A1C0FB025ADA27CFB1C2FC4030CCCEEDDBBABDD388FE05BF9DFAE2F9D3ABD6BD7AEDAA6565656CADD2F391E60AB5AFD8BA8DA10E2014AB4BCBC5CFB8FB079FE7EE8E1639B08F14F3FF36C2DC48F8E8E2E2E2E96BD5B723C402F74FEBEF2423CC0E0E5B1BBF63BD23C8577FB9FA1EEBDEFFEDACB6972870E1D2A7B872E92E3017AA393282FC40394656161A1F6AC7CF51D6CEEB8F3AE4E9E86FFD875D7155F2A3924213E93E3017AA87D9417E201CAB5B4B4343E3E5E0CE5799ABFF1C62F7CE7C489C6F8FE8737DFBC77EFDEE28DF31F0386E1E53435723C402FB58AF2423CC030585D5D3D70E0C0E8E8E84833575F7D75AB2F4D4F4F97FE87AD75E478801E6B8CF2423CC050C913F9CCCC4CD3BCDE286FE0478F1E2D7BCA4DC8F100BD578CF2423CC070AA542AF3F3F379A09F9898A8CBEE636363535353B7DC72CBB03D075F24C703F44535CA3F71F2A4100F403FC8F100FD92C7F7B1B131211E807E90E30100201E391E0000E291E30100201E391E0000E291E30100201E391E0000E2F9FF94017BFA1D7A5C220000000049454E44AE426082, '0');

-- ----------------------------
-- Table structure for `act_ge_property`
-- ----------------------------
DROP TABLE IF EXISTS `act_ge_property`;
CREATE TABLE `act_ge_property` (
  `NAME_` varchar(64) COLLATE utf8_bin NOT NULL,
  `VALUE_` varchar(300) COLLATE utf8_bin DEFAULT NULL,
  `REV_` int(11) DEFAULT NULL,
  PRIMARY KEY (`NAME_`)
) ENGINE=InnoDB DEFAULT CHARSET=utf8 COLLATE=utf8_bin;

-- ----------------------------
-- Records of act_ge_property
-- ----------------------------
INSERT INTO `act_ge_property` VALUES ('cfg.execution-related-entities-count', 'false', '1');
INSERT INTO `act_ge_property` VALUES ('next.dbid', '10001', '5');
INSERT INTO `act_ge_property` VALUES ('schema.history', 'create(6.0.0.4)', '1');
INSERT INTO `act_ge_property` VALUES ('schema.version', '6.0.0.4', '1');

-- ----------------------------
-- Table structure for `act_hi_actinst`
-- ----------------------------
DROP TABLE IF EXISTS `act_hi_actinst`;
CREATE TABLE `act_hi_actinst` (
  `ID_` varchar(64) COLLATE utf8_bin NOT NULL,
  `PROC_DEF_ID_` varchar(64) COLLATE utf8_bin NOT NULL,
  `PROC_INST_ID_` varchar(64) COLLATE utf8_bin NOT NULL,
  `EXECUTION_ID_` varchar(64) COLLATE utf8_bin NOT NULL,
  `ACT_ID_` varchar(255) COLLATE utf8_bin NOT NULL,
  `TASK_ID_` varchar(64) COLLATE utf8_bin DEFAULT NULL,
  `CALL_PROC_INST_ID_` varchar(64) COLLATE utf8_bin DEFAULT NULL,
  `ACT_NAME_` varchar(255) COLLATE utf8_bin DEFAULT NULL,
  `ACT_TYPE_` varchar(255) COLLATE utf8_bin NOT NULL,
  `ASSIGNEE_` varchar(255) COLLATE utf8_bin DEFAULT NULL,
  `START_TIME_` datetime(3) NOT NULL,
  `END_TIME_` datetime(3) DEFAULT NULL,
  `DURATION_` bigint(20) DEFAULT NULL,
  `DELETE_REASON_` varchar(4000) COLLATE utf8_bin DEFAULT NULL,
  `TENANT_ID_` varchar(255) COLLATE utf8_bin DEFAULT '',
  PRIMARY KEY (`ID_`),
  KEY `ACT_IDX_HI_ACT_INST_START` (`START_TIME_`),
  KEY `ACT_IDX_HI_ACT_INST_END` (`END_TIME_`),
  KEY `ACT_IDX_HI_ACT_INST_PROCINST` (`PROC_INST_ID_`,`ACT_ID_`),
  KEY `ACT_IDX_HI_ACT_INST_EXEC` (`EXECUTION_ID_`,`ACT_ID_`)
) ENGINE=InnoDB DEFAULT CHARSET=utf8 COLLATE=utf8_bin;

-- ----------------------------
-- Records of act_hi_actinst
-- ----------------------------
INSERT INTO `act_hi_actinst` VALUES ('5011', 'contract:1:5004', '5005', '5010', 'startevent1', null, null, 'Start', 'startEvent', null, '2018-10-24 15:39:14.382', '2018-10-24 15:39:14.383', '1', null, '');
INSERT INTO `act_hi_actinst` VALUES ('5012', 'contract:1:5004', '5005', '5010', 'deptLeaderAudit', '5013', null, '财务经理审批', 'userTask', 'JaYi', '2018-10-24 15:39:14.385', '2018-10-24 15:40:13.062', '58677', null, '');
INSERT INTO `act_hi_actinst` VALUES ('5016', 'contract:1:5004', '5005', '5010', 'exclusivegateway1', null, null, 'Exclusive Gateway', 'exclusiveGateway', null, '2018-10-24 15:40:13.062', '2018-10-24 15:40:13.063', '1', null, '');
INSERT INTO `act_hi_actinst` VALUES ('5017', 'contract:1:5004', '5005', '5010', 'managerAudit', '5018', null, '经理审批', 'userTask', 'WangJun', '2018-10-24 15:40:13.063', '2018-10-24 15:41:23.965', '70902', null, '');
INSERT INTO `act_hi_actinst` VALUES ('5021', 'contract:1:5004', '5005', '5010', 'exclusivegateway2', null, null, 'Exclusive Gateway', 'exclusiveGateway', null, '2018-10-24 15:41:23.965', '2018-10-24 15:41:23.969', '4', null, '');
INSERT INTO `act_hi_actinst` VALUES ('5022', 'contract:1:5004', '5005', '5010', 'confirm', '5023', null, '业务员确认', 'userTask', 'LiSi', '2018-10-24 15:41:23.970', '2018-10-24 15:41:49.932', '25962', null, '');
INSERT INTO `act_hi_actinst` VALUES ('5025', 'contract:1:5004', '5005', '5010', 'endevent1', null, null, 'End', 'endEvent', null, '2018-10-24 15:41:49.932', '2018-10-24 15:41:49.932', '0', null, '');
INSERT INTO `act_hi_actinst` VALUES ('7507', 'contract:1:5004', '7501', '7506', 'startevent1', null, null, 'Start', 'startEvent', null, '2018-10-24 15:48:56.795', '2018-10-24 15:48:56.795', '0', null, '');
INSERT INTO `act_hi_actinst` VALUES ('7508', 'contract:1:5004', '7501', '7506', 'deptLeaderAudit', '7509', null, '财务经理审批', 'userTask', 'JaYi', '2018-10-24 15:48:56.796', null, null, null, '');

-- ----------------------------
-- Table structure for `act_hi_attachment`
-- ----------------------------
DROP TABLE IF EXISTS `act_hi_attachment`;
CREATE TABLE `act_hi_attachment` (
  `ID_` varchar(64) COLLATE utf8_bin NOT NULL,
  `REV_` int(11) DEFAULT NULL,
  `USER_ID_` varchar(255) COLLATE utf8_bin DEFAULT NULL,
  `NAME_` varchar(255) COLLATE utf8_bin DEFAULT NULL,
  `DESCRIPTION_` varchar(4000) COLLATE utf8_bin DEFAULT NULL,
  `TYPE_` varchar(255) COLLATE utf8_bin DEFAULT NULL,
  `TASK_ID_` varchar(64) COLLATE utf8_bin DEFAULT NULL,
  `PROC_INST_ID_` varchar(64) COLLATE utf8_bin DEFAULT NULL,
  `URL_` varchar(4000) COLLATE utf8_bin DEFAULT NULL,
  `CONTENT_ID_` varchar(64) COLLATE utf8_bin DEFAULT NULL,
  `TIME_` datetime(3) DEFAULT NULL,
  PRIMARY KEY (`ID_`)
) ENGINE=InnoDB DEFAULT CHARSET=utf8 COLLATE=utf8_bin;

-- ----------------------------
-- Records of act_hi_attachment
-- ----------------------------

-- ----------------------------
-- Table structure for `act_hi_comment`
-- ----------------------------
DROP TABLE IF EXISTS `act_hi_comment`;
CREATE TABLE `act_hi_comment` (
  `ID_` varchar(64) COLLATE utf8_bin NOT NULL,
  `TYPE_` varchar(255) COLLATE utf8_bin DEFAULT NULL,
  `TIME_` datetime(3) NOT NULL,
  `USER_ID_` varchar(255) COLLATE utf8_bin DEFAULT NULL,
  `TASK_ID_` varchar(64) COLLATE utf8_bin DEFAULT NULL,
  `PROC_INST_ID_` varchar(64) COLLATE utf8_bin DEFAULT NULL,
  `ACTION_` varchar(255) COLLATE utf8_bin DEFAULT NULL,
  `MESSAGE_` varchar(4000) COLLATE utf8_bin DEFAULT NULL,
  `FULL_MSG_` longblob,
  PRIMARY KEY (`ID_`)
) ENGINE=InnoDB DEFAULT CHARSET=utf8 COLLATE=utf8_bin;

-- ----------------------------
-- Records of act_hi_comment
-- ----------------------------

-- ----------------------------
-- Table structure for `act_hi_detail`
-- ----------------------------
DROP TABLE IF EXISTS `act_hi_detail`;
CREATE TABLE `act_hi_detail` (
  `ID_` varchar(64) COLLATE utf8_bin NOT NULL,
  `TYPE_` varchar(255) COLLATE utf8_bin NOT NULL,
  `PROC_INST_ID_` varchar(64) COLLATE utf8_bin DEFAULT NULL,
  `EXECUTION_ID_` varchar(64) COLLATE utf8_bin DEFAULT NULL,
  `TASK_ID_` varchar(64) COLLATE utf8_bin DEFAULT NULL,
  `ACT_INST_ID_` varchar(64) COLLATE utf8_bin DEFAULT NULL,
  `NAME_` varchar(255) COLLATE utf8_bin NOT NULL,
  `VAR_TYPE_` varchar(255) COLLATE utf8_bin DEFAULT NULL,
  `REV_` int(11) DEFAULT NULL,
  `TIME_` datetime(3) NOT NULL,
  `BYTEARRAY_ID_` varchar(64) COLLATE utf8_bin DEFAULT NULL,
  `DOUBLE_` double DEFAULT NULL,
  `LONG_` bigint(20) DEFAULT NULL,
  `TEXT_` varchar(4000) COLLATE utf8_bin DEFAULT NULL,
  `TEXT2_` varchar(4000) COLLATE utf8_bin DEFAULT NULL,
  PRIMARY KEY (`ID_`),
  KEY `ACT_IDX_HI_DETAIL_PROC_INST` (`PROC_INST_ID_`),
  KEY `ACT_IDX_HI_DETAIL_ACT_INST` (`ACT_INST_ID_`),
  KEY `ACT_IDX_HI_DETAIL_TIME` (`TIME_`),
  KEY `ACT_IDX_HI_DETAIL_NAME` (`NAME_`),
  KEY `ACT_IDX_HI_DETAIL_TASK_ID` (`TASK_ID_`)
) ENGINE=InnoDB DEFAULT CHARSET=utf8 COLLATE=utf8_bin;

-- ----------------------------
-- Records of act_hi_detail
-- ----------------------------

-- ----------------------------
-- Table structure for `act_hi_identitylink`
-- ----------------------------
DROP TABLE IF EXISTS `act_hi_identitylink`;
CREATE TABLE `act_hi_identitylink` (
  `ID_` varchar(64) COLLATE utf8_bin NOT NULL,
  `GROUP_ID_` varchar(255) COLLATE utf8_bin DEFAULT NULL,
  `TYPE_` varchar(255) COLLATE utf8_bin DEFAULT NULL,
  `USER_ID_` varchar(255) COLLATE utf8_bin DEFAULT NULL,
  `TASK_ID_` varchar(64) COLLATE utf8_bin DEFAULT NULL,
  `PROC_INST_ID_` varchar(64) COLLATE utf8_bin DEFAULT NULL,
  PRIMARY KEY (`ID_`),
  KEY `ACT_IDX_HI_IDENT_LNK_USER` (`USER_ID_`),
  KEY `ACT_IDX_HI_IDENT_LNK_TASK` (`TASK_ID_`),
  KEY `ACT_IDX_HI_IDENT_LNK_PROCINST` (`PROC_INST_ID_`)
) ENGINE=InnoDB DEFAULT CHARSET=utf8 COLLATE=utf8_bin;

-- ----------------------------
-- Records of act_hi_identitylink
-- ----------------------------
INSERT INTO `act_hi_identitylink` VALUES ('5006', null, 'starter', 'LiSi', null, '5005');
INSERT INTO `act_hi_identitylink` VALUES ('5014', null, 'participant', 'JaYi', null, '5005');
INSERT INTO `act_hi_identitylink` VALUES ('5019', null, 'participant', 'WangJun', null, '5005');
INSERT INTO `act_hi_identitylink` VALUES ('7502', null, 'starter', 'LiSi', null, '7501');
INSERT INTO `act_hi_identitylink` VALUES ('7510', null, 'participant', 'JaYi', null, '7501');

-- ----------------------------
-- Table structure for `act_hi_procinst`
-- ----------------------------
DROP TABLE IF EXISTS `act_hi_procinst`;
CREATE TABLE `act_hi_procinst` (
  `ID_` varchar(64) COLLATE utf8_bin NOT NULL,
  `PROC_INST_ID_` varchar(64) COLLATE utf8_bin NOT NULL,
  `BUSINESS_KEY_` varchar(255) COLLATE utf8_bin DEFAULT NULL,
  `PROC_DEF_ID_` varchar(64) COLLATE utf8_bin NOT NULL,
  `START_TIME_` datetime(3) NOT NULL,
  `END_TIME_` datetime(3) DEFAULT NULL,
  `DURATION_` bigint(20) DEFAULT NULL,
  `START_USER_ID_` varchar(255) COLLATE utf8_bin DEFAULT NULL,
  `START_ACT_ID_` varchar(255) COLLATE utf8_bin DEFAULT NULL,
  `END_ACT_ID_` varchar(255) COLLATE utf8_bin DEFAULT NULL,
  `SUPER_PROCESS_INSTANCE_ID_` varchar(64) COLLATE utf8_bin DEFAULT NULL,
  `DELETE_REASON_` varchar(4000) COLLATE utf8_bin DEFAULT NULL,
  `TENANT_ID_` varchar(255) COLLATE utf8_bin DEFAULT '',
  `NAME_` varchar(255) COLLATE utf8_bin DEFAULT NULL,
  PRIMARY KEY (`ID_`),
  UNIQUE KEY `PROC_INST_ID_` (`PROC_INST_ID_`),
  KEY `ACT_IDX_HI_PRO_INST_END` (`END_TIME_`),
  KEY `ACT_IDX_HI_PRO_I_BUSKEY` (`BUSINESS_KEY_`)
) ENGINE=InnoDB DEFAULT CHARSET=utf8 COLLATE=utf8_bin;

-- ----------------------------
-- Records of act_hi_procinst
-- ----------------------------
INSERT INTO `act_hi_procinst` VALUES ('5005', '5005', '1', 'contract:1:5004', '2018-10-24 15:39:14.378', '2018-10-24 15:41:50.077', '155699', 'LiSi', 'startevent1', 'endevent1', null, null, '', null);
INSERT INTO `act_hi_procinst` VALUES ('7501', '7501', '2', 'contract:1:5004', '2018-10-24 15:48:56.726', null, null, 'LiSi', 'startevent1', null, null, null, '', null);

-- ----------------------------
-- Table structure for `act_hi_taskinst`
-- ----------------------------
DROP TABLE IF EXISTS `act_hi_taskinst`;
CREATE TABLE `act_hi_taskinst` (
  `ID_` varchar(64) COLLATE utf8_bin NOT NULL,
  `PROC_DEF_ID_` varchar(64) COLLATE utf8_bin DEFAULT NULL,
  `TASK_DEF_KEY_` varchar(255) COLLATE utf8_bin DEFAULT NULL,
  `PROC_INST_ID_` varchar(64) COLLATE utf8_bin DEFAULT NULL,
  `EXECUTION_ID_` varchar(64) COLLATE utf8_bin DEFAULT NULL,
  `NAME_` varchar(255) COLLATE utf8_bin DEFAULT NULL,
  `PARENT_TASK_ID_` varchar(64) COLLATE utf8_bin DEFAULT NULL,
  `DESCRIPTION_` varchar(4000) COLLATE utf8_bin DEFAULT NULL,
  `OWNER_` varchar(255) COLLATE utf8_bin DEFAULT NULL,
  `ASSIGNEE_` varchar(255) COLLATE utf8_bin DEFAULT NULL,
  `START_TIME_` datetime(3) NOT NULL,
  `CLAIM_TIME_` datetime(3) DEFAULT NULL,
  `END_TIME_` datetime(3) DEFAULT NULL,
  `DURATION_` bigint(20) DEFAULT NULL,
  `DELETE_REASON_` varchar(4000) COLLATE utf8_bin DEFAULT NULL,
  `PRIORITY_` int(11) DEFAULT NULL,
  `DUE_DATE_` datetime(3) DEFAULT NULL,
  `FORM_KEY_` varchar(255) COLLATE utf8_bin DEFAULT NULL,
  `CATEGORY_` varchar(255) COLLATE utf8_bin DEFAULT NULL,
  `TENANT_ID_` varchar(255) COLLATE utf8_bin DEFAULT '',
  PRIMARY KEY (`ID_`),
  KEY `ACT_IDX_HI_TASK_INST_PROCINST` (`PROC_INST_ID_`)
) ENGINE=InnoDB DEFAULT CHARSET=utf8 COLLATE=utf8_bin;

-- ----------------------------
-- Records of act_hi_taskinst
-- ----------------------------
INSERT INTO `act_hi_taskinst` VALUES ('5013', 'contract:1:5004', 'deptLeaderAudit', '5005', '5010', '财务经理审批', null, null, null, 'JaYi', '2018-10-24 15:39:14.390', null, '2018-10-24 15:40:13.059', '58669', null, '50', null, null, null, '');
INSERT INTO `act_hi_taskinst` VALUES ('5018', 'contract:1:5004', 'managerAudit', '5005', '5010', '经理审批', null, null, null, 'WangJun', '2018-10-24 15:40:13.064', null, '2018-10-24 15:41:23.962', '70898', null, '50', null, null, null, '');
INSERT INTO `act_hi_taskinst` VALUES ('5023', 'contract:1:5004', 'confirm', '5005', '5010', '业务员确认', null, null, null, 'LiSi', '2018-10-24 15:41:23.970', null, '2018-10-24 15:41:49.930', '25960', null, '50', null, null, null, '');
INSERT INTO `act_hi_taskinst` VALUES ('7509', 'contract:1:5004', 'deptLeaderAudit', '7501', '7506', '财务经理审批', null, null, null, 'JaYi', '2018-10-24 15:48:56.796', null, null, null, null, '50', null, null, null, '');

-- ----------------------------
-- Table structure for `act_hi_varinst`
-- ----------------------------
DROP TABLE IF EXISTS `act_hi_varinst`;
CREATE TABLE `act_hi_varinst` (
  `ID_` varchar(64) COLLATE utf8_bin NOT NULL,
  `PROC_INST_ID_` varchar(64) COLLATE utf8_bin DEFAULT NULL,
  `EXECUTION_ID_` varchar(64) COLLATE utf8_bin DEFAULT NULL,
  `TASK_ID_` varchar(64) COLLATE utf8_bin DEFAULT NULL,
  `NAME_` varchar(255) COLLATE utf8_bin NOT NULL,
  `VAR_TYPE_` varchar(100) COLLATE utf8_bin DEFAULT NULL,
  `REV_` int(11) DEFAULT NULL,
  `BYTEARRAY_ID_` varchar(64) COLLATE utf8_bin DEFAULT NULL,
  `DOUBLE_` double DEFAULT NULL,
  `LONG_` bigint(20) DEFAULT NULL,
  `TEXT_` varchar(4000) COLLATE utf8_bin DEFAULT NULL,
  `TEXT2_` varchar(4000) COLLATE utf8_bin DEFAULT NULL,
  `CREATE_TIME_` datetime(3) DEFAULT NULL,
  `LAST_UPDATED_TIME_` datetime(3) DEFAULT NULL,
  PRIMARY KEY (`ID_`),
  KEY `ACT_IDX_HI_PROCVAR_PROC_INST` (`PROC_INST_ID_`),
  KEY `ACT_IDX_HI_PROCVAR_NAME_TYPE` (`NAME_`,`VAR_TYPE_`),
  KEY `ACT_IDX_HI_PROCVAR_TASK_ID` (`TASK_ID_`)
) ENGINE=InnoDB DEFAULT CHARSET=utf8 COLLATE=utf8_bin;

-- ----------------------------
-- Records of act_hi_varinst
-- ----------------------------
INSERT INTO `act_hi_varinst` VALUES ('5007', '5005', '5005', null, 'manLeader', 'string', '0', null, null, null, 'WangJun', null, '2018-10-24 15:39:14.379', '2018-10-24 15:39:14.379');
INSERT INTO `act_hi_varinst` VALUES ('5008', '5005', '5005', null, 'deptLeader', 'string', '0', null, null, null, 'JaYi', null, '2018-10-24 15:39:14.379', '2018-10-24 15:39:14.379');
INSERT INTO `act_hi_varinst` VALUES ('5009', '5005', '5005', null, 'applyUserId', 'string', '0', null, null, null, 'LiSi', null, '2018-10-24 15:39:14.379', '2018-10-24 15:39:14.379');
INSERT INTO `act_hi_varinst` VALUES ('5015', '5005', '5005', null, 'deptLeaderPass', 'boolean', '0', null, null, '1', null, null, '2018-10-24 15:40:13.058', '2018-10-24 15:40:13.058');
INSERT INTO `act_hi_varinst` VALUES ('5020', '5005', '5005', null, 'manLeaderPass', 'boolean', '0', null, null, '1', null, null, '2018-10-24 15:41:23.959', '2018-10-24 15:41:23.959');
INSERT INTO `act_hi_varinst` VALUES ('5024', '5005', '5005', null, 'confirmName', 'string', '0', null, null, null, 'LiSi', null, '2018-10-24 15:41:49.903', '2018-10-24 15:41:49.903');
INSERT INTO `act_hi_varinst` VALUES ('7503', '7501', '7501', null, 'manLeader', 'string', '0', null, null, null, 'WangJun', null, '2018-10-24 15:48:56.795', '2018-10-24 15:48:56.795');
INSERT INTO `act_hi_varinst` VALUES ('7504', '7501', '7501', null, 'deptLeader', 'string', '0', null, null, null, 'JaYi', null, '2018-10-24 15:48:56.795', '2018-10-24 15:48:56.795');
INSERT INTO `act_hi_varinst` VALUES ('7505', '7501', '7501', null, 'applyUserId', 'string', '0', null, null, null, 'LiSi', null, '2018-10-24 15:48:56.795', '2018-10-24 15:48:56.795');

-- ----------------------------
-- Table structure for `act_id_group`
-- ----------------------------
DROP TABLE IF EXISTS `act_id_group`;
CREATE TABLE `act_id_group` (
  `ID_` varchar(64) COLLATE utf8_bin NOT NULL,
  `REV_` int(11) DEFAULT NULL,
  `NAME_` varchar(255) COLLATE utf8_bin DEFAULT NULL,
  `TYPE_` varchar(255) COLLATE utf8_bin DEFAULT NULL,
  PRIMARY KEY (`ID_`)
) ENGINE=InnoDB DEFAULT CHARSET=utf8 COLLATE=utf8_bin;

-- ----------------------------
-- Records of act_id_group
-- ----------------------------
INSERT INTO `act_id_group` VALUES ('admin', '1', '管理员', 'security-role');
INSERT INTO `act_id_group` VALUES ('employee', '1', '房产经纪人', null);
INSERT INTO `act_id_group` VALUES ('financeManager', '1', '财务经理', null);
INSERT INTO `act_id_group` VALUES ('generalManager', '1', '经理', null);
INSERT INTO `act_id_group` VALUES ('hrManager', '1', '人事经理', null);

-- ----------------------------
-- Table structure for `act_id_info`
-- ----------------------------
DROP TABLE IF EXISTS `act_id_info`;
CREATE TABLE `act_id_info` (
  `ID_` varchar(64) COLLATE utf8_bin NOT NULL,
  `REV_` int(11) DEFAULT NULL,
  `USER_ID_` varchar(64) COLLATE utf8_bin DEFAULT NULL,
  `TYPE_` varchar(64) COLLATE utf8_bin DEFAULT NULL,
  `KEY_` varchar(255) COLLATE utf8_bin DEFAULT NULL,
  `VALUE_` varchar(255) COLLATE utf8_bin DEFAULT NULL,
  `PASSWORD_` longblob,
  `PARENT_ID_` varchar(255) COLLATE utf8_bin DEFAULT NULL,
  PRIMARY KEY (`ID_`)
) ENGINE=InnoDB DEFAULT CHARSET=utf8 COLLATE=utf8_bin;

-- ----------------------------
-- Records of act_id_info
-- ----------------------------

-- ----------------------------
-- Table structure for `act_id_membership`
-- ----------------------------
DROP TABLE IF EXISTS `act_id_membership`;
CREATE TABLE `act_id_membership` (
  `USER_ID_` varchar(64) COLLATE utf8_bin NOT NULL,
  `GROUP_ID_` varchar(64) COLLATE utf8_bin NOT NULL,
  PRIMARY KEY (`USER_ID_`,`GROUP_ID_`),
  KEY `ACT_FK_MEMB_GROUP` (`GROUP_ID_`),
  CONSTRAINT `ACT_FK_MEMB_GROUP` FOREIGN KEY (`GROUP_ID_`) REFERENCES `act_id_group` (`ID_`),
  CONSTRAINT `ACT_FK_MEMB_USER` FOREIGN KEY (`USER_ID_`) REFERENCES `act_id_user` (`ID_`)
) ENGINE=InnoDB DEFAULT CHARSET=utf8 COLLATE=utf8_bin;

-- ----------------------------
-- Records of act_id_membership
-- ----------------------------
INSERT INTO `act_id_membership` VALUES ('admin', 'admin');
INSERT INTO `act_id_membership` VALUES ('CaiGang', 'employee');
INSERT INTO `act_id_membership` VALUES ('LiSi', 'employee');
INSERT INTO `act_id_membership` VALUES ('WangSan', 'employee');
INSERT INTO `act_id_membership` VALUES ('WangSanSan', 'employee');
INSERT INTO `act_id_membership` VALUES ('WangWu', 'employee');
INSERT INTO `act_id_membership` VALUES ('WuGang', 'employee');
INSERT INTO `act_id_membership` VALUES ('WuLu', 'employee');
INSERT INTO `act_id_membership` VALUES ('WuTian', 'employee');
INSERT INTO `act_id_membership` VALUES ('WuXiaoTian', 'employee');
INSERT INTO `act_id_membership` VALUES ('WuXiaoXiao', 'employee');
INSERT INTO `act_id_membership` VALUES ('WuYiTian', 'employee');
INSERT INTO `act_id_membership` VALUES ('YiGang', 'employee');
INSERT INTO `act_id_membership` VALUES ('ZhangSan', 'employee');
INSERT INTO `act_id_membership` VALUES ('JaYi', 'financeManager');
INSERT INTO `act_id_membership` VALUES ('JiaBai', 'financeManager');
INSERT INTO `act_id_membership` VALUES ('JiaEr', 'financeManager');
INSERT INTO `act_id_membership` VALUES ('JiaJiu', 'financeManager');
INSERT INTO `act_id_membership` VALUES ('JiaQi', 'financeManager');
INSERT INTO `act_id_membership` VALUES ('JiaSan', 'financeManager');
INSERT INTO `act_id_membership` VALUES ('JiaShi', 'financeManager');
INSERT INTO `act_id_membership` VALUES ('JiaSi', 'financeManager');
INSERT INTO `act_id_membership` VALUES ('LeEr', 'financeManager');
INSERT INTO `act_id_membership` VALUES ('LeSan', 'financeManager');
INSERT INTO `act_id_membership` VALUES ('LeSi', 'financeManager');
INSERT INTO `act_id_membership` VALUES ('LeWu', 'financeManager');
INSERT INTO `act_id_membership` VALUES ('LeYi', 'financeManager');
INSERT INTO `act_id_membership` VALUES ('LiJun', 'generalManager');
INSERT INTO `act_id_membership` VALUES ('LiMing', 'generalManager');
INSERT INTO `act_id_membership` VALUES ('LiMingMing', 'generalManager');
INSERT INTO `act_id_membership` VALUES ('LiNan', 'generalManager');
INSERT INTO `act_id_membership` VALUES ('LiYa', 'generalManager');
INSERT INTO `act_id_membership` VALUES ('LiuNanNan', 'generalManager');
INSERT INTO `act_id_membership` VALUES ('LiuXiaoNan', 'generalManager');
INSERT INTO `act_id_membership` VALUES ('WangJun', 'generalManager');
INSERT INTO `act_id_membership` VALUES ('XuanMing', 'generalManager');
INSERT INTO `act_id_membership` VALUES ('YiTian', 'generalManager');
INSERT INTO `act_id_membership` VALUES ('ZhangNan', 'generalManager');
INSERT INTO `act_id_membership` VALUES ('ZhangNanNan', 'generalManager');
INSERT INTO `act_id_membership` VALUES ('ZhangXiaoNan', 'generalManager');
INSERT INTO `act_id_membership` VALUES ('CaiYi', 'hrManager');
INSERT INTO `act_id_membership` VALUES ('GuLi', 'hrManager');
INSERT INTO `act_id_membership` VALUES ('LinGang', 'hrManager');
INSERT INTO `act_id_membership` VALUES ('LinJie', 'hrManager');
INSERT INTO `act_id_membership` VALUES ('LinLi', 'hrManager');
INSERT INTO `act_id_membership` VALUES ('LinLiLi', 'hrManager');
INSERT INTO `act_id_membership` VALUES ('LinTian', 'hrManager');
INSERT INTO `act_id_membership` VALUES ('LinXiao', 'hrManager');
INSERT INTO `act_id_membership` VALUES ('LinXiaoJie', 'hrManager');
INSERT INTO `act_id_membership` VALUES ('LinYiJie', 'hrManager');
INSERT INTO `act_id_membership` VALUES ('LiuJieJie', 'hrManager');
INSERT INTO `act_id_membership` VALUES ('LiuXiaoJie', 'hrManager');
INSERT INTO `act_id_membership` VALUES ('YiLai', 'hrManager');

-- ----------------------------
-- Table structure for `act_id_user`
-- ----------------------------
DROP TABLE IF EXISTS `act_id_user`;
CREATE TABLE `act_id_user` (
  `ID_` varchar(64) COLLATE utf8_bin NOT NULL,
  `REV_` int(11) DEFAULT NULL,
  `FIRST_` varchar(255) COLLATE utf8_bin DEFAULT NULL,
  `LAST_` varchar(255) COLLATE utf8_bin DEFAULT NULL,
  `EMAIL_` varchar(255) COLLATE utf8_bin DEFAULT NULL,
  `PWD_` varchar(255) COLLATE utf8_bin DEFAULT NULL,
  `PICTURE_ID_` varchar(64) COLLATE utf8_bin DEFAULT NULL,
  PRIMARY KEY (`ID_`)
) ENGINE=InnoDB DEFAULT CHARSET=utf8 COLLATE=utf8_bin;

-- ----------------------------
-- Records of act_id_user
-- ----------------------------
INSERT INTO `act_id_user` VALUES ('CaiGang', '1', null, null, null, '4de3551a25d3cc461db6432ae023123f', null);
INSERT INTO `act_id_user` VALUES ('CaiYi', '1', null, null, null, '8dfb7920aa501b8d35641e6243ead6cb', null);
INSERT INTO `act_id_user` VALUES ('GuLi', '1', null, null, null, 'b642ba2271d25d87c833e4c0dc4d7fa', null);
INSERT INTO `act_id_user` VALUES ('JaYi', '1', null, null, null, '88d62ea5c711b13bc970c5c552acfff1', null);
INSERT INTO `act_id_user` VALUES ('JiaBai', '1', null, null, null, '742cbcff067d6990ad22096576df05ca', null);
INSERT INTO `act_id_user` VALUES ('JiaEr', '1', null, null, null, 'cfc390525a66e9a395828660288e5e6e', null);
INSERT INTO `act_id_user` VALUES ('JiaJiu', '1', null, null, null, '47125a5f53a662680b5b863507326ffc', null);
INSERT INTO `act_id_user` VALUES ('JiaQi', '1', null, null, null, 'd971df9441d60af93a87545e6a8f8841', null);
INSERT INTO `act_id_user` VALUES ('JiaSan', '1', null, null, null, 'fbdde2ba4891210f06f0740fc925ce8b', null);
INSERT INTO `act_id_user` VALUES ('JiaShi', '1', null, null, null, '86720af528d24a74fc823bde470678f2', null);
INSERT INTO `act_id_user` VALUES ('JiaSi', '1', null, null, null, 'f14de7b32801584e98e8d3fd09507d68', null);
INSERT INTO `act_id_user` VALUES ('LeEr', '1', null, null, null, 'bb3beafc745ebfe96903a7cf4ed21c02', null);
INSERT INTO `act_id_user` VALUES ('LeSan', '1', null, null, null, 'e6096c2a621b6bf66b317db86505cc66', null);
INSERT INTO `act_id_user` VALUES ('LeSi', '1', null, null, null, 'b4e7d263d16e28f1b9c91fcd230046cd', null);
INSERT INTO `act_id_user` VALUES ('LeWu', '1', null, null, null, '6d9090ec9e0c475a08ab7223f87517b8', null);
INSERT INTO `act_id_user` VALUES ('LeYi', '1', null, null, null, '42934859769752fba46df68374abee29', null);
INSERT INTO `act_id_user` VALUES ('LiJun', '1', null, null, null, 'bc20e54573d2db853852f86802ab83de', null);
INSERT INTO `act_id_user` VALUES ('LiMing', '1', null, null, null, 'dbe83fd8da75338203d4e8dd0e20be17', null);
INSERT INTO `act_id_user` VALUES ('LiMingMing', '1', null, null, null, 'd4172513a29889bb78f644549e99f93f', null);
INSERT INTO `act_id_user` VALUES ('LiNan', '1', null, null, null, 'be33d74fcb297deee4a8f12367baa4de', null);
INSERT INTO `act_id_user` VALUES ('LiSi', '1', null, null, null, 'f2b29623b71270c404b47c5506ca722c', null);
INSERT INTO `act_id_user` VALUES ('LiYa', '1', null, null, null, 'c15dca1dd47bb240c99f7cf6481272a5', null);
INSERT INTO `act_id_user` VALUES ('LinGang', '1', null, null, null, '59b0cfbf19c713dba020a60f547befc0', null);
INSERT INTO `act_id_user` VALUES ('LinJie', '1', null, null, null, '4da9df32f0549fd84e52ca592356f954', null);
INSERT INTO `act_id_user` VALUES ('LinLi', '1', null, null, null, '84e9edb45602671fc0899e2c5a23f482', null);
INSERT INTO `act_id_user` VALUES ('LinLiLi', '1', null, null, null, 'fce832eb92103cf592ad7313f84f4f4b', null);
INSERT INTO `act_id_user` VALUES ('LinTian', '1', null, null, null, '97d6d5f5f9d76393980b1ebcd0d82bb8', null);
INSERT INTO `act_id_user` VALUES ('LinXiao', '1', null, null, null, '8bd77c05192decfa1a28f0261a6041ba', null);
INSERT INTO `act_id_user` VALUES ('LinXiaoJie', '1', null, null, null, '528e9fa60d3359922eb14c4d16611230', null);
INSERT INTO `act_id_user` VALUES ('LinYiJie', '1', null, null, null, '8bcec842ce9c9aa7de8d2801937d78f6', null);
INSERT INTO `act_id_user` VALUES ('LiuJieJie', '1', null, null, null, '3f87e1ae6fd548d201d1bb2da3f4196f', null);
INSERT INTO `act_id_user` VALUES ('LiuNanNan', '1', null, null, null, 'a607a2b0ab25be493ecee22fa2a0dcc7', null);
INSERT INTO `act_id_user` VALUES ('LiuXiaoJie', '1', null, null, null, '7da88bad8b6b606989e3337e8869aead', null);
INSERT INTO `act_id_user` VALUES ('LiuXiaoNan', '1', null, null, null, 'c82686063c6b138a04febe6630d19274', null);
INSERT INTO `act_id_user` VALUES ('WangJun', '1', null, null, null, '2f3ea981fa5a715a69118b48e576a9f5', null);
INSERT INTO `act_id_user` VALUES ('WangSan', '1', null, null, null, 'a04b3767af3058ed349daba19d98247f', null);
INSERT INTO `act_id_user` VALUES ('WangSanSan', '1', null, null, null, '308ada00e527aace24185ac1216864a4', null);
INSERT INTO `act_id_user` VALUES ('WangWu', '1', null, null, null, '56ed1afe5ccf20bc8e455a80ec343bfc', null);
INSERT INTO `act_id_user` VALUES ('WuGang', '1', null, null, null, '6af5eb141ad012670b4eb92a956339a0', null);
INSERT INTO `act_id_user` VALUES ('WuLu', '1', null, null, null, '390eac067bd9e05c4712d6cc8a405890', null);
INSERT INTO `act_id_user` VALUES ('WuTian', '1', null, null, null, '975b5514d989f04215e45ad52cd730f9', null);
INSERT INTO `act_id_user` VALUES ('WuXiaoTian', '1', null, null, null, '8ecacfda1995f3ebb7f7c1f36614d425', null);
INSERT INTO `act_id_user` VALUES ('WuXiaoXiao', '1', null, null, null, '966757a1c2a6e38c7355f0d8d65d157b', null);
INSERT INTO `act_id_user` VALUES ('WuYiTian', '1', null, null, null, '770fffab3e3fe150637ff1c3302e37d6', null);
INSERT INTO `act_id_user` VALUES ('XuanMing', '1', null, null, null, '5fd50b5d1baea5f3e2d1f416618a6a70', null);
INSERT INTO `act_id_user` VALUES ('YiGang', '1', null, null, null, 'be456e160924a64e374766e8893b6eb7', null);
INSERT INTO `act_id_user` VALUES ('YiLai', '1', null, null, null, 'a7884f29233f00fa2da0d925742afd37', null);
INSERT INTO `act_id_user` VALUES ('YiTian', '1', null, null, null, '9f60a994e1b7591bf417a03cfaf7faf4', null);
INSERT INTO `act_id_user` VALUES ('ZhangNan', '1', null, null, null, '50541ce48b62a59478859829bdda8bad', null);
INSERT INTO `act_id_user` VALUES ('ZhangNanNan', '1', null, null, null, 'e375c6d64416244e4f85a7caaca7af13', null);
INSERT INTO `act_id_user` VALUES ('ZhangSan', '1', null, null, null, 'aab4811cffaec3a78c2359cef8c51af4', null);
INSERT INTO `act_id_user` VALUES ('ZhangXiaoNan', '1', null, null, null, 'f7618dd9216b3bb35f9be4ef85389c12', null);
INSERT INTO `act_id_user` VALUES ('admin', '1', null, null, null, '21232f297a57a5a743894a0e4a801fc3', null);

-- ----------------------------
-- Table structure for `act_procdef_info`
-- ----------------------------
DROP TABLE IF EXISTS `act_procdef_info`;
CREATE TABLE `act_procdef_info` (
  `ID_` varchar(64) COLLATE utf8_bin NOT NULL,
  `PROC_DEF_ID_` varchar(64) COLLATE utf8_bin NOT NULL,
  `REV_` int(11) DEFAULT NULL,
  `INFO_JSON_ID_` varchar(64) COLLATE utf8_bin DEFAULT NULL,
  PRIMARY KEY (`ID_`),
  UNIQUE KEY `ACT_UNIQ_INFO_PROCDEF` (`PROC_DEF_ID_`),
  KEY `ACT_IDX_INFO_PROCDEF` (`PROC_DEF_ID_`),
  KEY `ACT_FK_INFO_JSON_BA` (`INFO_JSON_ID_`),
  CONSTRAINT `ACT_FK_INFO_JSON_BA` FOREIGN KEY (`INFO_JSON_ID_`) REFERENCES `act_ge_bytearray` (`ID_`),
  CONSTRAINT `ACT_FK_INFO_PROCDEF` FOREIGN KEY (`PROC_DEF_ID_`) REFERENCES `act_re_procdef` (`ID_`)
) ENGINE=InnoDB DEFAULT CHARSET=utf8 COLLATE=utf8_bin;

-- ----------------------------
-- Records of act_procdef_info
-- ----------------------------

-- ----------------------------
-- Table structure for `act_re_deployment`
-- ----------------------------
DROP TABLE IF EXISTS `act_re_deployment`;
CREATE TABLE `act_re_deployment` (
  `ID_` varchar(64) COLLATE utf8_bin NOT NULL,
  `NAME_` varchar(255) COLLATE utf8_bin DEFAULT NULL,
  `CATEGORY_` varchar(255) COLLATE utf8_bin DEFAULT NULL,
  `KEY_` varchar(255) COLLATE utf8_bin DEFAULT NULL,
  `TENANT_ID_` varchar(255) COLLATE utf8_bin DEFAULT '',
  `DEPLOY_TIME_` timestamp(3) NULL DEFAULT NULL,
  `ENGINE_VERSION_` varchar(255) COLLATE utf8_bin DEFAULT NULL,
  PRIMARY KEY (`ID_`)
) ENGINE=InnoDB DEFAULT CHARSET=utf8 COLLATE=utf8_bin;

-- ----------------------------
-- Records of act_re_deployment
-- ----------------------------
INSERT INTO `act_re_deployment` VALUES ('5001', null, null, null, '', '2018-10-24 15:39:00.179', null);

-- ----------------------------
-- Table structure for `act_re_model`
-- ----------------------------
DROP TABLE IF EXISTS `act_re_model`;
CREATE TABLE `act_re_model` (
  `ID_` varchar(64) COLLATE utf8_bin NOT NULL,
  `REV_` int(11) DEFAULT NULL,
  `NAME_` varchar(255) COLLATE utf8_bin DEFAULT NULL,
  `KEY_` varchar(255) COLLATE utf8_bin DEFAULT NULL,
  `CATEGORY_` varchar(255) COLLATE utf8_bin DEFAULT NULL,
  `CREATE_TIME_` timestamp(3) NULL DEFAULT NULL,
  `LAST_UPDATE_TIME_` timestamp(3) NULL DEFAULT NULL,
  `VERSION_` int(11) DEFAULT NULL,
  `META_INFO_` varchar(4000) COLLATE utf8_bin DEFAULT NULL,
  `DEPLOYMENT_ID_` varchar(64) COLLATE utf8_bin DEFAULT NULL,
  `EDITOR_SOURCE_VALUE_ID_` varchar(64) COLLATE utf8_bin DEFAULT NULL,
  `EDITOR_SOURCE_EXTRA_VALUE_ID_` varchar(64) COLLATE utf8_bin DEFAULT NULL,
  `TENANT_ID_` varchar(255) COLLATE utf8_bin DEFAULT '',
  PRIMARY KEY (`ID_`),
  KEY `ACT_FK_MODEL_SOURCE` (`EDITOR_SOURCE_VALUE_ID_`),
  KEY `ACT_FK_MODEL_SOURCE_EXTRA` (`EDITOR_SOURCE_EXTRA_VALUE_ID_`),
  KEY `ACT_FK_MODEL_DEPLOYMENT` (`DEPLOYMENT_ID_`),
  CONSTRAINT `ACT_FK_MODEL_DEPLOYMENT` FOREIGN KEY (`DEPLOYMENT_ID_`) REFERENCES `act_re_deployment` (`ID_`),
  CONSTRAINT `ACT_FK_MODEL_SOURCE` FOREIGN KEY (`EDITOR_SOURCE_VALUE_ID_`) REFERENCES `act_ge_bytearray` (`ID_`),
  CONSTRAINT `ACT_FK_MODEL_SOURCE_EXTRA` FOREIGN KEY (`EDITOR_SOURCE_EXTRA_VALUE_ID_`) REFERENCES `act_ge_bytearray` (`ID_`)
) ENGINE=InnoDB DEFAULT CHARSET=utf8 COLLATE=utf8_bin;

-- ----------------------------
-- Records of act_re_model
-- ----------------------------

-- ----------------------------
-- Table structure for `act_re_procdef`
-- ----------------------------
DROP TABLE IF EXISTS `act_re_procdef`;
CREATE TABLE `act_re_procdef` (
  `ID_` varchar(64) COLLATE utf8_bin NOT NULL,
  `REV_` int(11) DEFAULT NULL,
  `CATEGORY_` varchar(255) COLLATE utf8_bin DEFAULT NULL,
  `NAME_` varchar(255) COLLATE utf8_bin DEFAULT NULL,
  `KEY_` varchar(255) COLLATE utf8_bin NOT NULL,
  `VERSION_` int(11) NOT NULL,
  `DEPLOYMENT_ID_` varchar(64) COLLATE utf8_bin DEFAULT NULL,
  `RESOURCE_NAME_` varchar(4000) COLLATE utf8_bin DEFAULT NULL,
  `DGRM_RESOURCE_NAME_` varchar(4000) COLLATE utf8_bin DEFAULT NULL,
  `DESCRIPTION_` varchar(4000) COLLATE utf8_bin DEFAULT NULL,
  `HAS_START_FORM_KEY_` tinyint(4) DEFAULT NULL,
  `HAS_GRAPHICAL_NOTATION_` tinyint(4) DEFAULT NULL,
  `SUSPENSION_STATE_` int(11) DEFAULT NULL,
  `TENANT_ID_` varchar(255) COLLATE utf8_bin DEFAULT '',
  `ENGINE_VERSION_` varchar(255) COLLATE utf8_bin DEFAULT NULL,
  PRIMARY KEY (`ID_`),
  UNIQUE KEY `ACT_UNIQ_PROCDEF` (`KEY_`,`VERSION_`,`TENANT_ID_`)
) ENGINE=InnoDB DEFAULT CHARSET=utf8 COLLATE=utf8_bin;

-- ----------------------------
-- Records of act_re_procdef
-- ----------------------------
INSERT INTO `act_re_procdef` VALUES ('contract:1:5004', '1', 'http://www.activiti.org/test', '合同流程', 'contract', '1', '5001', 'contract.bpmn', 'contract.png', '合同演示流程', '0', '1', '1', '', null);

-- ----------------------------
-- Table structure for `act_ru_deadletter_job`
-- ----------------------------
DROP TABLE IF EXISTS `act_ru_deadletter_job`;
CREATE TABLE `act_ru_deadletter_job` (
  `ID_` varchar(64) COLLATE utf8_bin NOT NULL,
  `REV_` int(11) DEFAULT NULL,
  `TYPE_` varchar(255) COLLATE utf8_bin NOT NULL,
  `EXCLUSIVE_` tinyint(1) DEFAULT NULL,
  `EXECUTION_ID_` varchar(64) COLLATE utf8_bin DEFAULT NULL,
  `PROCESS_INSTANCE_ID_` varchar(64) COLLATE utf8_bin DEFAULT NULL,
  `PROC_DEF_ID_` varchar(64) COLLATE utf8_bin DEFAULT NULL,
  `EXCEPTION_STACK_ID_` varchar(64) COLLATE utf8_bin DEFAULT NULL,
  `EXCEPTION_MSG_` varchar(4000) COLLATE utf8_bin DEFAULT NULL,
  `DUEDATE_` timestamp(3) NULL DEFAULT NULL,
  `REPEAT_` varchar(255) COLLATE utf8_bin DEFAULT NULL,
  `HANDLER_TYPE_` varchar(255) COLLATE utf8_bin DEFAULT NULL,
  `HANDLER_CFG_` varchar(4000) COLLATE utf8_bin DEFAULT NULL,
  `TENANT_ID_` varchar(255) COLLATE utf8_bin DEFAULT '',
  PRIMARY KEY (`ID_`),
  KEY `ACT_FK_DEADLETTER_JOB_EXECUTION` (`EXECUTION_ID_`),
  KEY `ACT_FK_DEADLETTER_JOB_PROCESS_INSTANCE` (`PROCESS_INSTANCE_ID_`),
  KEY `ACT_FK_DEADLETTER_JOB_PROC_DEF` (`PROC_DEF_ID_`),
  KEY `ACT_FK_DEADLETTER_JOB_EXCEPTION` (`EXCEPTION_STACK_ID_`),
  CONSTRAINT `ACT_FK_DEADLETTER_JOB_EXCEPTION` FOREIGN KEY (`EXCEPTION_STACK_ID_`) REFERENCES `act_ge_bytearray` (`ID_`),
  CONSTRAINT `ACT_FK_DEADLETTER_JOB_EXECUTION` FOREIGN KEY (`EXECUTION_ID_`) REFERENCES `act_ru_execution` (`ID_`),
  CONSTRAINT `ACT_FK_DEADLETTER_JOB_PROCESS_INSTANCE` FOREIGN KEY (`PROCESS_INSTANCE_ID_`) REFERENCES `act_ru_execution` (`ID_`),
  CONSTRAINT `ACT_FK_DEADLETTER_JOB_PROC_DEF` FOREIGN KEY (`PROC_DEF_ID_`) REFERENCES `act_re_procdef` (`ID_`)
) ENGINE=InnoDB DEFAULT CHARSET=utf8 COLLATE=utf8_bin;

-- ----------------------------
-- Records of act_ru_deadletter_job
-- ----------------------------

-- ----------------------------
-- Table structure for `act_ru_event_subscr`
-- ----------------------------
DROP TABLE IF EXISTS `act_ru_event_subscr`;
CREATE TABLE `act_ru_event_subscr` (
  `ID_` varchar(64) COLLATE utf8_bin NOT NULL,
  `REV_` int(11) DEFAULT NULL,
  `EVENT_TYPE_` varchar(255) COLLATE utf8_bin NOT NULL,
  `EVENT_NAME_` varchar(255) COLLATE utf8_bin DEFAULT NULL,
  `EXECUTION_ID_` varchar(64) COLLATE utf8_bin DEFAULT NULL,
  `PROC_INST_ID_` varchar(64) COLLATE utf8_bin DEFAULT NULL,
  `ACTIVITY_ID_` varchar(64) COLLATE utf8_bin DEFAULT NULL,
  `CONFIGURATION_` varchar(255) COLLATE utf8_bin DEFAULT NULL,
  `CREATED_` timestamp(3) NOT NULL DEFAULT CURRENT_TIMESTAMP(3),
  `PROC_DEF_ID_` varchar(64) COLLATE utf8_bin DEFAULT NULL,
  `TENANT_ID_` varchar(255) COLLATE utf8_bin DEFAULT '',
  PRIMARY KEY (`ID_`),
  KEY `ACT_IDX_EVENT_SUBSCR_CONFIG_` (`CONFIGURATION_`),
  KEY `ACT_FK_EVENT_EXEC` (`EXECUTION_ID_`),
  CONSTRAINT `ACT_FK_EVENT_EXEC` FOREIGN KEY (`EXECUTION_ID_`) REFERENCES `act_ru_execution` (`ID_`)
) ENGINE=InnoDB DEFAULT CHARSET=utf8 COLLATE=utf8_bin;

-- ----------------------------
-- Records of act_ru_event_subscr
-- ----------------------------

-- ----------------------------
-- Table structure for `act_ru_execution`
-- ----------------------------
DROP TABLE IF EXISTS `act_ru_execution`;
CREATE TABLE `act_ru_execution` (
  `ID_` varchar(64) COLLATE utf8_bin NOT NULL,
  `REV_` int(11) DEFAULT NULL,
  `PROC_INST_ID_` varchar(64) COLLATE utf8_bin DEFAULT NULL,
  `BUSINESS_KEY_` varchar(255) COLLATE utf8_bin DEFAULT NULL,
  `PARENT_ID_` varchar(64) COLLATE utf8_bin DEFAULT NULL,
  `PROC_DEF_ID_` varchar(64) COLLATE utf8_bin DEFAULT NULL,
  `SUPER_EXEC_` varchar(64) COLLATE utf8_bin DEFAULT NULL,
  `ROOT_PROC_INST_ID_` varchar(64) COLLATE utf8_bin DEFAULT NULL,
  `ACT_ID_` varchar(255) COLLATE utf8_bin DEFAULT NULL,
  `IS_ACTIVE_` tinyint(4) DEFAULT NULL,
  `IS_CONCURRENT_` tinyint(4) DEFAULT NULL,
  `IS_SCOPE_` tinyint(4) DEFAULT NULL,
  `IS_EVENT_SCOPE_` tinyint(4) DEFAULT NULL,
  `IS_MI_ROOT_` tinyint(4) DEFAULT NULL,
  `SUSPENSION_STATE_` int(11) DEFAULT NULL,
  `CACHED_ENT_STATE_` int(11) DEFAULT NULL,
  `TENANT_ID_` varchar(255) COLLATE utf8_bin DEFAULT '',
  `NAME_` varchar(255) COLLATE utf8_bin DEFAULT NULL,
  `START_TIME_` datetime(3) DEFAULT NULL,
  `START_USER_ID_` varchar(255) COLLATE utf8_bin DEFAULT NULL,
  `LOCK_TIME_` timestamp(3) NULL DEFAULT NULL,
  `IS_COUNT_ENABLED_` tinyint(4) DEFAULT NULL,
  `EVT_SUBSCR_COUNT_` int(11) DEFAULT NULL,
  `TASK_COUNT_` int(11) DEFAULT NULL,
  `JOB_COUNT_` int(11) DEFAULT NULL,
  `TIMER_JOB_COUNT_` int(11) DEFAULT NULL,
  `SUSP_JOB_COUNT_` int(11) DEFAULT NULL,
  `DEADLETTER_JOB_COUNT_` int(11) DEFAULT NULL,
  `VAR_COUNT_` int(11) DEFAULT NULL,
  `ID_LINK_COUNT_` int(11) DEFAULT NULL,
  PRIMARY KEY (`ID_`),
  KEY `ACT_IDX_EXEC_BUSKEY` (`BUSINESS_KEY_`),
  KEY `ACT_IDC_EXEC_ROOT` (`ROOT_PROC_INST_ID_`),
  KEY `ACT_FK_EXE_PROCINST` (`PROC_INST_ID_`),
  KEY `ACT_FK_EXE_PARENT` (`PARENT_ID_`),
  KEY `ACT_FK_EXE_SUPER` (`SUPER_EXEC_`),
  KEY `ACT_FK_EXE_PROCDEF` (`PROC_DEF_ID_`),
  CONSTRAINT `ACT_FK_EXE_PARENT` FOREIGN KEY (`PARENT_ID_`) REFERENCES `act_ru_execution` (`ID_`) ON DELETE CASCADE,
  CONSTRAINT `ACT_FK_EXE_PROCDEF` FOREIGN KEY (`PROC_DEF_ID_`) REFERENCES `act_re_procdef` (`ID_`),
  CONSTRAINT `ACT_FK_EXE_PROCINST` FOREIGN KEY (`PROC_INST_ID_`) REFERENCES `act_ru_execution` (`ID_`) ON DELETE CASCADE ON UPDATE CASCADE,
  CONSTRAINT `ACT_FK_EXE_SUPER` FOREIGN KEY (`SUPER_EXEC_`) REFERENCES `act_ru_execution` (`ID_`) ON DELETE CASCADE
) ENGINE=InnoDB DEFAULT CHARSET=utf8 COLLATE=utf8_bin;

-- ----------------------------
-- Records of act_ru_execution
-- ----------------------------
INSERT INTO `act_ru_execution` VALUES ('7501', '1', '7501', '2', null, 'contract:1:5004', null, '7501', null, '1', '0', '1', '0', '0', '1', null, '', null, '2018-10-24 15:48:56.726', 'LiSi', null, '0', '0', '0', '0', '0', '0', '0', '0', '0');
INSERT INTO `act_ru_execution` VALUES ('7506', '1', '7501', null, '7501', 'contract:1:5004', null, '7501', 'deptLeaderAudit', '1', '0', '0', '0', '0', '1', null, '', null, '2018-10-24 15:48:56.795', null, null, '0', '0', '0', '0', '0', '0', '0', '0', '0');

-- ----------------------------
-- Table structure for `act_ru_identitylink`
-- ----------------------------
DROP TABLE IF EXISTS `act_ru_identitylink`;
CREATE TABLE `act_ru_identitylink` (
  `ID_` varchar(64) COLLATE utf8_bin NOT NULL,
  `REV_` int(11) DEFAULT NULL,
  `GROUP_ID_` varchar(255) COLLATE utf8_bin DEFAULT NULL,
  `TYPE_` varchar(255) COLLATE utf8_bin DEFAULT NULL,
  `USER_ID_` varchar(255) COLLATE utf8_bin DEFAULT NULL,
  `TASK_ID_` varchar(64) COLLATE utf8_bin DEFAULT NULL,
  `PROC_INST_ID_` varchar(64) COLLATE utf8_bin DEFAULT NULL,
  `PROC_DEF_ID_` varchar(64) COLLATE utf8_bin DEFAULT NULL,
  PRIMARY KEY (`ID_`),
  KEY `ACT_IDX_IDENT_LNK_USER` (`USER_ID_`),
  KEY `ACT_IDX_IDENT_LNK_GROUP` (`GROUP_ID_`),
  KEY `ACT_IDX_ATHRZ_PROCEDEF` (`PROC_DEF_ID_`),
  KEY `ACT_FK_TSKASS_TASK` (`TASK_ID_`),
  KEY `ACT_FK_IDL_PROCINST` (`PROC_INST_ID_`),
  CONSTRAINT `ACT_FK_ATHRZ_PROCEDEF` FOREIGN KEY (`PROC_DEF_ID_`) REFERENCES `act_re_procdef` (`ID_`),
  CONSTRAINT `ACT_FK_IDL_PROCINST` FOREIGN KEY (`PROC_INST_ID_`) REFERENCES `act_ru_execution` (`ID_`),
  CONSTRAINT `ACT_FK_TSKASS_TASK` FOREIGN KEY (`TASK_ID_`) REFERENCES `act_ru_task` (`ID_`)
) ENGINE=InnoDB DEFAULT CHARSET=utf8 COLLATE=utf8_bin;

-- ----------------------------
-- Records of act_ru_identitylink
-- ----------------------------
INSERT INTO `act_ru_identitylink` VALUES ('7502', '1', null, 'starter', 'LiSi', null, '7501', null);
INSERT INTO `act_ru_identitylink` VALUES ('7510', '1', null, 'participant', 'JaYi', null, '7501', null);

-- ----------------------------
-- Table structure for `act_ru_job`
-- ----------------------------
DROP TABLE IF EXISTS `act_ru_job`;
CREATE TABLE `act_ru_job` (
  `ID_` varchar(64) COLLATE utf8_bin NOT NULL,
  `REV_` int(11) DEFAULT NULL,
  `TYPE_` varchar(255) COLLATE utf8_bin NOT NULL,
  `LOCK_EXP_TIME_` timestamp(3) NULL DEFAULT NULL,
  `LOCK_OWNER_` varchar(255) COLLATE utf8_bin DEFAULT NULL,
  `EXCLUSIVE_` tinyint(1) DEFAULT NULL,
  `EXECUTION_ID_` varchar(64) COLLATE utf8_bin DEFAULT NULL,
  `PROCESS_INSTANCE_ID_` varchar(64) COLLATE utf8_bin DEFAULT NULL,
  `PROC_DEF_ID_` varchar(64) COLLATE utf8_bin DEFAULT NULL,
  `RETRIES_` int(11) DEFAULT NULL,
  `EXCEPTION_STACK_ID_` varchar(64) COLLATE utf8_bin DEFAULT NULL,
  `EXCEPTION_MSG_` varchar(4000) COLLATE utf8_bin DEFAULT NULL,
  `DUEDATE_` timestamp(3) NULL DEFAULT NULL,
  `REPEAT_` varchar(255) COLLATE utf8_bin DEFAULT NULL,
  `HANDLER_TYPE_` varchar(255) COLLATE utf8_bin DEFAULT NULL,
  `HANDLER_CFG_` varchar(4000) COLLATE utf8_bin DEFAULT NULL,
  `TENANT_ID_` varchar(255) COLLATE utf8_bin DEFAULT '',
  PRIMARY KEY (`ID_`),
  KEY `ACT_FK_JOB_EXECUTION` (`EXECUTION_ID_`),
  KEY `ACT_FK_JOB_PROCESS_INSTANCE` (`PROCESS_INSTANCE_ID_`),
  KEY `ACT_FK_JOB_PROC_DEF` (`PROC_DEF_ID_`),
  KEY `ACT_FK_JOB_EXCEPTION` (`EXCEPTION_STACK_ID_`),
  CONSTRAINT `ACT_FK_JOB_EXCEPTION` FOREIGN KEY (`EXCEPTION_STACK_ID_`) REFERENCES `act_ge_bytearray` (`ID_`),
  CONSTRAINT `ACT_FK_JOB_EXECUTION` FOREIGN KEY (`EXECUTION_ID_`) REFERENCES `act_ru_execution` (`ID_`),
  CONSTRAINT `ACT_FK_JOB_PROCESS_INSTANCE` FOREIGN KEY (`PROCESS_INSTANCE_ID_`) REFERENCES `act_ru_execution` (`ID_`),
  CONSTRAINT `ACT_FK_JOB_PROC_DEF` FOREIGN KEY (`PROC_DEF_ID_`) REFERENCES `act_re_procdef` (`ID_`)
) ENGINE=InnoDB DEFAULT CHARSET=utf8 COLLATE=utf8_bin;

-- ----------------------------
-- Records of act_ru_job
-- ----------------------------

-- ----------------------------
-- Table structure for `act_ru_suspended_job`
-- ----------------------------
DROP TABLE IF EXISTS `act_ru_suspended_job`;
CREATE TABLE `act_ru_suspended_job` (
  `ID_` varchar(64) COLLATE utf8_bin NOT NULL,
  `REV_` int(11) DEFAULT NULL,
  `TYPE_` varchar(255) COLLATE utf8_bin NOT NULL,
  `EXCLUSIVE_` tinyint(1) DEFAULT NULL,
  `EXECUTION_ID_` varchar(64) COLLATE utf8_bin DEFAULT NULL,
  `PROCESS_INSTANCE_ID_` varchar(64) COLLATE utf8_bin DEFAULT NULL,
  `PROC_DEF_ID_` varchar(64) COLLATE utf8_bin DEFAULT NULL,
  `RETRIES_` int(11) DEFAULT NULL,
  `EXCEPTION_STACK_ID_` varchar(64) COLLATE utf8_bin DEFAULT NULL,
  `EXCEPTION_MSG_` varchar(4000) COLLATE utf8_bin DEFAULT NULL,
  `DUEDATE_` timestamp(3) NULL DEFAULT NULL,
  `REPEAT_` varchar(255) COLLATE utf8_bin DEFAULT NULL,
  `HANDLER_TYPE_` varchar(255) COLLATE utf8_bin DEFAULT NULL,
  `HANDLER_CFG_` varchar(4000) COLLATE utf8_bin DEFAULT NULL,
  `TENANT_ID_` varchar(255) COLLATE utf8_bin DEFAULT '',
  PRIMARY KEY (`ID_`),
  KEY `ACT_FK_SUSPENDED_JOB_EXECUTION` (`EXECUTION_ID_`),
  KEY `ACT_FK_SUSPENDED_JOB_PROCESS_INSTANCE` (`PROCESS_INSTANCE_ID_`),
  KEY `ACT_FK_SUSPENDED_JOB_PROC_DEF` (`PROC_DEF_ID_`),
  KEY `ACT_FK_SUSPENDED_JOB_EXCEPTION` (`EXCEPTION_STACK_ID_`),
  CONSTRAINT `ACT_FK_SUSPENDED_JOB_EXCEPTION` FOREIGN KEY (`EXCEPTION_STACK_ID_`) REFERENCES `act_ge_bytearray` (`ID_`),
  CONSTRAINT `ACT_FK_SUSPENDED_JOB_EXECUTION` FOREIGN KEY (`EXECUTION_ID_`) REFERENCES `act_ru_execution` (`ID_`),
  CONSTRAINT `ACT_FK_SUSPENDED_JOB_PROCESS_INSTANCE` FOREIGN KEY (`PROCESS_INSTANCE_ID_`) REFERENCES `act_ru_execution` (`ID_`),
  CONSTRAINT `ACT_FK_SUSPENDED_JOB_PROC_DEF` FOREIGN KEY (`PROC_DEF_ID_`) REFERENCES `act_re_procdef` (`ID_`)
) ENGINE=InnoDB DEFAULT CHARSET=utf8 COLLATE=utf8_bin;

-- ----------------------------
-- Records of act_ru_suspended_job
-- ----------------------------

-- ----------------------------
-- Table structure for `act_ru_task`
-- ----------------------------
DROP TABLE IF EXISTS `act_ru_task`;
CREATE TABLE `act_ru_task` (
  `ID_` varchar(64) COLLATE utf8_bin NOT NULL,
  `REV_` int(11) DEFAULT NULL,
  `EXECUTION_ID_` varchar(64) COLLATE utf8_bin DEFAULT NULL,
  `PROC_INST_ID_` varchar(64) COLLATE utf8_bin DEFAULT NULL,
  `PROC_DEF_ID_` varchar(64) COLLATE utf8_bin DEFAULT NULL,
  `NAME_` varchar(255) COLLATE utf8_bin DEFAULT NULL,
  `PARENT_TASK_ID_` varchar(64) COLLATE utf8_bin DEFAULT NULL,
  `DESCRIPTION_` varchar(4000) COLLATE utf8_bin DEFAULT NULL,
  `TASK_DEF_KEY_` varchar(255) COLLATE utf8_bin DEFAULT NULL,
  `OWNER_` varchar(255) COLLATE utf8_bin DEFAULT NULL,
  `ASSIGNEE_` varchar(255) COLLATE utf8_bin DEFAULT NULL,
  `DELEGATION_` varchar(64) COLLATE utf8_bin DEFAULT NULL,
  `PRIORITY_` int(11) DEFAULT NULL,
  `CREATE_TIME_` timestamp(3) NULL DEFAULT NULL,
  `DUE_DATE_` datetime(3) DEFAULT NULL,
  `CATEGORY_` varchar(255) COLLATE utf8_bin DEFAULT NULL,
  `SUSPENSION_STATE_` int(11) DEFAULT NULL,
  `TENANT_ID_` varchar(255) COLLATE utf8_bin DEFAULT '',
  `FORM_KEY_` varchar(255) COLLATE utf8_bin DEFAULT NULL,
  `CLAIM_TIME_` datetime(3) DEFAULT NULL,
  PRIMARY KEY (`ID_`),
  KEY `ACT_IDX_TASK_CREATE` (`CREATE_TIME_`),
  KEY `ACT_FK_TASK_EXE` (`EXECUTION_ID_`),
  KEY `ACT_FK_TASK_PROCINST` (`PROC_INST_ID_`),
  KEY `ACT_FK_TASK_PROCDEF` (`PROC_DEF_ID_`),
  CONSTRAINT `ACT_FK_TASK_EXE` FOREIGN KEY (`EXECUTION_ID_`) REFERENCES `act_ru_execution` (`ID_`),
  CONSTRAINT `ACT_FK_TASK_PROCDEF` FOREIGN KEY (`PROC_DEF_ID_`) REFERENCES `act_re_procdef` (`ID_`),
  CONSTRAINT `ACT_FK_TASK_PROCINST` FOREIGN KEY (`PROC_INST_ID_`) REFERENCES `act_ru_execution` (`ID_`)
) ENGINE=InnoDB DEFAULT CHARSET=utf8 COLLATE=utf8_bin;

-- ----------------------------
-- Records of act_ru_task
-- ----------------------------
INSERT INTO `act_ru_task` VALUES ('7509', '1', '7506', '7501', 'contract:1:5004', '财务经理审批', null, null, 'deptLeaderAudit', null, 'JaYi', null, '50', '2018-10-24 15:48:56.796', null, null, '1', '', null, null);

-- ----------------------------
-- Table structure for `act_ru_timer_job`
-- ----------------------------
DROP TABLE IF EXISTS `act_ru_timer_job`;
CREATE TABLE `act_ru_timer_job` (
  `ID_` varchar(64) COLLATE utf8_bin NOT NULL,
  `REV_` int(11) DEFAULT NULL,
  `TYPE_` varchar(255) COLLATE utf8_bin NOT NULL,
  `LOCK_EXP_TIME_` timestamp(3) NULL DEFAULT NULL,
  `LOCK_OWNER_` varchar(255) COLLATE utf8_bin DEFAULT NULL,
  `EXCLUSIVE_` tinyint(1) DEFAULT NULL,
  `EXECUTION_ID_` varchar(64) COLLATE utf8_bin DEFAULT NULL,
  `PROCESS_INSTANCE_ID_` varchar(64) COLLATE utf8_bin DEFAULT NULL,
  `PROC_DEF_ID_` varchar(64) COLLATE utf8_bin DEFAULT NULL,
  `RETRIES_` int(11) DEFAULT NULL,
  `EXCEPTION_STACK_ID_` varchar(64) COLLATE utf8_bin DEFAULT NULL,
  `EXCEPTION_MSG_` varchar(4000) COLLATE utf8_bin DEFAULT NULL,
  `DUEDATE_` timestamp(3) NULL DEFAULT NULL,
  `REPEAT_` varchar(255) COLLATE utf8_bin DEFAULT NULL,
  `HANDLER_TYPE_` varchar(255) COLLATE utf8_bin DEFAULT NULL,
  `HANDLER_CFG_` varchar(4000) COLLATE utf8_bin DEFAULT NULL,
  `TENANT_ID_` varchar(255) COLLATE utf8_bin DEFAULT '',
  PRIMARY KEY (`ID_`),
  KEY `ACT_FK_TIMER_JOB_EXECUTION` (`EXECUTION_ID_`),
  KEY `ACT_FK_TIMER_JOB_PROCESS_INSTANCE` (`PROCESS_INSTANCE_ID_`),
  KEY `ACT_FK_TIMER_JOB_PROC_DEF` (`PROC_DEF_ID_`),
  KEY `ACT_FK_TIMER_JOB_EXCEPTION` (`EXCEPTION_STACK_ID_`),
  CONSTRAINT `ACT_FK_TIMER_JOB_EXCEPTION` FOREIGN KEY (`EXCEPTION_STACK_ID_`) REFERENCES `act_ge_bytearray` (`ID_`),
  CONSTRAINT `ACT_FK_TIMER_JOB_EXECUTION` FOREIGN KEY (`EXECUTION_ID_`) REFERENCES `act_ru_execution` (`ID_`),
  CONSTRAINT `ACT_FK_TIMER_JOB_PROCESS_INSTANCE` FOREIGN KEY (`PROCESS_INSTANCE_ID_`) REFERENCES `act_ru_execution` (`ID_`),
  CONSTRAINT `ACT_FK_TIMER_JOB_PROC_DEF` FOREIGN KEY (`PROC_DEF_ID_`) REFERENCES `act_re_procdef` (`ID_`)
) ENGINE=InnoDB DEFAULT CHARSET=utf8 COLLATE=utf8_bin;

-- ----------------------------
-- Records of act_ru_timer_job
-- ----------------------------

-- ----------------------------
-- Table structure for `act_ru_variable`
-- ----------------------------
DROP TABLE IF EXISTS `act_ru_variable`;
CREATE TABLE `act_ru_variable` (
  `ID_` varchar(64) COLLATE utf8_bin NOT NULL,
  `REV_` int(11) DEFAULT NULL,
  `TYPE_` varchar(255) COLLATE utf8_bin NOT NULL,
  `NAME_` varchar(255) COLLATE utf8_bin NOT NULL,
  `EXECUTION_ID_` varchar(64) COLLATE utf8_bin DEFAULT NULL,
  `PROC_INST_ID_` varchar(64) COLLATE utf8_bin DEFAULT NULL,
  `TASK_ID_` varchar(64) COLLATE utf8_bin DEFAULT NULL,
  `BYTEARRAY_ID_` varchar(64) COLLATE utf8_bin DEFAULT NULL,
  `DOUBLE_` double DEFAULT NULL,
  `LONG_` bigint(20) DEFAULT NULL,
  `TEXT_` varchar(4000) COLLATE utf8_bin DEFAULT NULL,
  `TEXT2_` varchar(4000) COLLATE utf8_bin DEFAULT NULL,
  PRIMARY KEY (`ID_`),
  KEY `ACT_IDX_VARIABLE_TASK_ID` (`TASK_ID_`),
  KEY `ACT_FK_VAR_EXE` (`EXECUTION_ID_`),
  KEY `ACT_FK_VAR_PROCINST` (`PROC_INST_ID_`),
  KEY `ACT_FK_VAR_BYTEARRAY` (`BYTEARRAY_ID_`),
  CONSTRAINT `ACT_FK_VAR_BYTEARRAY` FOREIGN KEY (`BYTEARRAY_ID_`) REFERENCES `act_ge_bytearray` (`ID_`),
  CONSTRAINT `ACT_FK_VAR_EXE` FOREIGN KEY (`EXECUTION_ID_`) REFERENCES `act_ru_execution` (`ID_`),
  CONSTRAINT `ACT_FK_VAR_PROCINST` FOREIGN KEY (`PROC_INST_ID_`) REFERENCES `act_ru_execution` (`ID_`)
) ENGINE=InnoDB DEFAULT CHARSET=utf8 COLLATE=utf8_bin;

-- ----------------------------
-- Records of act_ru_variable
-- ----------------------------
INSERT INTO `act_ru_variable` VALUES ('7503', '1', 'string', 'manLeader', '7501', '7501', null, null, null, null, 'WangJun', null);
INSERT INTO `act_ru_variable` VALUES ('7504', '1', 'string', 'deptLeader', '7501', '7501', null, null, null, null, 'JaYi', null);
INSERT INTO `act_ru_variable` VALUES ('7505', '1', 'string', 'applyUserId', '7501', '7501', null, null, null, null, 'LiSi', null);

-- ----------------------------
-- Table structure for `customer`
-- ----------------------------
DROP TABLE IF EXISTS `customer`;
CREATE TABLE `customer` (
  `id` bigint(20) NOT NULL,
  `customerName` varchar(255) COLLATE utf8_bin DEFAULT NULL,
  `customerPosition` varchar(255) COLLATE utf8_bin DEFAULT NULL,
  `customerPrice` double NOT NULL,
  `customerProportion` double NOT NULL,
  `customerType` varchar(255) COLLATE utf8_bin DEFAULT NULL,
  `own` bit(1) NOT NULL,
  `userId` bigint(20) NOT NULL,
  PRIMARY KEY (`id`)
) ENGINE=MyISAM DEFAULT CHARSET=utf8 COLLATE=utf8_bin;

-- ----------------------------
-- Records of customer
-- ----------------------------
INSERT INTO `customer` VALUES ('10', '小明', '东莞', '120', '125', '出售', '', '0');
INSERT INTO `customer` VALUES ('11', '小丽', '东莞', '80', '60', '出售', '', '0');
INSERT INTO `customer` VALUES ('12', '小李', '广州', '90', '100', '出售', '', '0');
INSERT INTO `customer` VALUES ('13', '小菲', '广州', '100', '90', '出租', '', '0');
INSERT INTO `customer` VALUES ('14', '小康', '广州', '100', '90', '出租', '', '0');
INSERT INTO `customer` VALUES ('15', '小南', '东莞', '100', '95', '出租', '', '0');
INSERT INTO `customer` VALUES ('16', '小七', '深圳', '80', '60', '出租', '', '0');

-- ----------------------------
-- Table structure for `hibernate_sequence`
-- ----------------------------
DROP TABLE IF EXISTS `hibernate_sequence`;
CREATE TABLE `hibernate_sequence` (
  `next_val` bigint(20) DEFAULT NULL
) ENGINE=MyISAM DEFAULT CHARSET=utf8 COLLATE=utf8_bin;

-- ----------------------------
-- Records of hibernate_sequence
-- ----------------------------
INSERT INTO `hibernate_sequence` VALUES ('17');
INSERT INTO `hibernate_sequence` VALUES ('17');

-- ----------------------------
-- Table structure for `house`
-- ----------------------------
DROP TABLE IF EXISTS `house`;
CREATE TABLE `house` (
  `id` bigint(20) NOT NULL,
  `houseName` varchar(255) COLLATE utf8_bin DEFAULT NULL,
  `housePosition` varchar(255) COLLATE utf8_bin DEFAULT NULL,
  `housePrice` double NOT NULL,
  `houseProportion` double NOT NULL,
  `houseType` varchar(255) COLLATE utf8_bin DEFAULT NULL,
  `own` bit(1) NOT NULL,
  `userId` bigint(20) NOT NULL,
  PRIMARY KEY (`id`)
) ENGINE=MyISAM DEFAULT CHARSET=utf8 COLLATE=utf8_bin;

-- ----------------------------
-- Records of house
-- ----------------------------
INSERT INTO `house` VALUES ('4', '玉翠秀府', '东莞', '123', '120', '出售', '', '0');
INSERT INTO `house` VALUES ('3', '隆平家园', '东莞', '120', '120', '出售', '', '0');
INSERT INTO `house` VALUES ('5', '龙房名苑', '东莞', '135', '130', '出售', '', '0');
INSERT INTO `house` VALUES ('6', '会展名城', '广州', '132', '130', '出售', '', '0');
INSERT INTO `house` VALUES ('7', '东方巴黎', '广州', '19', '130', '出租', '', '0');
INSERT INTO `house` VALUES ('8', '月亮湾新区', '广州', '19', '80', '出租', '', '0');
INSERT INTO `house` VALUES ('9', '林机小区', '深圳', '20', '88', '出租', '', '0');

-- ----------------------------
-- Table structure for `t_attence`
-- ----------------------------
DROP TABLE IF EXISTS `t_attence`;
CREATE TABLE `t_attence` (
  `id` bigint(20) NOT NULL AUTO_INCREMENT,
  `appealreason` varchar(255) COLLATE utf8_bin DEFAULT NULL,
  `attenceStatus` int(11) DEFAULT NULL,
  `day` datetime DEFAULT NULL,
  `deptLeaderBackReason` varchar(255) COLLATE utf8_bin DEFAULT NULL,
  `hrBackReason` varchar(255) COLLATE utf8_bin DEFAULT NULL,
  `location` varchar(255) COLLATE utf8_bin DEFAULT NULL,
  `processInstanceId` varchar(255) COLLATE utf8_bin DEFAULT NULL,
  `processStatus` int(11) DEFAULT NULL,
  `userId` varchar(255) COLLATE utf8_bin DEFAULT NULL,
  `workinTime` datetime DEFAULT NULL,
  `workoutTime` datetime DEFAULT NULL,
  `employee_id` bigint(20) DEFAULT NULL,
  PRIMARY KEY (`id`),
  KEY `FK57nof4mf1sd3qrr1qi6tcx7pb` (`employee_id`)
) ENGINE=MyISAM DEFAULT CHARSET=utf8 COLLATE=utf8_bin;

-- ----------------------------
-- Records of t_attence
-- ----------------------------

-- ----------------------------
-- Table structure for `t_contract`
-- ----------------------------
DROP TABLE IF EXISTS `t_contract`;
CREATE TABLE `t_contract` (
  `id` bigint(20) NOT NULL AUTO_INCREMENT,
  `contractNumber` varchar(255) COLLATE utf8_bin DEFAULT NULL,
  `contractType` varchar(255) COLLATE utf8_bin DEFAULT NULL,
  `customerName` varchar(255) COLLATE utf8_bin DEFAULT NULL,
  `depreason` varchar(255) COLLATE utf8_bin DEFAULT NULL,
  `endTime` datetime DEFAULT NULL,
  `houseName` varchar(255) COLLATE utf8_bin DEFAULT NULL,
  `manreason` varchar(255) COLLATE utf8_bin DEFAULT NULL,
  `processInstanceId` varchar(255) COLLATE utf8_bin DEFAULT NULL,
  `processStatus` int(11) DEFAULT NULL,
  `startTime` datetime DEFAULT NULL,
  `total` double NOT NULL,
  `userId` varchar(255) COLLATE utf8_bin DEFAULT NULL,
  `employee_id` bigint(20) DEFAULT NULL,
  PRIMARY KEY (`id`),
  KEY `FKohphh9920fbrb5ynlgyit1oyf` (`employee_id`)
) ENGINE=MyISAM AUTO_INCREMENT=136 DEFAULT CHARSET=utf8 COLLATE=utf8_bin;

-- ----------------------------
-- Records of t_contract
-- ----------------------------
INSERT INTO `t_contract` VALUES ('1', 'Knorr20181024155142S', '出售合同', '小明', null, '2018-10-24 15:51:09', '嘉湖花园', null, '', '0', '2018-01-24 15:51:09', '100', 'admin', '1');
INSERT INTO `t_contract` VALUES ('2', 'Knorr20181024155236R', '出租合同', '李明', null, '2018-10-24 15:51:49', '宝成花园', null, '', '0', '2018-01-24 15:51:49', '12', 'admin', '1');
INSERT INTO `t_contract` VALUES ('3', 'Knorr20181024155411S', '出售合同', '小李', null, '2018-10-24 15:53:00', '景湖春天', null, '', '0', '2018-02-24 15:53:00', '15', 'WangJun', '2');
INSERT INTO `t_contract` VALUES ('4', 'Knorr20181024155510S', '出售合同', '小红', null, '2018-10-24 15:54:20', '温莎堡花园', null, '', '0', '2018-05-24 15:54:20', '20', 'LiSi', '4');
INSERT INTO `t_contract` VALUES ('5', 'Knorr20181024155646S', '出售合同', '小明', null, '2018-10-24 15:55:15', '东江之星', null, '', '0', '2018-07-24 15:55:15', '100', 'ZhangSan', '9');
INSERT INTO `t_contract` VALUES ('6', 'Knorr20181024155911R', '出租合同', '小迪', null, '2018-10-24 15:57:00', '翡翠华庭', null, '', '0', '2018-06-24 15:57:00', '18', 'JiaEr', '8');
INSERT INTO `t_contract` VALUES ('7', 'Knorr20181024163012R', '出租合同', '小明', null, '2018-10-24 16:26:47', '碧桂园', null, '', '0', '2018-04-24 16:26:47', '30', 'LiJun', '10');
INSERT INTO `t_contract` VALUES ('8', 'Knorr20181024163159R', '出租合同', '小爱', null, '2018-10-24 16:31:27', '紫金相府', null, '', '0', '2018-06-24 16:31:27', '20', 'WangWu', '12');
INSERT INTO `t_contract` VALUES ('9', 'Knorr20181024163309R', '出租合同', '小丽', null, '2018-10-24 16:32:21', '玉翠秀府', null, '', '0', '2018-10-24 16:32:21', '18', 'LiYa', '14');
INSERT INTO `t_contract` VALUES ('10', 'Knorr20181024163423R', '出租合同', '小七', null, '2018-10-24 16:33:17', '正阳花园', null, '', '0', '2018-07-24 16:33:17', '19', 'WuLu', '16');
INSERT INTO `t_contract` VALUES ('11', 'Knorr20181024163518S', '出售合同', '小天', null, '2018-10-24 16:34:28', '优胜美地', null, '', '0', '2018-09-24 16:34:28', '120', 'LiNan', '18');
INSERT INTO `t_contract` VALUES ('12', 'Knorr20181024163604S', '出售合同', '小南', null, '2018-10-24 16:35:21', '龙房名苑', null, '', '0', '2018-09-24 16:35:21', '130', 'WuTian', '20');
INSERT INTO `t_contract` VALUES ('13', 'Knorr20181024163654S', '出售合同', '小明', null, '2018-10-24 16:36:07', '月亮湾新区', null, '', '0', '2018-05-24 16:36:07', '150', 'LiMing', '22');
INSERT INTO `t_contract` VALUES ('14', 'Knorr20181024163742S', '出售合同', '小小', null, '2018-10-24 16:36:57', '会展名城', null, '', '0', '2018-08-24 16:36:57', '120', 'WangSan', '24');
INSERT INTO `t_contract` VALUES ('15', 'Knorr20181024163826R', '出租合同', '小丽', null, '2018-10-24 16:37:45', '禹舜嘉园', null, '', '0', '2018-01-24 16:37:45', '25', 'ZhangNan', '26');
INSERT INTO `t_contract` VALUES ('16', 'Knorr20181024163910R', '出租合同', '小康', null, '2018-10-24 16:38:31', '志华名苑', null, '', '0', '2018-03-24 16:38:31', '19', 'WuYiTian', '28');
INSERT INTO `t_contract` VALUES ('17', 'Knorr20181024163956S', '出售合同', '张晓', null, '2018-10-24 16:39:13', '北鸿河畔公寓', null, '', '0', '2018-05-24 16:39:13', '150', 'ZhangXiaoNan', '30');
INSERT INTO `t_contract` VALUES ('18', 'Knorr20181024164056R', '出租合同', '张强', null, '2018-10-24 16:39:59', '馨美家园', null, '', '0', '2018-06-24 16:39:59', '15', 'WuXiaoTian', '32');
INSERT INTO `t_contract` VALUES ('19', 'Knorr20181024164208R', '出租合同', '刘晓', null, '2018-10-24 16:41:06', '百年新城', null, '', '0', '2018-07-24 16:41:06', '14', 'LiuXiaoNan', '34');
INSERT INTO `t_contract` VALUES ('20', 'Knorr20181024164258R', '出租合同', '武田', null, '2018-10-24 16:42:12', '玉田风情苑', null, '', '0', '2018-10-24 16:42:12', '13', 'WuXiaoXiao', '36');
INSERT INTO `t_contract` VALUES ('21', 'Knorr20181024164344S', '出售合同', '李艾', null, '2018-10-24 16:43:01', '紫金相府', null, '', '0', '2018-08-24 16:43:01', '120', 'LiMingMing', '38');
INSERT INTO `t_contract` VALUES ('22', 'Knorr20181024164429R', '出租合同', '小宇', null, '2018-10-24 16:43:47', '玉翠秀府', null, '', '0', '2018-10-24 16:43:47', '18', 'WangSanSan', '40');
INSERT INTO `t_contract` VALUES ('23', 'Knorr20181024164517R', '出租合同', '小鱼鱼', null, '2018-10-24 16:44:34', '正阳花园', null, '', '0', '2018-10-24 16:44:34', '19', 'LiuNanNan', '42');
INSERT INTO `t_contract` VALUES ('24', 'Knorr20181024164559R', '出租合同', '吴宇', null, '2018-10-24 16:45:22', '会展名城', null, '', '0', '2018-09-24 16:45:22', '19', 'WuGang', '44');
INSERT INTO `t_contract` VALUES ('25', 'Knorr20181024164644S', '出售合同', '小希', null, '2018-10-24 16:46:02', '绿海田园别墅', null, '', '0', '2018-10-24 16:46:02', '120', 'ZhangNanNan', '46');
INSERT INTO `t_contract` VALUES ('26', 'Knorr20181024164727S', '出售合同', '小溪', null, '2018-10-24 16:46:47', '东方巴黎', null, '', '0', '2018-10-24 16:46:47', '120', 'CaiGang', '48');
INSERT INTO `t_contract` VALUES ('27', 'Knorr20181024164944S', '出售合同', '小何', null, '2018-10-24 16:49:06', '隆平家园', null, '', '0', '2018-10-24 16:49:06', '180', 'YiGang', '52');
INSERT INTO `t_contract` VALUES ('28', 'Knorr20181025102108S', '出售合同', '小明', null, '2020-09-08 00:00:00', '温莎堡花园', null, null, '0', '2018-01-08 00:00:00', '6', 'LiYa', '14');
INSERT INTO `t_contract` VALUES ('29', 'Knorr20181025102108S', '出售合同', '小明', null, '2020-09-08 00:00:00', '温莎堡花园', null, null, '0', '2018-02-08 00:00:00', '17', 'LiYa', '14');
INSERT INTO `t_contract` VALUES ('30', 'Knorr20181025102108S', '出售合同', '小明', null, '2020-09-08 00:00:00', '温莎堡花园', null, null, '0', '2018-03-08 00:00:00', '23', 'LiYa', '14');
INSERT INTO `t_contract` VALUES ('31', 'Knorr20181025102108S', '出售合同', '小明', null, '2020-09-08 00:00:00', '温莎堡花园', null, null, '0', '2018-04-08 00:00:00', '19', 'LiYa', '14');
INSERT INTO `t_contract` VALUES ('32', 'Knorr20181025102108S', '出售合同', '小明', null, '2020-09-08 00:00:00', '温莎堡花园', null, null, '0', '2018-05-08 00:00:00', '8', 'LiYa', '14');
INSERT INTO `t_contract` VALUES ('33', 'Knorr20181025102108S', '出售合同', '小明', null, '2020-09-08 00:00:00', '温莎堡花园', null, null, '0', '2018-06-08 00:00:00', '20', 'LiYa', '14');
INSERT INTO `t_contract` VALUES ('34', 'Knorr20181025102108S', '出售合同', '小明', null, '2020-09-08 00:00:00', '温莎堡花园', null, null, '0', '2018-07-08 00:00:00', '12', 'LiYa', '14');
INSERT INTO `t_contract` VALUES ('35', 'Knorr20181025102108S', '出售合同', '小明', null, '2020-09-08 00:00:00', '温莎堡花园', null, null, '0', '2018-08-08 00:00:00', '3', 'LiYa', '14');
INSERT INTO `t_contract` VALUES ('36', 'Knorr20181025102108S', '出售合同', '小明', null, '2020-09-08 00:00:00', '温莎堡花园', null, null, '0', '2018-09-08 00:00:00', '2', 'LiYa', '14');
INSERT INTO `t_contract` VALUES ('37', 'Knorr20181025102108S', '出售合同', '小明', null, '2020-09-08 00:00:00', '温莎堡花园', null, null, '0', '2018-10-08 00:00:00', '21', 'LiYa', '14');
INSERT INTO `t_contract` VALUES ('38', 'Knorr20181025102108S', '出售合同', '小明', null, '2020-09-08 00:00:00', '温莎堡花园', null, null, '0', '2018-11-08 00:00:00', '3', 'LiYa', '14');
INSERT INTO `t_contract` VALUES ('39', 'Knorr20181025102108S', '出售合同', '小明', null, '2020-09-08 00:00:00', '温莎堡花园', null, null, '0', '2018-12-08 00:00:00', '13', 'LiYa', '14');
INSERT INTO `t_contract` VALUES ('52', 'Knorr20181025102708S', '出售合同', '小明', null, '2020-09-08 00:00:00', '东方巴黎', null, null, '0', '2018-01-08 00:00:00', '17', 'LinTian', '15');
INSERT INTO `t_contract` VALUES ('53', 'Knorr20181025102708S', '出售合同', '小明', null, '2020-09-08 00:00:00', '东方巴黎', null, null, '0', '2018-02-08 00:00:00', '5', 'LinTian', '15');
INSERT INTO `t_contract` VALUES ('54', 'Knorr20181025102708S', '出售合同', '小明', null, '2020-09-08 00:00:00', '东方巴黎', null, null, '0', '2018-03-08 00:00:00', '18', 'LinTian', '15');
INSERT INTO `t_contract` VALUES ('55', 'Knorr20181025102708S', '出售合同', '小明', null, '2020-09-08 00:00:00', '东方巴黎', null, null, '0', '2018-04-08 00:00:00', '1', 'LinTian', '15');
INSERT INTO `t_contract` VALUES ('56', 'Knorr20181025102708S', '出售合同', '小明', null, '2020-09-08 00:00:00', '东方巴黎', null, null, '0', '2018-05-08 00:00:00', '4', 'LinTian', '15');
INSERT INTO `t_contract` VALUES ('57', 'Knorr20181025102708S', '出售合同', '小明', null, '2020-09-08 00:00:00', '东方巴黎', null, null, '0', '2018-06-08 00:00:00', '24', 'LinTian', '15');
INSERT INTO `t_contract` VALUES ('58', 'Knorr20181025102708S', '出售合同', '小明', null, '2020-09-08 00:00:00', '东方巴黎', null, null, '0', '2018-07-08 00:00:00', '10', 'LinTian', '15');
INSERT INTO `t_contract` VALUES ('59', 'Knorr20181025102708S', '出售合同', '小明', null, '2020-09-08 00:00:00', '东方巴黎', null, null, '0', '2018-08-08 00:00:00', '17', 'LinTian', '15');
INSERT INTO `t_contract` VALUES ('60', 'Knorr20181025102708S', '出售合同', '小明', null, '2020-09-08 00:00:00', '东方巴黎', null, null, '0', '2018-09-08 00:00:00', '14', 'LinTian', '15');
INSERT INTO `t_contract` VALUES ('61', 'Knorr20181025102708S', '出售合同', '小明', null, '2020-09-08 00:00:00', '东方巴黎', null, null, '0', '2018-10-08 00:00:00', '16', 'LinTian', '15');
INSERT INTO `t_contract` VALUES ('62', 'Knorr20181025102708S', '出售合同', '小明', null, '2020-09-08 00:00:00', '东方巴黎', null, null, '0', '2018-11-08 00:00:00', '9', 'LinTian', '15');
INSERT INTO `t_contract` VALUES ('63', 'Knorr20181025102708S', '出售合同', '小明', null, '2020-09-08 00:00:00', '东方巴黎', null, null, '0', '2018-12-08 00:00:00', '22', 'LinTian', '15');
INSERT INTO `t_contract` VALUES ('64', 'Knorr20181025102822S', '出售合同', '小明', null, '2020-09-08 00:00:00', '东方巴黎', null, null, '0', '2018-01-08 00:00:00', '24', 'WuLu', '16');
INSERT INTO `t_contract` VALUES ('65', 'Knorr20181025102822S', '出售合同', '小明', null, '2020-09-08 00:00:00', '东方巴黎', null, null, '0', '2018-02-08 00:00:00', '9', 'WuLu', '16');
INSERT INTO `t_contract` VALUES ('66', 'Knorr20181025102822S', '出售合同', '小明', null, '2020-09-08 00:00:00', '东方巴黎', null, null, '0', '2018-03-08 00:00:00', '22', 'WuLu', '16');
INSERT INTO `t_contract` VALUES ('67', 'Knorr20181025102822S', '出售合同', '小明', null, '2020-09-08 00:00:00', '东方巴黎', null, null, '0', '2018-04-08 00:00:00', '18', 'WuLu', '16');
INSERT INTO `t_contract` VALUES ('68', 'Knorr20181025102822S', '出售合同', '小明', null, '2020-09-08 00:00:00', '东方巴黎', null, null, '0', '2018-05-08 00:00:00', '21', 'WuLu', '16');
INSERT INTO `t_contract` VALUES ('69', 'Knorr20181025102822S', '出售合同', '小明', null, '2020-09-08 00:00:00', '东方巴黎', null, null, '0', '2018-06-08 00:00:00', '5', 'WuLu', '16');
INSERT INTO `t_contract` VALUES ('70', 'Knorr20181025102822S', '出售合同', '小明', null, '2020-09-08 00:00:00', '东方巴黎', null, null, '0', '2018-07-08 00:00:00', '15', 'WuLu', '16');
INSERT INTO `t_contract` VALUES ('71', 'Knorr20181025102822S', '出售合同', '小明', null, '2020-09-08 00:00:00', '东方巴黎', null, null, '0', '2018-08-08 00:00:00', '7', 'WuLu', '16');
INSERT INTO `t_contract` VALUES ('72', 'Knorr20181025102822S', '出售合同', '小明', null, '2020-09-08 00:00:00', '东方巴黎', null, null, '0', '2018-09-08 00:00:00', '4', 'WuLu', '16');
INSERT INTO `t_contract` VALUES ('73', 'Knorr20181025102822S', '出售合同', '小明', null, '2020-09-08 00:00:00', '东方巴黎', null, null, '0', '2018-10-08 00:00:00', '1', 'WuLu', '16');
INSERT INTO `t_contract` VALUES ('74', 'Knorr20181025102822S', '出售合同', '小明', null, '2020-09-08 00:00:00', '东方巴黎', null, null, '0', '2018-11-08 00:00:00', '5', 'WuLu', '16');
INSERT INTO `t_contract` VALUES ('75', 'Knorr20181025102822S', '出售合同', '小明', null, '2020-09-08 00:00:00', '东方巴黎', null, null, '0', '2018-12-08 00:00:00', '11', 'WuLu', '16');
INSERT INTO `t_contract` VALUES ('76', 'Knorr20181025102930S', '出售合同', '小明', null, '2020-09-08 00:00:00', '东方巴黎', null, null, '0', '2018-01-08 00:00:00', '22', 'JiaSi', '17');
INSERT INTO `t_contract` VALUES ('77', 'Knorr20181025102930S', '出售合同', '小明', null, '2020-09-08 00:00:00', '东方巴黎', null, null, '0', '2018-02-08 00:00:00', '8', 'JiaSi', '17');
INSERT INTO `t_contract` VALUES ('78', 'Knorr20181025102930S', '出售合同', '小明', null, '2020-09-08 00:00:00', '东方巴黎', null, null, '0', '2018-03-08 00:00:00', '1', 'JiaSi', '17');
INSERT INTO `t_contract` VALUES ('79', 'Knorr20181025102930S', '出售合同', '小明', null, '2020-09-08 00:00:00', '东方巴黎', null, null, '0', '2018-04-08 00:00:00', '1', 'JiaSi', '17');
INSERT INTO `t_contract` VALUES ('80', 'Knorr20181025102930S', '出售合同', '小明', null, '2020-09-08 00:00:00', '东方巴黎', null, null, '0', '2018-05-08 00:00:00', '11', 'JiaSi', '17');
INSERT INTO `t_contract` VALUES ('81', 'Knorr20181025102930S', '出售合同', '小明', null, '2020-09-08 00:00:00', '东方巴黎', null, null, '0', '2018-06-08 00:00:00', '9', 'JiaSi', '17');
INSERT INTO `t_contract` VALUES ('82', 'Knorr20181025102930S', '出售合同', '小明', null, '2020-09-08 00:00:00', '东方巴黎', null, null, '0', '2018-07-08 00:00:00', '6', 'JiaSi', '17');
INSERT INTO `t_contract` VALUES ('83', 'Knorr20181025102930S', '出售合同', '小明', null, '2020-09-08 00:00:00', '东方巴黎', null, null, '0', '2018-08-08 00:00:00', '13', 'JiaSi', '17');
INSERT INTO `t_contract` VALUES ('84', 'Knorr20181025102930S', '出售合同', '小明', null, '2020-09-08 00:00:00', '东方巴黎', null, null, '0', '2018-09-08 00:00:00', '1', 'JiaSi', '17');
INSERT INTO `t_contract` VALUES ('85', 'Knorr20181025102930S', '出售合同', '小明', null, '2020-09-08 00:00:00', '东方巴黎', null, null, '0', '2018-10-08 00:00:00', '5', 'JiaSi', '17');
INSERT INTO `t_contract` VALUES ('86', 'Knorr20181025102930S', '出售合同', '小明', null, '2020-09-08 00:00:00', '东方巴黎', null, null, '0', '2018-11-08 00:00:00', '21', 'JiaSi', '17');
INSERT INTO `t_contract` VALUES ('87', 'Knorr20181025102930S', '出售合同', '小明', null, '2020-09-08 00:00:00', '东方巴黎', null, null, '0', '2018-12-08 00:00:00', '4', 'JiaSi', '17');
INSERT INTO `t_contract` VALUES ('88', 'Knorr20181025105732S', '出售合同', '小明', null, '2020-09-08 00:00:00', '东方巴黎', null, null, '0', '2018-01-08 00:00:00', '6', 'XuanMing', '6');
INSERT INTO `t_contract` VALUES ('89', 'Knorr20181025105732S', '出售合同', '小明', null, '2020-09-08 00:00:00', '东方巴黎', null, null, '0', '2018-02-08 00:00:00', '4', 'XuanMing', '6');
INSERT INTO `t_contract` VALUES ('90', 'Knorr20181025105732S', '出售合同', '小明', null, '2020-09-08 00:00:00', '东方巴黎', null, null, '0', '2018-03-08 00:00:00', '16', 'XuanMing', '6');
INSERT INTO `t_contract` VALUES ('91', 'Knorr20181025105732S', '出售合同', '小明', null, '2020-09-08 00:00:00', '东方巴黎', null, null, '0', '2018-04-08 00:00:00', '3', 'XuanMing', '6');
INSERT INTO `t_contract` VALUES ('92', 'Knorr20181025105732S', '出售合同', '小明', null, '2020-09-08 00:00:00', '东方巴黎', null, null, '0', '2018-05-08 00:00:00', '6', 'XuanMing', '6');
INSERT INTO `t_contract` VALUES ('93', 'Knorr20181025105732S', '出售合同', '小明', null, '2020-09-08 00:00:00', '东方巴黎', null, null, '0', '2018-06-08 00:00:00', '18', 'XuanMing', '6');
INSERT INTO `t_contract` VALUES ('94', 'Knorr20181025105732S', '出售合同', '小明', null, '2020-09-08 00:00:00', '东方巴黎', null, null, '0', '2018-07-08 00:00:00', '14', 'XuanMing', '6');
INSERT INTO `t_contract` VALUES ('95', 'Knorr20181025105732S', '出售合同', '小明', null, '2020-09-08 00:00:00', '东方巴黎', null, null, '0', '2018-08-08 00:00:00', '14', 'XuanMing', '6');
INSERT INTO `t_contract` VALUES ('96', 'Knorr20181025105732S', '出售合同', '小明', null, '2020-09-08 00:00:00', '东方巴黎', null, null, '0', '2018-09-08 00:00:00', '24', 'XuanMing', '6');
INSERT INTO `t_contract` VALUES ('97', 'Knorr20181025105732S', '出售合同', '小明', null, '2020-09-08 00:00:00', '东方巴黎', null, null, '0', '2018-10-08 00:00:00', '5', 'XuanMing', '6');
INSERT INTO `t_contract` VALUES ('98', 'Knorr20181025105732S', '出售合同', '小明', null, '2020-09-08 00:00:00', '东方巴黎', null, null, '0', '2018-11-08 00:00:00', '7', 'XuanMing', '6');
INSERT INTO `t_contract` VALUES ('99', 'Knorr20181025105732S', '出售合同', '小明', null, '2020-09-08 00:00:00', '东方巴黎', null, null, '0', '2018-12-08 00:00:00', '14', 'XuanMing', '6');
INSERT INTO `t_contract` VALUES ('100', 'Knorr20181025105852S', '出售合同', '小明', null, '2020-09-08 00:00:00', '东方巴黎', null, null, '0', '2018-01-08 00:00:00', '21', 'LinGang', '7');
INSERT INTO `t_contract` VALUES ('101', 'Knorr20181025105852S', '出售合同', '小明', null, '2020-09-08 00:00:00', '东方巴黎', null, null, '0', '2018-02-08 00:00:00', '16', 'LinGang', '7');
INSERT INTO `t_contract` VALUES ('102', 'Knorr20181025105852S', '出售合同', '小明', null, '2020-09-08 00:00:00', '东方巴黎', null, null, '0', '2018-03-08 00:00:00', '7', 'LinGang', '7');
INSERT INTO `t_contract` VALUES ('103', 'Knorr20181025105852S', '出售合同', '小明', null, '2020-09-08 00:00:00', '东方巴黎', null, null, '0', '2018-04-08 00:00:00', '24', 'LinGang', '7');
INSERT INTO `t_contract` VALUES ('104', 'Knorr20181025105852S', '出售合同', '小明', null, '2020-09-08 00:00:00', '东方巴黎', null, null, '0', '2018-05-08 00:00:00', '11', 'LinGang', '7');
INSERT INTO `t_contract` VALUES ('105', 'Knorr20181025105852S', '出售合同', '小明', null, '2020-09-08 00:00:00', '东方巴黎', null, null, '0', '2018-06-08 00:00:00', '16', 'LinGang', '7');
INSERT INTO `t_contract` VALUES ('106', 'Knorr20181025105852S', '出售合同', '小明', null, '2020-09-08 00:00:00', '东方巴黎', null, null, '0', '2018-07-08 00:00:00', '2', 'LinGang', '7');
INSERT INTO `t_contract` VALUES ('107', 'Knorr20181025105852S', '出售合同', '小明', null, '2020-09-08 00:00:00', '东方巴黎', null, null, '0', '2018-08-08 00:00:00', '18', 'LinGang', '7');
INSERT INTO `t_contract` VALUES ('108', 'Knorr20181025105852S', '出售合同', '小明', null, '2020-09-08 00:00:00', '东方巴黎', null, null, '0', '2018-09-08 00:00:00', '19', 'LinGang', '7');
INSERT INTO `t_contract` VALUES ('109', 'Knorr20181025105852S', '出售合同', '小明', null, '2020-09-08 00:00:00', '东方巴黎', null, null, '0', '2018-10-08 00:00:00', '8', 'LinGang', '7');
INSERT INTO `t_contract` VALUES ('110', 'Knorr20181025105852S', '出售合同', '小明', null, '2020-09-08 00:00:00', '东方巴黎', null, null, '0', '2018-11-08 00:00:00', '18', 'LinGang', '7');
INSERT INTO `t_contract` VALUES ('111', 'Knorr20181025105852S', '出售合同', '小明', null, '2020-09-08 00:00:00', '东方巴黎', null, null, '0', '2018-12-08 00:00:00', '9', 'LinGang', '7');
INSERT INTO `t_contract` VALUES ('112', 'Knorr20181025105959S', '出售合同', '小明', null, '2020-09-08 00:00:00', '东方巴黎', null, null, '0', '2018-01-08 00:00:00', '8', 'JiaEr', '8');
INSERT INTO `t_contract` VALUES ('113', 'Knorr20181025105959S', '出售合同', '小明', null, '2020-09-08 00:00:00', '东方巴黎', null, null, '0', '2018-02-08 00:00:00', '22', 'JiaEr', '8');
INSERT INTO `t_contract` VALUES ('114', 'Knorr20181025105959S', '出售合同', '小明', null, '2020-09-08 00:00:00', '东方巴黎', null, null, '0', '2018-03-08 00:00:00', '5', 'JiaEr', '8');
INSERT INTO `t_contract` VALUES ('115', 'Knorr20181025105959S', '出售合同', '小明', null, '2020-09-08 00:00:00', '东方巴黎', null, null, '0', '2018-04-08 00:00:00', '1', 'JiaEr', '8');
INSERT INTO `t_contract` VALUES ('116', 'Knorr20181025105959S', '出售合同', '小明', null, '2020-09-08 00:00:00', '东方巴黎', null, null, '0', '2018-05-08 00:00:00', '10', 'JiaEr', '8');
INSERT INTO `t_contract` VALUES ('117', 'Knorr20181025105959S', '出售合同', '小明', null, '2020-09-08 00:00:00', '东方巴黎', null, null, '0', '2018-06-08 00:00:00', '2', 'JiaEr', '8');
INSERT INTO `t_contract` VALUES ('118', 'Knorr20181025105959S', '出售合同', '小明', null, '2020-09-08 00:00:00', '东方巴黎', null, null, '0', '2018-07-08 00:00:00', '11', 'JiaEr', '8');
INSERT INTO `t_contract` VALUES ('119', 'Knorr20181025105959S', '出售合同', '小明', null, '2020-09-08 00:00:00', '东方巴黎', null, null, '0', '2018-08-08 00:00:00', '23', 'JiaEr', '8');
INSERT INTO `t_contract` VALUES ('120', 'Knorr20181025105959S', '出售合同', '小明', null, '2020-09-08 00:00:00', '东方巴黎', null, null, '0', '2018-09-08 00:00:00', '23', 'JiaEr', '8');
INSERT INTO `t_contract` VALUES ('121', 'Knorr20181025105959S', '出售合同', '小明', null, '2020-09-08 00:00:00', '东方巴黎', null, null, '0', '2018-10-08 00:00:00', '24', 'JiaEr', '8');
INSERT INTO `t_contract` VALUES ('122', 'Knorr20181025105959S', '出售合同', '小明', null, '2020-09-08 00:00:00', '东方巴黎', null, null, '0', '2018-11-08 00:00:00', '1', 'JiaEr', '8');
INSERT INTO `t_contract` VALUES ('123', 'Knorr20181025105959S', '出售合同', '小明', null, '2020-09-08 00:00:00', '东方巴黎', null, null, '0', '2018-12-08 00:00:00', '11', 'JiaEr', '8');
INSERT INTO `t_contract` VALUES ('124', 'Knorr20181025110047S', '出售合同', '小明', null, '2020-09-08 00:00:00', '东方巴黎', null, null, '0', '2018-01-08 00:00:00', '4', 'ZhangSan', '9');
INSERT INTO `t_contract` VALUES ('125', 'Knorr20181025110047S', '出售合同', '小明', null, '2020-09-08 00:00:00', '东方巴黎', null, null, '0', '2018-02-08 00:00:00', '4', 'ZhangSan', '9');
INSERT INTO `t_contract` VALUES ('126', 'Knorr20181025110047S', '出售合同', '小明', null, '2020-09-08 00:00:00', '东方巴黎', null, null, '0', '2018-03-08 00:00:00', '13', 'ZhangSan', '9');
INSERT INTO `t_contract` VALUES ('127', 'Knorr20181025110047S', '出售合同', '小明', null, '2020-09-08 00:00:00', '东方巴黎', null, null, '0', '2018-04-08 00:00:00', '19', 'ZhangSan', '9');
INSERT INTO `t_contract` VALUES ('128', 'Knorr20181025110047S', '出售合同', '小明', null, '2020-09-08 00:00:00', '东方巴黎', null, null, '0', '2018-05-08 00:00:00', '10', 'ZhangSan', '9');
INSERT INTO `t_contract` VALUES ('129', 'Knorr20181025110047S', '出售合同', '小明', null, '2020-09-08 00:00:00', '东方巴黎', null, null, '0', '2018-06-08 00:00:00', '1', 'ZhangSan', '9');
INSERT INTO `t_contract` VALUES ('130', 'Knorr20181025110047S', '出售合同', '小明', null, '2020-09-08 00:00:00', '东方巴黎', null, null, '0', '2018-07-08 00:00:00', '13', 'ZhangSan', '9');
INSERT INTO `t_contract` VALUES ('131', 'Knorr20181025110047S', '出售合同', '小明', null, '2020-09-08 00:00:00', '东方巴黎', null, null, '0', '2018-08-08 00:00:00', '18', 'ZhangSan', '9');
INSERT INTO `t_contract` VALUES ('132', 'Knorr20181025110047S', '出售合同', '小明', null, '2020-09-08 00:00:00', '东方巴黎', null, null, '0', '2018-09-08 00:00:00', '1', 'ZhangSan', '9');
INSERT INTO `t_contract` VALUES ('133', 'Knorr20181025110047S', '出售合同', '小明', null, '2020-09-08 00:00:00', '东方巴黎', null, null, '0', '2018-10-08 00:00:00', '18', 'ZhangSan', '9');
INSERT INTO `t_contract` VALUES ('134', 'Knorr20181025110047S', '出售合同', '小明', null, '2020-09-08 00:00:00', '东方巴黎', null, null, '0', '2018-11-08 00:00:00', '7', 'ZhangSan', '9');
INSERT INTO `t_contract` VALUES ('135', 'Knorr20181025110047S', '出售合同', '小明', null, '2020-09-08 00:00:00', '东方巴黎', null, null, '0', '2018-12-08 00:00:00', '8', 'ZhangSan', '9');

-- ----------------------------
-- Table structure for `t_email`
-- ----------------------------
DROP TABLE IF EXISTS `t_email`;
CREATE TABLE `t_email` (
  `id` bigint(20) NOT NULL AUTO_INCREMENT,
  `emailAttachment` varchar(255) COLLATE utf8_bin DEFAULT NULL,
  `emailContent` varchar(255) COLLATE utf8_bin DEFAULT NULL,
  `emailFrom` varchar(255) COLLATE utf8_bin DEFAULT NULL,
  `emailStatus` int(11) DEFAULT NULL,
  `emailSubject` varchar(255) COLLATE utf8_bin DEFAULT NULL,
  `emailTo` varchar(255) COLLATE utf8_bin DEFAULT NULL,
  `inboxStatus` int(11) DEFAULT NULL,
  `readStatus` int(11) DEFAULT NULL,
  `replyStatus` int(11) DEFAULT NULL,
  `sendTime` datetime DEFAULT NULL,
  `employee_id` bigint(20) DEFAULT NULL,
  PRIMARY KEY (`id`),
  KEY `FKr3av21qysrqr7d509i4ag3pux` (`employee_id`)
) ENGINE=MyISAM DEFAULT CHARSET=utf8 COLLATE=utf8_bin;

-- ----------------------------
-- Records of t_email
-- ----------------------------

-- ----------------------------
-- Table structure for `t_employee`
-- ----------------------------
DROP TABLE IF EXISTS `t_employee`;
CREATE TABLE `t_employee` (
  `id` bigint(20) NOT NULL AUTO_INCREMENT,
  `email` varchar(255) COLLATE utf8_bin DEFAULT NULL,
  `employeeName` varchar(255) COLLATE utf8_bin NOT NULL,
  `employeeNumber` varchar(255) COLLATE utf8_bin NOT NULL,
  `password` varchar(255) COLLATE utf8_bin NOT NULL,
  `picture` varchar(255) COLLATE utf8_bin DEFAULT NULL,
  `post` varchar(255) COLLATE utf8_bin DEFAULT NULL,
  `quotation` varchar(255) COLLATE utf8_bin DEFAULT NULL,
  `store_id` bigint(20) DEFAULT NULL,
  `status` varchar(255) COLLATE utf8_bin DEFAULT NULL,
  PRIMARY KEY (`id`),
  UNIQUE KEY `UK_kltvbp6nenn0krqlwvdx9s0jv` (`employeeNumber`),
  KEY `FKd2ci4wnee96xcn5ngpq87plqh` (`store_id`)
) ENGINE=MyISAM AUTO_INCREMENT=54 DEFAULT CHARSET=utf8 COLLATE=utf8_bin;

-- ----------------------------
-- Records of t_employee
-- ----------------------------
INSERT INTO `t_employee` VALUES ('1', null, 'admin', 'admin', '21232f297a57a5a743894a0e4a801fc3', '1.png', 'admin', '虽千万人，吾往矣', '1', '离线');
INSERT INTO `t_employee` VALUES ('2', null, 'WangJun', 'WangJun', '2f3ea981fa5a715a69118b48e576a9f5', '2.png', '经理', '人之相识，贵在相知；人之相知，贵在知心', '1', '离线');
INSERT INTO `t_employee` VALUES ('3', null, 'GuLi', 'GuLi', 'b642ba2271d25d87c833e4c0dc4d7fa', '3.png', '人事经理', '人若无志，与禽兽同类', '1', '离线');
INSERT INTO `t_employee` VALUES ('4', null, 'LiSi', 'LiSi', 'f2b29623b71270c404b47c5506ca722c', '4.png', '房产经纪人', '尽信书，则不如无书', '1', '离线');
INSERT INTO `t_employee` VALUES ('5', null, 'JaYi', 'JaYi', '88d62ea5c711b13bc970c5c552acfff1', '5.png', '财务经理', '权，然后知轻重；度，然后知长短', '1', '离线');
INSERT INTO `t_employee` VALUES ('6', null, 'XuanMing', 'XuanMing', '5fd50b5d1baea5f3e2d1f416618a6a70', '6.png', '经理', '养心莫善于寡欲', '2', '离线');
INSERT INTO `t_employee` VALUES ('7', null, 'LinGang', 'LinGang', '59b0cfbf19c713dba020a60f547befc0', '7.png', '人事经理', '穷则独善其身，达则兼济天下', '2', '离线');
INSERT INTO `t_employee` VALUES ('8', null, 'JiaEr', 'JiaEr', 'cfc390525a66e9a395828660288e5e6e', '8.png', '财务经理', '仰不愧于天，俯不怍于人', '2', '离线');
INSERT INTO `t_employee` VALUES ('9', null, 'ZhangSan', 'ZhangSan', 'aab4811cffaec3a78c2359cef8c51af4', '9.png', '房产经纪人', '道之所在，虽千万人吾往矣', '2', '离线');
INSERT INTO `t_employee` VALUES ('10', null, 'LiJun', 'LiJun', 'bc20e54573d2db853852f86802ab83de', '10.png', '经理', '劳心者治人，劳力者治于人', '3', '离线');
INSERT INTO `t_employee` VALUES ('11', null, 'LinXiao', 'LinXiao', '8bd77c05192decfa1a28f0261a6041ba', '11.png', '人事经理', '生于忧患，死于安乐', '3', '离线');
INSERT INTO `t_employee` VALUES ('12', null, 'WangWu', 'WangWu', '56ed1afe5ccf20bc8e455a80ec343bfc', '12.png', '房产经纪人', '不以规矩，无以成方圆', '3', '离线');
INSERT INTO `t_employee` VALUES ('13', null, 'JiaSan', 'JiaSan', 'fbdde2ba4891210f06f0740fc925ce8b', '13.png', '财务经理', '穷不失义，达不离道', '3', '离线');
INSERT INTO `t_employee` VALUES ('14', null, 'LiYa', 'LiYa', 'c15dca1dd47bb240c99f7cf6481272a5', '14.png', '经理', '得道者多助，失道者寡助', '4', '离线');
INSERT INTO `t_employee` VALUES ('15', null, 'LinTian', 'LinTian', '97d6d5f5f9d76393980b1ebcd0d82bb8', '15.png', '人事经理', '老吾老以及人之老；幼吾幼以及人之幼', '4', '离线');
INSERT INTO `t_employee` VALUES ('16', null, 'WuLu', 'WuLu', '390eac067bd9e05c4712d6cc8a405890', '10.png', '房产经纪人', '天下之本在国，国之本在家，家之本在身', '4', '离线');
INSERT INTO `t_employee` VALUES ('17', null, 'JiaSi', 'JiaSi', 'f14de7b32801584e98e8d3fd09507d68', '17.png', '财务经理', '民为贵，社稷次之，君为轻', '4', '离线');
INSERT INTO `t_employee` VALUES ('18', null, 'LiNan', 'LiNan', 'be33d74fcb297deee4a8f12367baa4de', '18.png', '经理', '吾善养浩然之气', '5', '离线');
INSERT INTO `t_employee` VALUES ('19', null, 'LinJie', 'LinJie', '4da9df32f0549fd84e52ca592356f954', '19.png', '人事经理', '言近而指远者，善言也', '5', '离线');
INSERT INTO `t_employee` VALUES ('20', null, 'WuTian', 'WuTian', '975b5514d989f04215e45ad52cd730f9', '1.png', '房产经纪人', '言近而指远者，善言也', '5', '离线');
INSERT INTO `t_employee` VALUES ('21', null, 'JiaQi', 'JiaQi', 'd971df9441d60af93a87545e6a8f8841', '2.png', '财务经理', '行有不得，反求诸己', '5', '离线');
INSERT INTO `t_employee` VALUES ('22', null, 'LiMing', 'LiMing', 'dbe83fd8da75338203d4e8dd0e20be17', '3.png', '经理', '君子可欺之以方，难罔以非其道', '6', '离线');
INSERT INTO `t_employee` VALUES ('23', null, 'LinLi', 'LinLi', '84e9edb45602671fc0899e2c5a23f482', '4.png', '人事经理', '富贵不能淫，贫贱不能移，威武不能屈', '6', '离线');
INSERT INTO `t_employee` VALUES ('24', null, 'WangSan', 'WangSan', 'a04b3767af3058ed349daba19d98247f', '5.png', '房产经纪人', '质胜文则野，文胜质则史', '6', '离线');
INSERT INTO `t_employee` VALUES ('25', null, 'JiaBai', 'JiaBai', '742cbcff067d6990ad22096576df05ca', '6.png', '财务经理', '惟孝顺父母，可以解忧', '6', '离线');
INSERT INTO `t_employee` VALUES ('26', null, 'ZhangNan', 'ZhangNan', '50541ce48b62a59478859829bdda8bad', '7.png', '经理', '仁者如射，射者正已而后发', '7', '离线');
INSERT INTO `t_employee` VALUES ('27', null, 'LinYiJie', 'LinYiJie', '8bcec842ce9c9aa7de8d2801937d78f6', '8.png', '人事经理', '不怨天不尤人，不迁怒不二过', '7', '离线');
INSERT INTO `t_employee` VALUES ('28', null, 'WuYiTian', 'WuYiTian', '770fffab3e3fe150637ff1c3302e37d6', '9.png', '房产经纪人', '失天下者，失其民也；失其民者，失其心也', '7', '离线');
INSERT INTO `t_employee` VALUES ('29', null, 'JiaJiu', 'JiaJiu', '47125a5f53a662680b5b863507326ffc', '10.png', '财务经理', '万钟则不辩礼义而受之，万钟于我何加焉', '7', '离线');
INSERT INTO `t_employee` VALUES ('30', null, 'ZhangXiaoNan', 'ZhangXiaoNan', 'f7618dd9216b3bb35f9be4ef85389c12', '11.png', '经理', '志士不忘在沟壑，勇士不忘在其元', '8', '离线');
INSERT INTO `t_employee` VALUES ('31', null, 'LinXiaoJie', 'LinXiaoJie', '528e9fa60d3359922eb14c4d16611230', '13.png', '人事经理', '心之官则思，思则得之，不思则不得也', '8', '离线');
INSERT INTO `t_employee` VALUES ('32', null, 'WuXiaoTian', 'WuXiaoTian', '8ecacfda1995f3ebb7f7c1f36614d425', '14.png', '房产经纪人', '独乐乐不如众乐乐', '8', '离线');
INSERT INTO `t_employee` VALUES ('33', null, 'JiaShi', 'JiaShi', '86720af528d24a74fc823bde470678f2', '15.png', '财务经理', '君子之守，修其身而天下平', '8', '离线');
INSERT INTO `t_employee` VALUES ('34', null, 'LiuXiaoNan', 'LiuXiaoNan', 'c82686063c6b138a04febe6630d19274', '16.png', '经理', null, '9', '离线');
INSERT INTO `t_employee` VALUES ('35', null, 'LiuXiaoJie', 'LiuXiaoJie', '7da88bad8b6b606989e3337e8869aead', '17.png', '人事经理', null, '9', '离线');
INSERT INTO `t_employee` VALUES ('36', null, 'WuXiaoXiao', 'WuXiaoXiao', '966757a1c2a6e38c7355f0d8d65d157b', '18.png', '房产经纪人', null, '9', '离线');
INSERT INTO `t_employee` VALUES ('37', null, 'LeYi', 'LeYi', '42934859769752fba46df68374abee29', '19.png', '财务经理', null, '9', '离线');
INSERT INTO `t_employee` VALUES ('38', null, 'LiMingMing', 'LiMingMing', 'd4172513a29889bb78f644549e99f93f', '1.png', '经理', null, '10', '离线');
INSERT INTO `t_employee` VALUES ('39', null, 'LinLiLi', 'LinLiLi', 'fce832eb92103cf592ad7313f84f4f4b', '2.png', '人事经理', null, '10', '离线');
INSERT INTO `t_employee` VALUES ('40', null, 'WangSanSan', 'WangSanSan', '308ada00e527aace24185ac1216864a4', '4.png', '房产经纪人', null, '10', '离线');
INSERT INTO `t_employee` VALUES ('41', null, 'LeEr', 'LeEr', 'bb3beafc745ebfe96903a7cf4ed21c02', '5.png', '财务经理', null, '10', '离线');
INSERT INTO `t_employee` VALUES ('42', null, 'LiuNanNan', 'LiuNanNan', 'a607a2b0ab25be493ecee22fa2a0dcc7', '6.png', '经理', null, '11', '离线');
INSERT INTO `t_employee` VALUES ('43', null, 'LiuJieJie', 'LiuJieJie', '3f87e1ae6fd548d201d1bb2da3f4196f', '6.png', '人事经理', null, '11', '离线');
INSERT INTO `t_employee` VALUES ('44', null, 'WuGang', 'WuGang', '6af5eb141ad012670b4eb92a956339a0', '7.png', '房产经纪人', null, '11', '离线');
INSERT INTO `t_employee` VALUES ('45', null, 'LeSan', 'LeSan', 'e6096c2a621b6bf66b317db86505cc66', '8.png', '财务经理', null, '11', '离线');
INSERT INTO `t_employee` VALUES ('46', null, 'ZhangNanNan', 'ZhangNanNan', 'e375c6d64416244e4f85a7caaca7af13', '9.png', '经理', null, '12', '离线');
INSERT INTO `t_employee` VALUES ('47', null, 'CaiYi', 'CaiYi', '8dfb7920aa501b8d35641e6243ead6cb', '10.png', '人事经理', null, '12', '离线');
INSERT INTO `t_employee` VALUES ('48', null, 'CaiGang', 'CaiGang', '4de3551a25d3cc461db6432ae023123f', '11.png', '房产经纪人', null, '12', '离线');
INSERT INTO `t_employee` VALUES ('49', null, 'LeSi', 'LeSi', 'b4e7d263d16e28f1b9c91fcd230046cd', '12.png', '财务经理', null, '12', '离线');
INSERT INTO `t_employee` VALUES ('50', null, 'YiTian', 'YiTian', '9f60a994e1b7591bf417a03cfaf7faf4', '13.png', '经理', null, '13', '离线');
INSERT INTO `t_employee` VALUES ('51', null, 'YiLai', 'YiLai', 'a7884f29233f00fa2da0d925742afd37', '14.png', '人事经理', null, '13', '离线');
INSERT INTO `t_employee` VALUES ('52', null, 'YiGang', 'YiGang', 'be456e160924a64e374766e8893b6eb7', '15.png', '房产经纪人', null, '13', '离线');
INSERT INTO `t_employee` VALUES ('53', null, 'LeWu', 'LeWu', '6d9090ec9e0c475a08ab7223f87517b8', '16.png', '财务经理', null, '13', '离线');

-- ----------------------------
-- Table structure for `t_event`
-- ----------------------------
DROP TABLE IF EXISTS `t_event`;
CREATE TABLE `t_event` (
  `id` bigint(20) NOT NULL AUTO_INCREMENT,
  `allDay` bit(1) DEFAULT NULL,
  `calendarId` bigint(20) DEFAULT NULL,
  `description` varchar(255) COLLATE utf8_bin DEFAULT NULL,
  `endDate` datetime DEFAULT NULL,
  `startDate` datetime DEFAULT NULL,
  `title` varchar(255) COLLATE utf8_bin DEFAULT NULL,
  PRIMARY KEY (`id`)
) ENGINE=MyISAM DEFAULT CHARSET=utf8 COLLATE=utf8_bin;

-- ----------------------------
-- Records of t_event
-- ----------------------------

-- ----------------------------
-- Table structure for `t_leave`
-- ----------------------------
DROP TABLE IF EXISTS `t_leave`;
CREATE TABLE `t_leave` (
  `id` bigint(20) NOT NULL AUTO_INCREMENT,
  `applyTime` datetime DEFAULT NULL,
  `depReason` varchar(255) COLLATE utf8_bin DEFAULT NULL,
  `endTime` datetime DEFAULT NULL,
  `hrReason` varchar(255) COLLATE utf8_bin DEFAULT NULL,
  `leaveType` varchar(255) COLLATE utf8_bin DEFAULT NULL,
  `processInstanceId` varchar(255) COLLATE utf8_bin DEFAULT NULL,
  `processStatus` varchar(255) COLLATE utf8_bin DEFAULT NULL,
  `realityEndTime` datetime DEFAULT NULL,
  `realityStartTime` datetime DEFAULT NULL,
  `reason` varchar(255) COLLATE utf8_bin DEFAULT NULL,
  `startTime` datetime DEFAULT NULL,
  `userId` varchar(255) COLLATE utf8_bin DEFAULT NULL,
  PRIMARY KEY (`id`)
) ENGINE=MyISAM DEFAULT CHARSET=utf8 COLLATE=utf8_bin;

-- ----------------------------
-- Records of t_leave
-- ----------------------------

-- ----------------------------
-- Table structure for `t_log`
-- ----------------------------
DROP TABLE IF EXISTS `t_log`;
CREATE TABLE `t_log` (
  `id` bigint(20) NOT NULL AUTO_INCREMENT,
  `exception` varchar(255) COLLATE utf8_bin DEFAULT NULL,
  `method` varchar(255) COLLATE utf8_bin DEFAULT NULL,
  `operateDate` datetime DEFAULT NULL,
  `params` varchar(255) COLLATE utf8_bin DEFAULT NULL,
  `remoteAddr` varchar(255) COLLATE utf8_bin DEFAULT NULL,
  `requestUri` varchar(255) COLLATE utf8_bin DEFAULT NULL,
  `time` bigint(20) DEFAULT NULL,
  `title` varchar(255) COLLATE utf8_bin DEFAULT NULL,
  `type` varchar(255) COLLATE utf8_bin DEFAULT NULL,
  `employee_id` bigint(20) DEFAULT NULL,
  PRIMARY KEY (`id`),
  KEY `FKi0ft3ajtm8f9xct4def03w2eb` (`employee_id`)
) ENGINE=MyISAM AUTO_INCREMENT=1586 DEFAULT CHARSET=utf8 COLLATE=utf8_bin;

-- ----------------------------
-- Records of t_log
-- ----------------------------
INSERT INTO `t_log` VALUES ('1', null, 'GET', '2018-10-24 15:07:24', '_dc=1540364844181&page=1&start=0&limit=25', '0:0:0:0:0:0:0:1', '/store/findAllStore', '39', 'findAllStore', 'info', null);
INSERT INTO `t_log` VALUES ('2', null, 'GET', '2018-10-24 15:07:24', '_dc=1540364844178&page=1&start=0&limit=25', '0:0:0:0:0:0:0:1', '/store/findAllStore', '39', 'findAllStore', 'info', null);
INSERT INTO `t_log` VALUES ('3', null, 'POST', '2018-10-24 15:07:39', 'userName=LiSi&password=', '0:0:0:0:0:0:0:1', '/login', '63', '登录系统', 'info', '4');
INSERT INTO `t_log` VALUES ('4', null, 'GET', '2018-10-24 15:07:39', '_dc=1540364859211', '0:0:0:0:0:0:0:1', '/attence/isAttence', '51', '考勤操作', 'info', '4');
INSERT INTO `t_log` VALUES ('5', null, 'GET', '2018-10-24 15:07:42', '_dc=1540364862247&page=1&start=0&limit=20&group={\"property\":\"day\",\"direction\":\"ASC\"}&sort=id&dir=ASC', '0:0:0:0:0:0:0:1', '/contract', '23', '查看合同信息', 'info', '4');
INSERT INTO `t_log` VALUES ('6', null, 'GET', '2018-10-24 15:07:49', '_dc=1540364868635&page=1&start=0&limit=20&group={\"property\":\"day\",\"direction\":\"ASC\"}&sort=id&dir=ASC', '0:0:0:0:0:0:0:1', '/contract', '8', '查看合同信息', 'info', '4');
INSERT INTO `t_log` VALUES ('7', null, 'POST', '2018-10-24 15:07:49', '_dc=1540364868555', '0:0:0:0:0:0:0:1', '/contract', '31', '保存合同信息', 'info', '4');
INSERT INTO `t_log` VALUES ('8', null, 'GET', '2018-10-24 15:07:50', '_dc=1540364869881&start=0&limit=20&page=1&contractNumber=&customerName=&contractType=&houseName=&timeStart=&timeEnd=&group={\"property\":\"day\",\"direction\":\"ASC\"}&sort=id&dir=ASC', '0:0:0:0:0:0:0:1', '/contract', '29', '查看合同信息', 'info', '4');
INSERT INTO `t_log` VALUES ('9', null, 'GET', '2018-10-24 15:07:57', '_dc=1540364876605&page=1&start=0&limit=15&sort=id&dir=desc', '0:0:0:0:0:0:0:1', '/process-definition', '37', '流程定义列表', 'info', '4');
INSERT INTO `t_log` VALUES ('10', null, 'POST', '2018-10-24 15:08:06', '', '0:0:0:0:0:0:0:1', '/process-definition', '3003', '上传并部署流程资源', 'info', '4');
INSERT INTO `t_log` VALUES ('11', null, 'GET', '2018-10-24 15:08:10', '_dc=1540364889738&page=1&start=0&limit=15&sort=id&dir=desc', '0:0:0:0:0:0:0:1', '/process-definition', '24', '流程定义列表', 'info', '4');
INSERT INTO `t_log` VALUES ('12', null, 'POST', '2018-10-24 15:08:14', 'id=1', '0:0:0:0:0:0:0:1', '/contract/start', '820', '启动合同审批流程', 'info', '4');
INSERT INTO `t_log` VALUES ('13', null, 'POST', '2018-10-24 15:08:14', 'id=1', '0:0:0:0:0:0:0:1', '/contract/start', '471', '启动合同审批流程', 'info', '4');
INSERT INTO `t_log` VALUES ('14', null, 'GET', '2018-10-24 15:08:16', '_dc=1540364895769&start=0&limit=20&page=1&contractNumber=&customerName=&contractType=&houseName=&timeStart=&timeEnd=&group={\"property\":\"day\",\"direction\":\"ASC\"}&sort=id&dir=ASC', '0:0:0:0:0:0:0:1', '/contract', '12', '查看合同信息', 'info', '4');
INSERT INTO `t_log` VALUES ('15', null, 'POST', '2018-10-24 15:08:20', '', '0:0:0:0:0:0:0:1', '/logout', '0', '退出登录', 'info', null);
INSERT INTO `t_log` VALUES ('16', null, 'GET', '2018-10-24 15:08:21', '_dc=1540364901372&page=1&start=0&limit=25', '0:0:0:0:0:0:0:1', '/store/findAllStore', '2', 'findAllStore', 'info', null);
INSERT INTO `t_log` VALUES ('17', null, 'GET', '2018-10-24 15:08:21', '_dc=1540364901374&page=1&start=0&limit=25', '0:0:0:0:0:0:0:1', '/store/findAllStore', '2', 'findAllStore', 'info', null);
INSERT INTO `t_log` VALUES ('18', null, 'POST', '2018-10-24 15:08:39', 'userName=JaYi&password=', '0:0:0:0:0:0:0:1', '/login', '65', '登录系统', 'info', '5');
INSERT INTO `t_log` VALUES ('19', null, 'GET', '2018-10-24 15:08:39', '_dc=1540364919155', '0:0:0:0:0:0:0:1', '/attence/isAttence', '2', '考勤操作', 'info', '5');
INSERT INTO `t_log` VALUES ('20', null, 'GET', '2018-10-24 15:08:44', '_dc=1540364923983&page=1&start=0&limit=25&group={\"property\":\"taskName\",\"direction\":\"ASC\"}&sort=id&dir=desc', '0:0:0:0:0:0:0:1', '/contract/tasks', '57', '查询待处理合同审批任务', 'info', '5');
INSERT INTO `t_log` VALUES ('21', null, 'POST', '2018-10-24 15:08:54', 'keys=deptLeaderPass,deptLeaderBackReason&values=true,&types=B,S', '0:0:0:0:0:0:0:1', '/contract/complete/2525', '242', '完成合同审批任务', 'info', '5');
INSERT INTO `t_log` VALUES ('22', null, 'GET', '2018-10-24 15:08:55', '_dc=1540364935091&page=1&start=0&limit=25&group={\"property\":\"taskName\",\"direction\":\"ASC\"}&sort=id&dir=desc', '0:0:0:0:0:0:0:1', '/contract/tasks', '25', '查询待处理合同审批任务', 'info', '5');
INSERT INTO `t_log` VALUES ('23', null, 'POST', '2018-10-24 15:08:57', '', '0:0:0:0:0:0:0:1', '/logout', '0', '退出登录', 'info', null);
INSERT INTO `t_log` VALUES ('24', null, 'GET', '2018-10-24 15:08:59', '_dc=1540364938817&page=1&start=0&limit=25', '0:0:0:0:0:0:0:1', '/store/findAllStore', '1', 'findAllStore', 'info', null);
INSERT INTO `t_log` VALUES ('25', null, 'GET', '2018-10-24 15:08:59', '_dc=1540364938821&page=1&start=0&limit=25', '0:0:0:0:0:0:0:1', '/store/findAllStore', '2', 'findAllStore', 'info', null);
INSERT INTO `t_log` VALUES ('26', null, 'POST', '2018-10-24 15:09:15', 'userName=WangJun&password=', '0:0:0:0:0:0:0:1', '/login', '10', '登录系统', 'info', '2');
INSERT INTO `t_log` VALUES ('27', null, 'GET', '2018-10-24 15:09:15', '_dc=1540364955159', '0:0:0:0:0:0:0:1', '/attence/isAttence', '2', '考勤操作', 'info', '2');
INSERT INTO `t_log` VALUES ('28', null, 'GET', '2018-10-24 15:09:18', '_dc=1540364958114&page=1&start=0&limit=25&group={\"property\":\"taskName\",\"direction\":\"ASC\"}&sort=id&dir=desc', '0:0:0:0:0:0:0:1', '/contract/tasks', '15', '查询待处理合同审批任务', 'info', '2');
INSERT INTO `t_log` VALUES ('29', null, 'POST', '2018-10-24 15:09:31', 'keys=manLeaderPass,managerBackReason&values=true,&types=B,S', '0:0:0:0:0:0:0:1', '/contract/complete/2530', '50', '完成合同审批任务', 'info', '2');
INSERT INTO `t_log` VALUES ('30', null, 'POST', '2018-10-24 15:23:23', '', '0:0:0:0:0:0:0:1', '/logout', '6', '退出登录', 'info', null);
INSERT INTO `t_log` VALUES ('31', null, 'GET', '2018-10-24 15:23:25', '_dc=1540365804840&page=1&start=0&limit=25', '0:0:0:0:0:0:0:1', '/store/findAllStore', '29', 'findAllStore', 'info', null);
INSERT INTO `t_log` VALUES ('32', null, 'GET', '2018-10-24 15:23:25', '_dc=1540365804843&page=1&start=0&limit=25', '0:0:0:0:0:0:0:1', '/store/findAllStore', '30', 'findAllStore', 'info', null);
INSERT INTO `t_log` VALUES ('33', null, 'POST', '2018-10-24 15:23:30', 'userName=admin&password=', '0:0:0:0:0:0:0:1', '/login', '48', '登录系统', 'info', '1');
INSERT INTO `t_log` VALUES ('34', null, 'GET', '2018-10-24 15:23:30', '_dc=1540365809654', '0:0:0:0:0:0:0:1', '/attence/isAttence', '42', '考勤操作', 'info', '1');
INSERT INTO `t_log` VALUES ('35', null, 'GET', '2018-10-24 15:23:33', '', '0:0:0:0:0:0:0:1', '/group/current', '1', '权限限制', 'info', '1');
INSERT INTO `t_log` VALUES ('36', null, 'GET', '2018-10-24 15:23:33', '', '0:0:0:0:0:0:0:1', '/user/current', '7', '权限限制', 'info', '1');
INSERT INTO `t_log` VALUES ('37', null, 'GET', '2018-10-24 15:23:34', '', '0:0:0:0:0:0:0:1', '/group/current', '0', '权限限制', 'info', '1');
INSERT INTO `t_log` VALUES ('38', null, 'GET', '2018-10-24 15:23:34', '', '0:0:0:0:0:0:0:1', '/user/current', '0', '权限限制', 'info', '1');
INSERT INTO `t_log` VALUES ('39', null, 'GET', '2018-10-24 15:23:35', '', '0:0:0:0:0:0:0:1', '/user/current', '0', '权限限制', 'info', '1');
INSERT INTO `t_log` VALUES ('40', null, 'GET', '2018-10-24 15:23:35', '', '0:0:0:0:0:0:0:1', '/group/current', '0', '权限限制', 'info', '1');
INSERT INTO `t_log` VALUES ('41', null, 'GET', '2018-10-24 15:23:37', '', '0:0:0:0:0:0:0:1', '/group/current', '0', '权限限制', 'info', '1');
INSERT INTO `t_log` VALUES ('42', null, 'GET', '2018-10-24 15:23:37', '', '0:0:0:0:0:0:0:1', '/user/current', '0', '权限限制', 'info', '1');
INSERT INTO `t_log` VALUES ('43', null, 'GET', '2018-10-24 15:23:38', '', '0:0:0:0:0:0:0:1', '/group/current', '0', '权限限制', 'info', '1');
INSERT INTO `t_log` VALUES ('44', null, 'GET', '2018-10-24 15:23:38', '', '0:0:0:0:0:0:0:1', '/user/current', '0', '权限限制', 'info', '1');
INSERT INTO `t_log` VALUES ('45', null, 'GET', '2018-10-24 15:23:48', '', '0:0:0:0:0:0:0:1', '/user/current', '0', '权限限制', 'info', '1');
INSERT INTO `t_log` VALUES ('46', null, 'GET', '2018-10-24 15:23:48', '', '0:0:0:0:0:0:0:1', '/group/current', '0', '权限限制', 'info', '1');
INSERT INTO `t_log` VALUES ('47', null, 'GET', '2018-10-24 15:23:53', '_dc=1540365832489&page=1&start=0&limit=20&group={\"property\":\"day\",\"direction\":\"ASC\"}&sort=id&dir=ASC', '0:0:0:0:0:0:0:1', '/contract', '21', '查看合同信息', 'info', '1');
INSERT INTO `t_log` VALUES ('48', null, 'GET', '2018-10-24 15:23:55', '_dc=1540365834751&page=1&start=0&limit=25&group={\"property\":\"taskName\",\"direction\":\"ASC\"}&sort=id&dir=desc', '0:0:0:0:0:0:0:1', '/contract/tasks', '31', '查询待处理合同审批任务', 'info', '1');
INSERT INTO `t_log` VALUES ('49', null, 'GET', '2018-10-24 15:23:57', '_dc=1540365837361&page=1&start=0&limit=25', '0:0:0:0:0:0:0:1', '/notice', '10', '查看公告', 'info', '1');
INSERT INTO `t_log` VALUES ('50', null, 'GET', '2018-10-24 15:23:59', '_dc=1540365838693&page=1&start=0&limit=25', '0:0:0:0:0:0:0:1', '/achievement', '15', '查询销售员月销售额', 'info', '1');
INSERT INTO `t_log` VALUES ('51', null, 'GET', '2018-10-24 15:23:59', '_dc=1540365838697&page=1&start=0&limit=25', '0:0:0:0:0:0:0:1', '/achievement/analyse', '15', '数据分析', 'info', '1');
INSERT INTO `t_log` VALUES ('52', null, 'GET', '2018-10-24 15:23:59', '_dc=1540365838703&page=1&start=0&limit=25', '0:0:0:0:0:0:0:1', '/store/findAllStore', '2', 'findAllStore', 'info', '1');
INSERT INTO `t_log` VALUES ('53', null, 'GET', '2018-10-24 15:23:59', '_dc=1540365838700&page=1&start=0&limit=25', '0:0:0:0:0:0:0:1', '/achievement/sort', '46', '业绩排行', 'info', '1');
INSERT INTO `t_log` VALUES ('54', null, 'GET', '2018-10-24 15:24:01', '_dc=1540365841224&page=1&start=0&limit=25', '0:0:0:0:0:0:0:1', '/addressList', '55', '查看通讯录', 'info', '1');
INSERT INTO `t_log` VALUES ('55', null, 'GET', '2018-10-24 15:24:02', '_dc=1540365842106&page=1&start=0&limit=25', '0:0:0:0:0:0:0:1', '/calendar/findCalendars', '3', '查看行程', 'info', '1');
INSERT INTO `t_log` VALUES ('56', null, 'GET', '2018-10-24 15:24:02', '_dc=1540365842173&calendar=1&startDate=2018-07-30T00:00:00.000Z&endDate=2019-01-04T00:00:00.000Z', '0:0:0:0:0:0:0:1', '/calendar/finds', '6', '查看行程', 'info', '1');
INSERT INTO `t_log` VALUES ('57', null, 'GET', '2018-10-24 15:24:02', '_dc=1540365842180&calendar=3&startDate=2018-07-30T00:00:00.000Z&endDate=2019-01-04T00:00:00.000Z', '0:0:0:0:0:0:0:1', '/calendar/finds', '6', '查看行程', 'info', '1');
INSERT INTO `t_log` VALUES ('58', null, 'GET', '2018-10-24 15:24:02', '_dc=1540365842177&calendar=2&startDate=2018-07-30T00:00:00.000Z&endDate=2019-01-04T00:00:00.000Z', '0:0:0:0:0:0:0:1', '/calendar/finds', '7', '查看行程', 'info', '1');
INSERT INTO `t_log` VALUES ('59', null, 'GET', '2018-10-24 15:24:04', '_dc=1540365843626&page=1&start=0&limit=20&group={\"property\":\"day\",\"direction\":\"ASC\"}&sort=id&dir=ASC', '0:0:0:0:0:0:0:1', '/attence', '8', '查看个人的考勤记录', 'info', '1');
INSERT INTO `t_log` VALUES ('60', null, 'GET', '2018-10-24 15:24:04', '_dc=1540365843631&page=1&start=0&limit=15&group={\"property\":\"leaveType\",\"direction\":\"ASC\"}&sort=id&dir=DESC', '0:0:0:0:0:0:0:1', '/leave', '13', '查看个人请假信息', 'info', '1');
INSERT INTO `t_log` VALUES ('61', null, 'GET', '2018-10-24 15:24:08', '_dc=1540365847949&page=1&start=0&limit=25&group={\"property\":\"storeName\",\"direction\":\"ASC\"}&sort=id&dir=desc', '0:0:0:0:0:0:0:1', '/attence/getAllAttence', '9', '查看所有的考勤记录', 'info', '1');
INSERT INTO `t_log` VALUES ('62', null, 'GET', '2018-10-24 15:24:10', '_dc=1540365850443&page=1&start=0&limit=25&sort=id&dir=desc', '0:0:0:0:0:0:0:1', '/leave/tasks', '16', '查询待处理请假任务', 'info', '1');
INSERT INTO `t_log` VALUES ('63', null, 'GET', '2018-10-24 15:24:10', '_dc=1540365850447&page=1&start=0&limit=25&sort=id&dir=desc', '0:0:0:0:0:0:0:1', '/attence/tasks', '28', '查询待处理流程任务', 'info', '1');
INSERT INTO `t_log` VALUES ('64', null, 'GET', '2018-10-24 15:24:17', '_dc=1540365857061&page=1&start=0&limit=20&group={\"property\":\"sendDay\",\"direction\":\"ASC\"}&sort=id&dir=ASC', '0:0:0:0:0:0:0:1', '/email', '35', '查询草稿箱', 'info', '1');
INSERT INTO `t_log` VALUES ('65', null, 'GET', '2018-10-24 15:24:17', '_dc=1540365857069&page=1&start=0&limit=20&group={\"property\":\"sendDay\",\"direction\":\"ASC\"}&sort=id&dir=ASC', '0:0:0:0:0:0:0:1', '/email/findSend', '31', '查询已发送', 'info', '1');
INSERT INTO `t_log` VALUES ('66', null, 'GET', '2018-10-24 15:24:17', '_dc=1540365857066&page=1&start=0&limit=20&group={\"property\":\"sendDay\",\"direction\":\"ASC\"}&sort=id&dir=ASC', '0:0:0:0:0:0:0:1', '/email/findInbox', '37', '查询收件箱', 'info', '1');
INSERT INTO `t_log` VALUES ('67', null, 'GET', '2018-10-24 15:24:18', '_dc=1540365857991&page=1&start=0&limit=20&group={\"property\":\"sendDay\",\"direction\":\"ASC\"}&sort=id&dir=ASC', '0:0:0:0:0:0:0:1', '/email/findInbox', '3', '查询收件箱', 'info', '1');
INSERT INTO `t_log` VALUES ('68', null, 'GET', '2018-10-24 15:24:18', '_dc=1540365857987&page=1&start=0&limit=20&group={\"property\":\"sendDay\",\"direction\":\"ASC\"}&sort=id&dir=ASC', '0:0:0:0:0:0:0:1', '/email', '5', '查询草稿箱', 'info', '1');
INSERT INTO `t_log` VALUES ('69', null, 'GET', '2018-10-24 15:24:18', '_dc=1540365857995&page=1&start=0&limit=20&group={\"property\":\"sendDay\",\"direction\":\"ASC\"}&sort=id&dir=ASC', '0:0:0:0:0:0:0:1', '/email/findSend', '2', '查询已发送', 'info', '1');
INSERT INTO `t_log` VALUES ('70', null, 'GET', '2018-10-24 15:24:19', '_dc=1540365859016&page=1&start=0&limit=20&group={\"property\":\"sendDay\",\"direction\":\"ASC\"}&sort=id&dir=ASC', '0:0:0:0:0:0:0:1', '/email', '3', '查询草稿箱', 'info', '1');
INSERT INTO `t_log` VALUES ('71', null, 'GET', '2018-10-24 15:24:19', '_dc=1540365859024&page=1&start=0&limit=20&group={\"property\":\"sendDay\",\"direction\":\"ASC\"}&sort=id&dir=ASC', '0:0:0:0:0:0:0:1', '/email/findSend', '1', '查询已发送', 'info', '1');
INSERT INTO `t_log` VALUES ('72', null, 'GET', '2018-10-24 15:24:19', '_dc=1540365859021&page=1&start=0&limit=20&group={\"property\":\"sendDay\",\"direction\":\"ASC\"}&sort=id&dir=ASC', '0:0:0:0:0:0:0:1', '/email/findInbox', '1', '查询收件箱', 'info', '1');
INSERT INTO `t_log` VALUES ('73', null, 'POST', '2018-10-24 15:25:52', '', '0:0:0:0:0:0:0:1', '/logout', '0', '退出登录', 'info', null);
INSERT INTO `t_log` VALUES ('74', null, 'GET', '2018-10-24 15:25:54', '_dc=1540365954272&page=1&start=0&limit=25', '0:0:0:0:0:0:0:1', '/store/findAllStore', '2', 'findAllStore', 'info', null);
INSERT INTO `t_log` VALUES ('75', null, 'GET', '2018-10-24 15:25:54', '_dc=1540365954267&page=1&start=0&limit=25', '0:0:0:0:0:0:0:1', '/store/findAllStore', '2', 'findAllStore', 'info', null);
INSERT INTO `t_log` VALUES ('76', null, 'POST', '2018-10-24 15:26:21', 'userName=admin&password=', '0:0:0:0:0:0:0:1', '/login', '25', '登录系统', 'info', '1');
INSERT INTO `t_log` VALUES ('77', null, 'GET', '2018-10-24 15:26:21', '_dc=1540365981158', '0:0:0:0:0:0:0:1', '/attence/isAttence', '3', '考勤操作', 'info', '1');
INSERT INTO `t_log` VALUES ('78', null, 'GET', '2018-10-24 15:27:20', '', '0:0:0:0:0:0:0:1', '/group/current', '0', '权限限制', 'info', '1');
INSERT INTO `t_log` VALUES ('79', null, 'GET', '2018-10-24 15:27:20', '', '0:0:0:0:0:0:0:1', '/user/current', '0', '权限限制', 'info', '1');
INSERT INTO `t_log` VALUES ('80', null, 'GET', '2018-10-24 15:28:12', '', '0:0:0:0:0:0:0:1', '/group/current', '0', '权限限制', 'info', '1');
INSERT INTO `t_log` VALUES ('81', null, 'GET', '2018-10-24 15:28:12', '', '0:0:0:0:0:0:0:1', '/user/current', '0', '权限限制', 'info', '1');
INSERT INTO `t_log` VALUES ('82', null, 'GET', '2018-10-24 15:28:21', '_dc=1540366101118&page=1&start=0&limit=20&group={\"property\":\"day\",\"direction\":\"ASC\"}&sort=id&dir=ASC', '0:0:0:0:0:0:0:1', '/contract', '17', '查看合同信息', 'info', '1');
INSERT INTO `t_log` VALUES ('83', null, 'GET', '2018-10-24 15:29:12', '_dc=1540366152230&page=1&start=0&limit=25', '0:0:0:0:0:0:0:1', '/store/findAllStore', '2', 'findAllStore', 'info', '1');
INSERT INTO `t_log` VALUES ('84', null, 'GET', '2018-10-24 15:29:12', '_dc=1540366152233&page=1&start=0&limit=25', '0:0:0:0:0:0:0:1', '/store/findAllStore', '2', 'findAllStore', 'info', '1');
INSERT INTO `t_log` VALUES ('85', null, 'POST', '2018-10-24 15:29:17', 'userName=admin&password=', '0:0:0:0:0:0:0:1', '/login', '17', '登录系统', 'info', '1');
INSERT INTO `t_log` VALUES ('86', null, 'GET', '2018-10-24 15:29:17', '_dc=1540366157136', '0:0:0:0:0:0:0:1', '/attence/isAttence', '17', '考勤操作', 'info', '1');
INSERT INTO `t_log` VALUES ('87', null, 'GET', '2018-10-24 15:29:21', '_dc=1540366161230&page=1&start=0&limit=20&group={\"property\":\"day\",\"direction\":\"ASC\"}&sort=id&dir=ASC', '0:0:0:0:0:0:0:1', '/contract', '12', '查看合同信息', 'info', '1');
INSERT INTO `t_log` VALUES ('88', null, 'GET', '2018-10-24 15:29:23', '_dc=1540366162769&start=0&limit=20&page=1&contractNumber=&customerName=&contractType=&houseName=&timeStart=&timeEnd=&group={\"property\":\"day\",\"direction\":\"ASC\"}&sort=id&dir=ASC', '0:0:0:0:0:0:0:1', '/contract', '5', '查看合同信息', 'info', '1');
INSERT INTO `t_log` VALUES ('89', null, 'GET', '2018-10-24 15:29:23', '_dc=1540366162970&start=0&limit=20&page=1&contractNumber=&customerName=&contractType=&houseName=&timeStart=&timeEnd=&group={\"property\":\"day\",\"direction\":\"ASC\"}&sort=id&dir=ASC', '0:0:0:0:0:0:0:1', '/contract', '5', '查看合同信息', 'info', '1');
INSERT INTO `t_log` VALUES ('90', null, 'GET', '2018-10-24 15:29:23', '_dc=1540366163112&start=0&limit=20&page=1&contractNumber=&customerName=&contractType=&houseName=&timeStart=&timeEnd=&group={\"property\":\"day\",\"direction\":\"ASC\"}&sort=id&dir=ASC', '0:0:0:0:0:0:0:1', '/contract', '9', '查看合同信息', 'info', '1');
INSERT INTO `t_log` VALUES ('91', null, 'GET', '2018-10-24 15:29:23', '_dc=1540366163281&start=0&limit=20&page=1&contractNumber=&customerName=&contractType=&houseName=&timeStart=&timeEnd=&group={\"property\":\"day\",\"direction\":\"ASC\"}&sort=id&dir=ASC', '0:0:0:0:0:0:0:1', '/contract', '8', '查看合同信息', 'info', '1');
INSERT INTO `t_log` VALUES ('92', null, 'GET', '2018-10-24 15:29:23', '_dc=1540366163458&start=0&limit=20&page=1&contractNumber=&customerName=&contractType=&houseName=&timeStart=&timeEnd=&group={\"property\":\"day\",\"direction\":\"ASC\"}&sort=id&dir=ASC', '0:0:0:0:0:0:0:1', '/contract', '5', '查看合同信息', 'info', '1');
INSERT INTO `t_log` VALUES ('93', null, 'GET', '2018-10-24 15:29:24', '_dc=1540366163615&start=0&limit=20&page=1&contractNumber=&customerName=&contractType=&houseName=&timeStart=&timeEnd=&group={\"property\":\"day\",\"direction\":\"ASC\"}&sort=id&dir=ASC', '0:0:0:0:0:0:0:1', '/contract', '9', '查看合同信息', 'info', '1');
INSERT INTO `t_log` VALUES ('94', null, 'GET', '2018-10-24 15:29:24', '_dc=1540366163790&start=0&limit=20&page=1&contractNumber=&customerName=&contractType=&houseName=&timeStart=&timeEnd=&group={\"property\":\"day\",\"direction\":\"ASC\"}&sort=id&dir=ASC', '0:0:0:0:0:0:0:1', '/contract', '9', '查看合同信息', 'info', '1');
INSERT INTO `t_log` VALUES ('95', null, 'GET', '2018-10-24 15:29:24', '_dc=1540366163958&start=0&limit=20&page=1&contractNumber=&customerName=&contractType=&houseName=&timeStart=&timeEnd=&group={\"property\":\"day\",\"direction\":\"ASC\"}&sort=id&dir=ASC', '0:0:0:0:0:0:0:1', '/contract', '9', '查看合同信息', 'info', '1');
INSERT INTO `t_log` VALUES ('96', null, 'GET', '2018-10-24 15:29:24', '_dc=1540366164117&start=0&limit=20&page=1&contractNumber=&customerName=&contractType=&houseName=&timeStart=&timeEnd=&group={\"property\":\"day\",\"direction\":\"ASC\"}&sort=id&dir=ASC', '0:0:0:0:0:0:0:1', '/contract', '8', '查看合同信息', 'info', '1');
INSERT INTO `t_log` VALUES ('97', null, 'GET', '2018-10-24 15:29:24', '_dc=1540366164304&start=0&limit=20&page=1&contractNumber=&customerName=&contractType=&houseName=&timeStart=&timeEnd=&group={\"property\":\"day\",\"direction\":\"ASC\"}&sort=id&dir=ASC', '0:0:0:0:0:0:0:1', '/contract', '7', '查看合同信息', 'info', '1');
INSERT INTO `t_log` VALUES ('98', null, 'GET', '2018-10-24 15:29:24', '_dc=1540366164440&start=0&limit=20&page=1&contractNumber=&customerName=&contractType=&houseName=&timeStart=&timeEnd=&group={\"property\":\"day\",\"direction\":\"ASC\"}&sort=id&dir=ASC', '0:0:0:0:0:0:0:1', '/contract', '8', '查看合同信息', 'info', '1');
INSERT INTO `t_log` VALUES ('99', null, 'GET', '2018-10-24 15:29:25', '_dc=1540366164642&start=0&limit=20&page=1&contractNumber=&customerName=&contractType=&houseName=&timeStart=&timeEnd=&group={\"property\":\"day\",\"direction\":\"ASC\"}&sort=id&dir=ASC', '0:0:0:0:0:0:0:1', '/contract', '8', '查看合同信息', 'info', '1');
INSERT INTO `t_log` VALUES ('100', null, 'GET', '2018-10-24 15:29:25', '_dc=1540366164760&start=0&limit=20&page=1&contractNumber=&customerName=&contractType=&houseName=&timeStart=&timeEnd=&group={\"property\":\"day\",\"direction\":\"ASC\"}&sort=id&dir=ASC', '0:0:0:0:0:0:0:1', '/contract', '8', '查看合同信息', 'info', '1');
INSERT INTO `t_log` VALUES ('101', null, 'GET', '2018-10-24 15:29:25', '_dc=1540366164924&start=0&limit=20&page=1&contractNumber=&customerName=&contractType=&houseName=&timeStart=&timeEnd=&group={\"property\":\"day\",\"direction\":\"ASC\"}&sort=id&dir=ASC', '0:0:0:0:0:0:0:1', '/contract', '9', '查看合同信息', 'info', '1');
INSERT INTO `t_log` VALUES ('102', null, 'GET', '2018-10-24 15:29:26', '_dc=1540366165565&start=0&limit=20&page=1&contractNumber=&customerName=&contractType=&houseName=&timeStart=&timeEnd=&group={\"property\":\"day\",\"direction\":\"ASC\"}&sort=id&dir=ASC', '0:0:0:0:0:0:0:1', '/contract', '8', '查看合同信息', 'info', '1');
INSERT INTO `t_log` VALUES ('103', null, 'GET', '2018-10-24 15:29:26', '_dc=1540366165922&start=0&limit=20&page=1&contractNumber=&customerName=&contractType=&houseName=&timeStart=&timeEnd=&group={\"property\":\"day\",\"direction\":\"ASC\"}&sort=id&dir=ASC', '0:0:0:0:0:0:0:1', '/contract', '9', '查看合同信息', 'info', '1');
INSERT INTO `t_log` VALUES ('104', null, 'GET', '2018-10-24 15:29:35', '', '0:0:0:0:0:0:0:1', '/user/current', '0', '权限限制', 'info', '1');
INSERT INTO `t_log` VALUES ('105', null, 'GET', '2018-10-24 15:29:35', '', '0:0:0:0:0:0:0:1', '/group/current', '0', '权限限制', 'info', '1');
INSERT INTO `t_log` VALUES ('106', null, 'GET', '2018-10-24 15:29:36', '', '0:0:0:0:0:0:0:1', '/user/current', '0', '权限限制', 'info', '1');
INSERT INTO `t_log` VALUES ('107', null, 'GET', '2018-10-24 15:29:36', '', '0:0:0:0:0:0:0:1', '/group/current', '0', '权限限制', 'info', '1');
INSERT INTO `t_log` VALUES ('108', null, 'GET', '2018-10-24 15:29:38', '', '0:0:0:0:0:0:0:1', '/user/current', '0', '权限限制', 'info', '1');
INSERT INTO `t_log` VALUES ('109', null, 'GET', '2018-10-24 15:29:38', '', '0:0:0:0:0:0:0:1', '/group/current', '0', '权限限制', 'info', '1');
INSERT INTO `t_log` VALUES ('110', null, 'GET', '2018-10-24 15:30:14', '', '0:0:0:0:0:0:0:1', '/group/current', '0', '权限限制', 'info', '1');
INSERT INTO `t_log` VALUES ('111', null, 'GET', '2018-10-24 15:30:14', '', '0:0:0:0:0:0:0:1', '/user/current', '0', '权限限制', 'info', '1');
INSERT INTO `t_log` VALUES ('112', null, 'GET', '2018-10-24 15:30:16', '', '0:0:0:0:0:0:0:1', '/group/current', '0', '权限限制', 'info', '1');
INSERT INTO `t_log` VALUES ('113', null, 'GET', '2018-10-24 15:30:16', '', '0:0:0:0:0:0:0:1', '/user/current', '0', '权限限制', 'info', '1');
INSERT INTO `t_log` VALUES ('114', null, 'GET', '2018-10-24 15:30:31', '', '0:0:0:0:0:0:0:1', '/group/current', '0', '权限限制', 'info', '1');
INSERT INTO `t_log` VALUES ('115', null, 'GET', '2018-10-24 15:30:31', '', '0:0:0:0:0:0:0:1', '/user/current', '0', '权限限制', 'info', '1');
INSERT INTO `t_log` VALUES ('116', null, 'GET', '2018-10-24 15:30:44', '_dc=1540366243839&page=1&start=0&limit=25&group={\"property\":\"taskName\",\"direction\":\"ASC\"}&sort=id&dir=desc', '0:0:0:0:0:0:0:1', '/contract/tasks', '20', '查询待处理合同审批任务', 'info', '1');
INSERT INTO `t_log` VALUES ('117', null, 'GET', '2018-10-24 15:32:10', '_dc=1540366330405&page=1&start=0&limit=25', '0:0:0:0:0:0:0:1', '/notice', '4', '查看公告', 'info', '1');
INSERT INTO `t_log` VALUES ('118', null, 'GET', '2018-10-24 15:32:15', '_dc=1540366334765&page=1&start=0&limit=25', '0:0:0:0:0:0:0:1', '/achievement/sort', '5', '业绩排行', 'info', '1');
INSERT INTO `t_log` VALUES ('119', null, 'GET', '2018-10-24 15:32:15', '_dc=1540366334774&page=1&start=0&limit=25', '0:0:0:0:0:0:0:1', '/store/findAllStore', '1', 'findAllStore', 'info', '1');
INSERT INTO `t_log` VALUES ('120', null, 'GET', '2018-10-24 15:32:15', '_dc=1540366334764&page=1&start=0&limit=25', '0:0:0:0:0:0:0:1', '/achievement', '4', '查询销售员月销售额', 'info', '1');
INSERT INTO `t_log` VALUES ('121', null, 'GET', '2018-10-24 15:32:15', '_dc=1540366334765&page=1&start=0&limit=25', '0:0:0:0:0:0:0:1', '/achievement/analyse', '4', '数据分析', 'info', '1');
INSERT INTO `t_log` VALUES ('122', null, 'POST', '2018-10-24 15:37:28', '', '0:0:0:0:0:0:0:1', '/logout', '0', '退出登录', 'info', null);
INSERT INTO `t_log` VALUES ('123', null, 'GET', '2018-10-24 15:37:30', '_dc=1540366650113&page=1&start=0&limit=25', '0:0:0:0:0:0:0:1', '/store/findAllStore', '2', 'findAllStore', 'info', null);
INSERT INTO `t_log` VALUES ('124', null, 'GET', '2018-10-24 15:37:30', '_dc=1540366650110&page=1&start=0&limit=25', '0:0:0:0:0:0:0:1', '/store/findAllStore', '2', 'findAllStore', 'info', null);
INSERT INTO `t_log` VALUES ('125', null, 'POST', '2018-10-24 15:38:28', 'userName=LiSi&password=', '0:0:0:0:0:0:0:1', '/login', '12', '登录系统', 'info', '4');
INSERT INTO `t_log` VALUES ('126', null, 'GET', '2018-10-24 15:38:29', '_dc=1540366708545', '0:0:0:0:0:0:0:1', '/attence/isAttence', '1', '考勤操作', 'info', '4');
INSERT INTO `t_log` VALUES ('127', null, 'GET', '2018-10-24 15:38:49', '_dc=1540366728735&page=1&start=0&limit=15&sort=id&dir=desc', '0:0:0:0:0:0:0:1', '/process-definition', '38', '流程定义列表', 'info', '4');
INSERT INTO `t_log` VALUES ('128', null, 'DELETE', '2018-10-24 15:38:52', '', '0:0:0:0:0:0:0:1', '/process-definition', '839', '删除流程定义', 'info', '4');
INSERT INTO `t_log` VALUES ('129', null, 'GET', '2018-10-24 15:38:53', '_dc=1540366733452&page=1&start=0&limit=15&sort=id&dir=desc', '0:0:0:0:0:0:0:1', '/process-definition', '3', '流程定义列表', 'info', '4');
INSERT INTO `t_log` VALUES ('130', null, 'POST', '2018-10-24 15:39:00', '', '0:0:0:0:0:0:0:1', '/process-definition', '273', '上传并部署流程资源', 'info', '4');
INSERT INTO `t_log` VALUES ('131', null, 'GET', '2018-10-24 15:39:01', '_dc=1540366741195&page=1&start=0&limit=15&sort=id&dir=desc', '0:0:0:0:0:0:0:1', '/process-definition', '4', '流程定义列表', 'info', '4');
INSERT INTO `t_log` VALUES ('132', null, 'GET', '2018-10-24 15:39:05', '_dc=1540366744521&page=1&start=0&limit=20&group={\"property\":\"day\",\"direction\":\"ASC\"}&sort=id&dir=ASC', '0:0:0:0:0:0:0:1', '/contract', '6', '查看合同信息', 'info', '4');
INSERT INTO `t_log` VALUES ('133', null, 'POST', '2018-10-24 15:39:10', '_dc=1540366750241', '0:0:0:0:0:0:0:1', '/contract', '12', '保存合同信息', 'info', '4');
INSERT INTO `t_log` VALUES ('134', null, 'GET', '2018-10-24 15:39:10', '_dc=1540366750313&page=1&start=0&limit=20&group={\"property\":\"day\",\"direction\":\"ASC\"}&sort=id&dir=ASC', '0:0:0:0:0:0:0:1', '/contract', '27', '查看合同信息', 'info', '4');
INSERT INTO `t_log` VALUES ('135', null, 'POST', '2018-10-24 15:39:14', 'id=1', '0:0:0:0:0:0:0:1', '/contract/start', '162', '启动合同审批流程', 'info', '4');
INSERT INTO `t_log` VALUES ('136', null, 'GET', '2018-10-24 15:39:16', '_dc=1540366755765&page=1&start=0&limit=20&group={\"property\":\"day\",\"direction\":\"ASC\"}&sort=id&dir=ASC', '0:0:0:0:0:0:0:1', '/contract', '9', '查看合同信息', 'info', '4');
INSERT INTO `t_log` VALUES ('137', null, 'POST', '2018-10-24 15:39:20', '', '0:0:0:0:0:0:0:1', '/logout', '0', '退出登录', 'info', null);
INSERT INTO `t_log` VALUES ('138', null, 'GET', '2018-10-24 15:39:21', '_dc=1540366761250&page=1&start=0&limit=25', '0:0:0:0:0:0:0:1', '/store/findAllStore', '2', 'findAllStore', 'info', null);
INSERT INTO `t_log` VALUES ('139', null, 'GET', '2018-10-24 15:39:21', '_dc=1540366761253&page=1&start=0&limit=25', '0:0:0:0:0:0:0:1', '/store/findAllStore', '3', 'findAllStore', 'info', null);
INSERT INTO `t_log` VALUES ('140', null, 'POST', '2018-10-24 15:39:37', 'userName=JaYi&password=', '0:0:0:0:0:0:0:1', '/login', '100', '登录系统', 'info', '5');
INSERT INTO `t_log` VALUES ('141', null, 'GET', '2018-10-24 15:39:37', '_dc=1540366776903', '0:0:0:0:0:0:0:1', '/attence/isAttence', '1', '考勤操作', 'info', '5');
INSERT INTO `t_log` VALUES ('142', null, 'GET', '2018-10-24 15:39:40', '_dc=1540366779621&page=1&start=0&limit=25&group={\"property\":\"taskName\",\"direction\":\"ASC\"}&sort=id&dir=desc', '0:0:0:0:0:0:0:1', '/contract/tasks', '27', '查询待处理合同审批任务', 'info', '5');
INSERT INTO `t_log` VALUES ('143', null, 'POST', '2018-10-24 15:40:13', 'keys=deptLeaderPass,deptLeaderBackReason&values=true,&types=B,S', '0:0:0:0:0:0:0:1', '/contract/complete/5013', '239', '完成合同审批任务', 'info', '5');
INSERT INTO `t_log` VALUES ('144', null, 'GET', '2018-10-24 15:40:14', '_dc=1540366814195&page=1&start=0&limit=25&group={\"property\":\"taskName\",\"direction\":\"ASC\"}&sort=id&dir=desc', '0:0:0:0:0:0:0:1', '/contract/tasks', '5', '查询待处理合同审批任务', 'info', '5');
INSERT INTO `t_log` VALUES ('145', null, 'POST', '2018-10-24 15:40:16', '', '0:0:0:0:0:0:0:1', '/logout', '0', '退出登录', 'info', null);
INSERT INTO `t_log` VALUES ('146', null, 'GET', '2018-10-24 15:40:18', '_dc=1540366817850&page=1&start=0&limit=25', '0:0:0:0:0:0:0:1', '/store/findAllStore', '2', 'findAllStore', 'info', null);
INSERT INTO `t_log` VALUES ('147', null, 'GET', '2018-10-24 15:40:18', '_dc=1540366817847&page=1&start=0&limit=25', '0:0:0:0:0:0:0:1', '/store/findAllStore', '2', 'findAllStore', 'info', null);
INSERT INTO `t_log` VALUES ('148', null, 'POST', '2018-10-24 15:40:33', 'userName=WangJun&password=', '0:0:0:0:0:0:0:1', '/login', '17', '登录系统', 'info', '2');
INSERT INTO `t_log` VALUES ('149', null, 'GET', '2018-10-24 15:40:33', '_dc=1540366833131', '0:0:0:0:0:0:0:1', '/attence/isAttence', '2', '考勤操作', 'info', '2');
INSERT INTO `t_log` VALUES ('150', null, 'GET', '2018-10-24 15:40:39', '_dc=1540366838835&page=1&start=0&limit=25&group={\"property\":\"taskName\",\"direction\":\"ASC\"}&sort=id&dir=desc', '0:0:0:0:0:0:0:1', '/contract/tasks', '14', '查询待处理合同审批任务', 'info', '2');
INSERT INTO `t_log` VALUES ('151', null, 'POST', '2018-10-24 15:40:46', '', '0:0:0:0:0:0:0:1', '/logout', '0', '退出登录', 'info', null);
INSERT INTO `t_log` VALUES ('152', null, 'GET', '2018-10-24 15:40:48', '_dc=1540366847971&page=1&start=0&limit=25', '0:0:0:0:0:0:0:1', '/store/findAllStore', '2', 'findAllStore', 'info', null);
INSERT INTO `t_log` VALUES ('153', null, 'GET', '2018-10-24 15:40:48', '_dc=1540366847969&page=1&start=0&limit=25', '0:0:0:0:0:0:0:1', '/store/findAllStore', '2', 'findAllStore', 'info', null);
INSERT INTO `t_log` VALUES ('154', null, 'POST', '2018-10-24 15:40:57', 'userName=XuanMing&password=', '0:0:0:0:0:0:0:1', '/login', '11', '登录系统', 'info', '6');
INSERT INTO `t_log` VALUES ('155', null, 'GET', '2018-10-24 15:40:57', '_dc=1540366856657', '0:0:0:0:0:0:0:1', '/attence/isAttence', '1', '考勤操作', 'info', '6');
INSERT INTO `t_log` VALUES ('156', null, 'GET', '2018-10-24 15:40:59', '_dc=1540366858732&page=1&start=0&limit=25&group={\"property\":\"taskName\",\"direction\":\"ASC\"}&sort=id&dir=desc', '0:0:0:0:0:0:0:1', '/contract/tasks', '7', '查询待处理合同审批任务', 'info', '6');
INSERT INTO `t_log` VALUES ('157', null, 'POST', '2018-10-24 15:41:01', '', '0:0:0:0:0:0:0:1', '/logout', '0', '退出登录', 'info', null);
INSERT INTO `t_log` VALUES ('158', null, 'GET', '2018-10-24 15:41:03', '_dc=1540366862633&page=1&start=0&limit=25', '0:0:0:0:0:0:0:1', '/store/findAllStore', '2', 'findAllStore', 'info', null);
INSERT INTO `t_log` VALUES ('159', null, 'GET', '2018-10-24 15:41:03', '_dc=1540366862630&page=1&start=0&limit=25', '0:0:0:0:0:0:0:1', '/store/findAllStore', '2', 'findAllStore', 'info', null);
INSERT INTO `t_log` VALUES ('160', null, 'POST', '2018-10-24 15:41:10', 'userName=WangJun&password=', '0:0:0:0:0:0:0:1', '/login', '11', '登录系统', 'info', '2');
INSERT INTO `t_log` VALUES ('161', null, 'GET', '2018-10-24 15:41:10', '_dc=1540366870212', '0:0:0:0:0:0:0:1', '/attence/isAttence', '2', '考勤操作', 'info', '2');
INSERT INTO `t_log` VALUES ('162', null, 'GET', '2018-10-24 15:41:20', '_dc=1540366880292&page=1&start=0&limit=25&group={\"property\":\"taskName\",\"direction\":\"ASC\"}&sort=id&dir=desc', '0:0:0:0:0:0:0:1', '/contract/tasks', '27', '查询待处理合同审批任务', 'info', '2');
INSERT INTO `t_log` VALUES ('163', null, 'POST', '2018-10-24 15:41:24', 'keys=manLeaderPass,managerBackReason&values=true,&types=B,S', '0:0:0:0:0:0:0:1', '/contract/complete/5018', '164', '完成合同审批任务', 'info', '2');
INSERT INTO `t_log` VALUES ('164', null, 'GET', '2018-10-24 15:41:25', '_dc=1540366885190&page=1&start=0&limit=25&group={\"property\":\"taskName\",\"direction\":\"ASC\"}&sort=id&dir=desc', '0:0:0:0:0:0:0:1', '/contract/tasks', '9', '查询待处理合同审批任务', 'info', '2');
INSERT INTO `t_log` VALUES ('165', null, 'POST', '2018-10-24 15:41:29', '', '0:0:0:0:0:0:0:1', '/logout', '0', '退出登录', 'info', null);
INSERT INTO `t_log` VALUES ('166', null, 'GET', '2018-10-24 15:41:30', '_dc=1540366890325&page=1&start=0&limit=25', '0:0:0:0:0:0:0:1', '/store/findAllStore', '2', 'findAllStore', 'info', null);
INSERT INTO `t_log` VALUES ('167', null, 'GET', '2018-10-24 15:41:30', '_dc=1540366890322&page=1&start=0&limit=25', '0:0:0:0:0:0:0:1', '/store/findAllStore', '2', 'findAllStore', 'info', null);
INSERT INTO `t_log` VALUES ('168', null, 'POST', '2018-10-24 15:41:39', 'userName=LiSi&password=', '0:0:0:0:0:0:0:1', '/login', '12', '登录系统', 'info', '4');
INSERT INTO `t_log` VALUES ('169', null, 'GET', '2018-10-24 15:41:39', '_dc=1540366898926', '0:0:0:0:0:0:0:1', '/attence/isAttence', '2', '考勤操作', 'info', '4');
INSERT INTO `t_log` VALUES ('170', null, 'GET', '2018-10-24 15:41:41', '_dc=1540366901201&page=1&start=0&limit=25&group={\"property\":\"taskName\",\"direction\":\"ASC\"}&sort=id&dir=desc', '0:0:0:0:0:0:0:1', '/contract/tasks', '31', '查询待处理合同审批任务', 'info', '4');
INSERT INTO `t_log` VALUES ('171', null, 'POST', '2018-10-24 15:41:50', 'keys=confirmName&values=LiSi&types=S', '0:0:0:0:0:0:0:1', '/contract/complete/5023', '290', '完成合同审批任务', 'info', '4');
INSERT INTO `t_log` VALUES ('172', null, 'GET', '2018-10-24 15:41:51', '_dc=1540366911269&page=1&start=0&limit=25&group={\"property\":\"taskName\",\"direction\":\"ASC\"}&sort=id&dir=desc', '0:0:0:0:0:0:0:1', '/contract/tasks', '4', '查询待处理合同审批任务', 'info', '4');
INSERT INTO `t_log` VALUES ('173', null, 'GET', '2018-10-24 15:41:55', '_dc=1540366914769&page=1&start=0&limit=20&group={\"property\":\"day\",\"direction\":\"ASC\"}&sort=id&dir=ASC', '0:0:0:0:0:0:0:1', '/contract', '7', '查看合同信息', 'info', '4');
INSERT INTO `t_log` VALUES ('174', null, 'POST', '2018-10-24 15:43:09', '_dc=1540366988518', '0:0:0:0:0:0:0:1', '/contract', '18', '保存合同信息', 'info', '4');
INSERT INTO `t_log` VALUES ('175', null, 'GET', '2018-10-24 15:43:09', '_dc=1540366988617&page=1&start=0&limit=20&group={\"property\":\"day\",\"direction\":\"ASC\"}&sort=id&dir=ASC', '0:0:0:0:0:0:0:1', '/contract', '25', '查看合同信息', 'info', '4');
INSERT INTO `t_log` VALUES ('176', null, 'POST', '2018-10-24 15:43:47', '', '0:0:0:0:0:0:0:1', '/logout', '0', '退出登录', 'info', null);
INSERT INTO `t_log` VALUES ('177', null, 'GET', '2018-10-24 15:43:49', '_dc=1540367028861&page=1&start=0&limit=25', '0:0:0:0:0:0:0:1', '/store/findAllStore', '2', 'findAllStore', 'info', null);
INSERT INTO `t_log` VALUES ('178', null, 'GET', '2018-10-24 15:43:49', '_dc=1540367028855&page=1&start=0&limit=25', '0:0:0:0:0:0:0:1', '/store/findAllStore', '5', 'findAllStore', 'info', null);
INSERT INTO `t_log` VALUES ('179', null, 'POST', '2018-10-24 15:43:57', 'userName=LiSi&password=', '0:0:0:0:0:0:0:1', '/login', '9', '登录系统', 'info', '4');
INSERT INTO `t_log` VALUES ('180', null, 'GET', '2018-10-24 15:43:57', '_dc=1540367037102', '0:0:0:0:0:0:0:1', '/attence/isAttence', '2', '考勤操作', 'info', '4');
INSERT INTO `t_log` VALUES ('181', null, 'GET', '2018-10-24 15:43:59', '_dc=1540367039419&page=1&start=0&limit=20&group={\"property\":\"day\",\"direction\":\"ASC\"}&sort=id&dir=ASC', '0:0:0:0:0:0:0:1', '/contract', '10', '查看合同信息', 'info', '4');
INSERT INTO `t_log` VALUES ('182', null, 'POST', '2018-10-24 15:48:15', '', '0:0:0:0:0:0:0:1', '/logout', '10', '退出登录', 'info', null);
INSERT INTO `t_log` VALUES ('183', null, 'GET', '2018-10-24 15:48:17', '_dc=1540367296642&page=1&start=0&limit=25', '0:0:0:0:0:0:0:1', '/store/findAllStore', '60', 'findAllStore', 'info', null);
INSERT INTO `t_log` VALUES ('184', null, 'GET', '2018-10-24 15:48:17', '_dc=1540367296639&page=1&start=0&limit=25', '0:0:0:0:0:0:0:1', '/store/findAllStore', '60', 'findAllStore', 'info', null);
INSERT INTO `t_log` VALUES ('185', null, 'POST', '2018-10-24 15:48:27', 'userName=LiSi&password=', '0:0:0:0:0:0:0:1', '/login', '67', '登录系统', 'info', '4');
INSERT INTO `t_log` VALUES ('186', null, 'GET', '2018-10-24 15:48:27', '_dc=1540367307426', '0:0:0:0:0:0:0:1', '/attence/isAttence', '151', '考勤操作', 'info', '4');
INSERT INTO `t_log` VALUES ('187', null, 'GET', '2018-10-24 15:48:30', '_dc=1540367309797&page=1&start=0&limit=20&group={\"property\":\"day\",\"direction\":\"ASC\"}&sort=id&dir=ASC', '0:0:0:0:0:0:0:1', '/contract', '66', '查看合同信息', 'info', '4');
INSERT INTO `t_log` VALUES ('188', null, 'POST', '2018-10-24 15:48:47', '_dc=1540367327289', '0:0:0:0:0:0:0:1', '/contract', '22', '保存合同信息', 'info', '4');
INSERT INTO `t_log` VALUES ('189', null, 'GET', '2018-10-24 15:48:47', '_dc=1540367327378&page=1&start=0&limit=20&group={\"property\":\"day\",\"direction\":\"ASC\"}&sort=id&dir=ASC', '0:0:0:0:0:0:0:1', '/contract', '7', '查看合同信息', 'info', '4');
INSERT INTO `t_log` VALUES ('190', null, 'POST', '2018-10-24 15:48:57', 'id=2', '0:0:0:0:0:0:0:1', '/contract/start', '1030', '启动合同审批流程', 'info', '4');
INSERT INTO `t_log` VALUES ('191', null, 'GET', '2018-10-24 15:48:59', '_dc=1540367338827&page=1&start=0&limit=20&group={\"property\":\"day\",\"direction\":\"ASC\"}&sort=id&dir=ASC', '0:0:0:0:0:0:0:1', '/contract', '7', '查看合同信息', 'info', '4');
INSERT INTO `t_log` VALUES ('192', null, 'POST', '2018-10-24 15:49:17', '', '0:0:0:0:0:0:0:1', '/logout', '0', '退出登录', 'info', null);
INSERT INTO `t_log` VALUES ('193', null, 'GET', '2018-10-24 15:49:18', '_dc=1540367358459&page=1&start=0&limit=25', '0:0:0:0:0:0:0:1', '/store/findAllStore', '2', 'findAllStore', 'info', null);
INSERT INTO `t_log` VALUES ('194', null, 'GET', '2018-10-24 15:49:18', '_dc=1540367358456&page=1&start=0&limit=25', '0:0:0:0:0:0:0:1', '/store/findAllStore', '2', 'findAllStore', 'info', null);
INSERT INTO `t_log` VALUES ('195', null, 'POST', '2018-10-24 15:49:27', 'userName=LiSi&password=', '0:0:0:0:0:0:0:1', '/login', '11', '登录系统', 'info', '4');
INSERT INTO `t_log` VALUES ('196', null, 'GET', '2018-10-24 15:49:27', '_dc=1540367367212', '0:0:0:0:0:0:0:1', '/attence/isAttence', '44', '考勤操作', 'info', '4');
INSERT INTO `t_log` VALUES ('197', null, 'GET', '2018-10-24 15:49:31', '_dc=1540367371483&page=1&start=0&limit=20&group={\"property\":\"day\",\"direction\":\"ASC\"}&sort=id&dir=ASC', '0:0:0:0:0:0:0:1', '/contract', '198', '查看合同信息', 'info', '4');
INSERT INTO `t_log` VALUES ('198', null, 'POST', '2018-10-24 15:50:02', '_dc=1540367401645', '0:0:0:0:0:0:0:1', '/contract', '6', '保存合同信息', 'info', '4');
INSERT INTO `t_log` VALUES ('199', null, 'GET', '2018-10-24 15:50:02', '_dc=1540367401725&page=1&start=0&limit=20&group={\"property\":\"day\",\"direction\":\"ASC\"}&sort=id&dir=ASC', '0:0:0:0:0:0:0:1', '/contract', '9', '查看合同信息', 'info', '4');
INSERT INTO `t_log` VALUES ('200', null, 'GET', '2018-10-24 15:50:04', '_dc=1540367403613&start=0&limit=20&page=1&contractNumber=&customerName=&contractType=&houseName=&timeStart=&timeEnd=&group={\"property\":\"day\",\"direction\":\"ASC\"}&sort=id&dir=ASC', '0:0:0:0:0:0:0:1', '/contract', '13', '查看合同信息', 'info', '4');
INSERT INTO `t_log` VALUES ('201', null, 'GET', '2018-10-24 15:50:04', '_dc=1540367404349&start=0&limit=20&page=1&contractNumber=&customerName=&contractType=&houseName=&timeStart=&timeEnd=&group={\"property\":\"day\",\"direction\":\"ASC\"}&sort=id&dir=ASC', '0:0:0:0:0:0:0:1', '/contract', '24', '查看合同信息', 'info', '4');
INSERT INTO `t_log` VALUES ('202', null, 'POST', '2018-10-24 15:51:08', '', '0:0:0:0:0:0:0:1', '/logout', '8', '退出登录', 'info', null);
INSERT INTO `t_log` VALUES ('203', null, 'GET', '2018-10-24 15:51:10', '_dc=1540367469809&page=1&start=0&limit=25', '0:0:0:0:0:0:0:1', '/store/findAllStore', '28', 'findAllStore', 'info', null);
INSERT INTO `t_log` VALUES ('204', null, 'GET', '2018-10-24 15:51:10', '_dc=1540367469805&page=1&start=0&limit=25', '0:0:0:0:0:0:0:1', '/store/findAllStore', '38', 'findAllStore', 'info', null);
INSERT INTO `t_log` VALUES ('205', null, 'POST', '2018-10-24 15:51:21', 'userName=admin&password=', '0:0:0:0:0:0:0:1', '/login', '154', '登录系统', 'info', '1');
INSERT INTO `t_log` VALUES ('206', null, 'GET', '2018-10-24 15:51:21', '_dc=1540367481277', '0:0:0:0:0:0:0:1', '/attence/isAttence', '119', '考勤操作', 'info', '1');
INSERT INTO `t_log` VALUES ('207', null, 'GET', '2018-10-24 15:51:25', '_dc=1540367484828&page=1&start=0&limit=20&group={\"property\":\"day\",\"direction\":\"ASC\"}&sort=id&dir=ASC', '0:0:0:0:0:0:0:1', '/contract', '33', '查看合同信息', 'info', '1');
INSERT INTO `t_log` VALUES ('208', null, 'POST', '2018-10-24 15:51:43', '_dc=1540367502681', '0:0:0:0:0:0:0:1', '/contract', '13', '保存合同信息', 'info', '1');
INSERT INTO `t_log` VALUES ('209', null, 'GET', '2018-10-24 15:51:43', '_dc=1540367502772&page=1&start=0&limit=20&group={\"property\":\"day\",\"direction\":\"ASC\"}&sort=id&dir=ASC', '0:0:0:0:0:0:0:1', '/contract', '16', '查看合同信息', 'info', '1');
INSERT INTO `t_log` VALUES ('210', null, 'POST', '2018-10-24 15:51:48', '', '0:0:0:0:0:0:0:1', '/logout', '0', '退出登录', 'info', null);
INSERT INTO `t_log` VALUES ('211', null, 'GET', '2018-10-24 15:51:50', '_dc=1540367509813&page=1&start=0&limit=25', '0:0:0:0:0:0:0:1', '/store/findAllStore', '1', 'findAllStore', 'info', null);
INSERT INTO `t_log` VALUES ('212', null, 'GET', '2018-10-24 15:51:50', '_dc=1540367509816&page=1&start=0&limit=25', '0:0:0:0:0:0:0:1', '/store/findAllStore', '1', 'findAllStore', 'info', null);
INSERT INTO `t_log` VALUES ('213', null, 'POST', '2018-10-24 15:51:55', 'userName=admin&password=', '0:0:0:0:0:0:0:1', '/login', '11', '登录系统', 'info', '1');
INSERT INTO `t_log` VALUES ('214', null, 'GET', '2018-10-24 15:51:55', '_dc=1540367514605', '0:0:0:0:0:0:0:1', '/attence/isAttence', '3', '考勤操作', 'info', '1');
INSERT INTO `t_log` VALUES ('215', null, 'GET', '2018-10-24 15:51:58', '_dc=1540367518100&page=1&start=0&limit=20&group={\"property\":\"day\",\"direction\":\"ASC\"}&sort=id&dir=ASC', '0:0:0:0:0:0:0:1', '/contract', '9', '查看合同信息', 'info', '1');
INSERT INTO `t_log` VALUES ('216', null, 'POST', '2018-10-24 15:52:37', '_dc=1540367556606', '0:0:0:0:0:0:0:1', '/contract', '10', '保存合同信息', 'info', '1');
INSERT INTO `t_log` VALUES ('217', null, 'GET', '2018-10-24 15:52:37', '_dc=1540367556708&page=1&start=0&limit=20&group={\"property\":\"day\",\"direction\":\"ASC\"}&sort=id&dir=ASC', '0:0:0:0:0:0:0:1', '/contract', '8', '查看合同信息', 'info', '1');
INSERT INTO `t_log` VALUES ('218', null, 'POST', '2018-10-24 15:52:59', '', '0:0:0:0:0:0:0:1', '/logout', '0', '退出登录', 'info', null);
INSERT INTO `t_log` VALUES ('219', null, 'GET', '2018-10-24 15:53:01', '_dc=1540367580696&page=1&start=0&limit=25', '0:0:0:0:0:0:0:1', '/store/findAllStore', '2', 'findAllStore', 'info', null);
INSERT INTO `t_log` VALUES ('220', null, 'GET', '2018-10-24 15:53:01', '_dc=1540367580699&page=1&start=0&limit=25', '0:0:0:0:0:0:0:1', '/store/findAllStore', '2', 'findAllStore', 'info', null);
INSERT INTO `t_log` VALUES ('221', null, 'POST', '2018-10-24 15:53:28', 'userName=WangJun&password=', '0:0:0:0:0:0:0:1', '/login', '7', '登录系统', 'info', '2');
INSERT INTO `t_log` VALUES ('222', null, 'GET', '2018-10-24 15:53:28', '_dc=1540367607770', '0:0:0:0:0:0:0:1', '/attence/isAttence', '2', '考勤操作', 'info', '2');
INSERT INTO `t_log` VALUES ('223', null, 'GET', '2018-10-24 15:53:31', '_dc=1540367610518&page=1&start=0&limit=20&group={\"property\":\"day\",\"direction\":\"ASC\"}&sort=id&dir=ASC', '0:0:0:0:0:0:0:1', '/contract', '8', '查看合同信息', 'info', '2');
INSERT INTO `t_log` VALUES ('224', null, 'POST', '2018-10-24 15:54:11', '_dc=1540367651286', '0:0:0:0:0:0:0:1', '/contract', '13', '保存合同信息', 'info', '2');
INSERT INTO `t_log` VALUES ('225', null, 'GET', '2018-10-24 15:54:11', '_dc=1540367651362&page=1&start=0&limit=20&group={\"property\":\"day\",\"direction\":\"ASC\"}&sort=id&dir=ASC', '0:0:0:0:0:0:0:1', '/contract', '16', '查看合同信息', 'info', '2');
INSERT INTO `t_log` VALUES ('226', null, 'POST', '2018-10-24 15:54:19', '', '0:0:0:0:0:0:0:1', '/logout', '0', '退出登录', 'info', null);
INSERT INTO `t_log` VALUES ('227', null, 'GET', '2018-10-24 15:54:20', '_dc=1540367660428&page=1&start=0&limit=25', '0:0:0:0:0:0:0:1', '/store/findAllStore', '2', 'findAllStore', 'info', null);
INSERT INTO `t_log` VALUES ('228', null, 'GET', '2018-10-24 15:54:20', '_dc=1540367660431&page=1&start=0&limit=25', '0:0:0:0:0:0:0:1', '/store/findAllStore', '2', 'findAllStore', 'info', null);
INSERT INTO `t_log` VALUES ('229', null, 'POST', '2018-10-24 15:54:35', 'userName=LiSi&password=', '0:0:0:0:0:0:0:1', '/login', '18', '登录系统', 'info', '4');
INSERT INTO `t_log` VALUES ('230', null, 'GET', '2018-10-24 15:54:35', '_dc=1540367675323', '0:0:0:0:0:0:0:1', '/attence/isAttence', '1', '考勤操作', 'info', '4');
INSERT INTO `t_log` VALUES ('231', null, 'GET', '2018-10-24 15:54:40', '_dc=1540367680032&page=1&start=0&limit=20&group={\"property\":\"day\",\"direction\":\"ASC\"}&sort=id&dir=ASC', '0:0:0:0:0:0:0:1', '/contract', '12', '查看合同信息', 'info', '4');
INSERT INTO `t_log` VALUES ('232', null, 'POST', '2018-10-24 15:55:10', '_dc=1540367710018', '0:0:0:0:0:0:0:1', '/contract', '6', '保存合同信息', 'info', '4');
INSERT INTO `t_log` VALUES ('233', null, 'GET', '2018-10-24 15:55:10', '_dc=1540367710095&page=1&start=0&limit=20&group={\"property\":\"day\",\"direction\":\"ASC\"}&sort=id&dir=ASC', '0:0:0:0:0:0:0:1', '/contract', '9', '查看合同信息', 'info', '4');
INSERT INTO `t_log` VALUES ('234', null, 'POST', '2018-10-24 15:55:14', '', '0:0:0:0:0:0:0:1', '/logout', '0', '退出登录', 'info', null);
INSERT INTO `t_log` VALUES ('235', null, 'GET', '2018-10-24 15:55:15', '_dc=1540367715244&page=1&start=0&limit=25', '0:0:0:0:0:0:0:1', '/store/findAllStore', '2', 'findAllStore', 'info', null);
INSERT INTO `t_log` VALUES ('236', null, 'GET', '2018-10-24 15:55:15', '_dc=1540367715241&page=1&start=0&limit=25', '0:0:0:0:0:0:0:1', '/store/findAllStore', '2', 'findAllStore', 'info', null);
INSERT INTO `t_log` VALUES ('237', null, 'POST', '2018-10-24 15:55:45', 'userName=ZhangSan&password=', '0:0:0:0:0:0:0:1', '/login', '44', '登录系统', 'info', '9');
INSERT INTO `t_log` VALUES ('238', null, 'GET', '2018-10-24 15:55:45', '_dc=1540367745157', '0:0:0:0:0:0:0:1', '/attence/isAttence', '2', '考勤操作', 'info', '9');
INSERT INTO `t_log` VALUES ('239', null, 'GET', '2018-10-24 15:55:55', '_dc=1540367754857&page=1&start=0&limit=20&group={\"property\":\"day\",\"direction\":\"ASC\"}&sort=id&dir=ASC', '0:0:0:0:0:0:0:1', '/contract', '8', '查看合同信息', 'info', '9');
INSERT INTO `t_log` VALUES ('240', null, 'POST', '2018-10-24 15:56:47', '_dc=1540367806893', '0:0:0:0:0:0:0:1', '/contract', '16', '保存合同信息', 'info', '9');
INSERT INTO `t_log` VALUES ('241', null, 'GET', '2018-10-24 15:56:47', '_dc=1540367806974&page=1&start=0&limit=20&group={\"property\":\"day\",\"direction\":\"ASC\"}&sort=id&dir=ASC', '0:0:0:0:0:0:0:1', '/contract', '15', '查看合同信息', 'info', '9');
INSERT INTO `t_log` VALUES ('242', null, 'POST', '2018-10-24 15:56:59', '', '0:0:0:0:0:0:0:1', '/logout', '0', '退出登录', 'info', null);
INSERT INTO `t_log` VALUES ('243', null, 'GET', '2018-10-24 15:57:00', '_dc=1540367820216&page=1&start=0&limit=25', '0:0:0:0:0:0:0:1', '/store/findAllStore', '2', 'findAllStore', 'info', null);
INSERT INTO `t_log` VALUES ('244', null, 'GET', '2018-10-24 15:57:00', '_dc=1540367820212&page=1&start=0&limit=25', '0:0:0:0:0:0:0:1', '/store/findAllStore', '2', 'findAllStore', 'info', null);
INSERT INTO `t_log` VALUES ('245', null, 'POST', '2018-10-24 15:57:10', 'userName=JiaEr&password=', '0:0:0:0:0:0:0:1', '/login', '12', '登录系统', 'info', '8');
INSERT INTO `t_log` VALUES ('246', null, 'GET', '2018-10-24 15:57:10', '_dc=1540367829616', '0:0:0:0:0:0:0:1', '/attence/isAttence', '2', '考勤操作', 'info', '8');
INSERT INTO `t_log` VALUES ('247', null, 'GET', '2018-10-24 15:57:12', '_dc=1540367832062&page=1&start=0&limit=20&group={\"property\":\"day\",\"direction\":\"ASC\"}&sort=id&dir=ASC', '0:0:0:0:0:0:0:1', '/contract', '7', '查看合同信息', 'info', '8');
INSERT INTO `t_log` VALUES ('248', null, 'POST', '2018-10-24 15:59:11', '_dc=1540367951172', '0:0:0:0:0:0:0:1', '/contract', '11', '保存合同信息', 'info', '8');
INSERT INTO `t_log` VALUES ('249', null, 'GET', '2018-10-24 15:59:11', '_dc=1540367951259&page=1&start=0&limit=20&group={\"property\":\"day\",\"direction\":\"ASC\"}&sort=id&dir=ASC', '0:0:0:0:0:0:0:1', '/contract', '14', '查看合同信息', 'info', '8');
INSERT INTO `t_log` VALUES ('250', null, 'POST', '2018-10-24 15:59:14', '', '0:0:0:0:0:0:0:1', '/logout', '0', '退出登录', 'info', null);
INSERT INTO `t_log` VALUES ('251', null, 'GET', '2018-10-24 15:59:15', '_dc=1540367955402&page=1&start=0&limit=25', '0:0:0:0:0:0:0:1', '/store/findAllStore', '2', 'findAllStore', 'info', null);
INSERT INTO `t_log` VALUES ('252', null, 'GET', '2018-10-24 15:59:15', '_dc=1540367955405&page=1&start=0&limit=25', '0:0:0:0:0:0:0:1', '/store/findAllStore', '2', 'findAllStore', 'info', null);
INSERT INTO `t_log` VALUES ('253', null, 'POST', '2018-10-24 16:05:40', 'userName=WangJun&password=', '0:0:0:0:0:0:0:1', '/login', '15', '登录系统', 'info', '2');
INSERT INTO `t_log` VALUES ('254', null, 'GET', '2018-10-24 16:05:41', '_dc=1540368340552', '0:0:0:0:0:0:0:1', '/attence/isAttence', '2', '考勤操作', 'info', '2');
INSERT INTO `t_log` VALUES ('255', null, 'GET', '2018-10-24 16:05:43', '', '0:0:0:0:0:0:0:1', '/group/current', '2', '权限限制', 'info', '2');
INSERT INTO `t_log` VALUES ('256', null, 'GET', '2018-10-24 16:05:43', '', '0:0:0:0:0:0:0:1', '/user/current', '14', '权限限制', 'info', '2');
INSERT INTO `t_log` VALUES ('257', null, 'GET', '2018-10-24 16:08:52', '_dc=1540368532215&page=1&start=0&limit=25', '0:0:0:0:0:0:0:1', '/notice', '13', '查看公告', 'info', '2');
INSERT INTO `t_log` VALUES ('258', null, 'POST', '2018-10-24 16:08:59', '', '0:0:0:0:0:0:0:1', '/logout', '0', '退出登录', 'info', null);
INSERT INTO `t_log` VALUES ('259', null, 'GET', '2018-10-24 16:09:01', '_dc=1540368540620&page=1&start=0&limit=25', '0:0:0:0:0:0:0:1', '/store/findAllStore', '1', 'findAllStore', 'info', null);
INSERT INTO `t_log` VALUES ('260', null, 'GET', '2018-10-24 16:09:01', '_dc=1540368540617&page=1&start=0&limit=25', '0:0:0:0:0:0:0:1', '/store/findAllStore', '1', 'findAllStore', 'info', null);
INSERT INTO `t_log` VALUES ('261', null, 'POST', '2018-10-24 16:09:04', 'userName=admin&password=', '0:0:0:0:0:0:0:1', '/login', '15', '登录系统', 'info', '1');
INSERT INTO `t_log` VALUES ('262', null, 'GET', '2018-10-24 16:09:04', '_dc=1540368544376', '0:0:0:0:0:0:0:1', '/attence/isAttence', '2', '考勤操作', 'info', '1');
INSERT INTO `t_log` VALUES ('263', null, 'GET', '2018-10-24 16:09:08', '_dc=1540368548103&page=1&start=0&limit=20&group={\"property\":\"sendDay\",\"direction\":\"ASC\"}&sort=id&dir=ASC', '0:0:0:0:0:0:0:1', '/email', '92', '查询草稿箱', 'info', '1');
INSERT INTO `t_log` VALUES ('264', null, 'GET', '2018-10-24 16:09:08', '_dc=1540368548104&page=1&start=0&limit=20&group={\"property\":\"sendDay\",\"direction\":\"ASC\"}&sort=id&dir=ASC', '0:0:0:0:0:0:0:1', '/email/findSend', '101', '查询已发送', 'info', '1');
INSERT INTO `t_log` VALUES ('265', null, 'GET', '2018-10-24 16:09:08', '_dc=1540368548103&page=1&start=0&limit=20&group={\"property\":\"sendDay\",\"direction\":\"ASC\"}&sort=id&dir=ASC', '0:0:0:0:0:0:0:1', '/email/findInbox', '89', '查询收件箱', 'info', '1');
INSERT INTO `t_log` VALUES ('266', null, 'POST', '2018-10-24 16:10:27', '', '0:0:0:0:0:0:0:1', '/logout', '1', '退出登录', 'info', null);
INSERT INTO `t_log` VALUES ('267', null, 'GET', '2018-10-24 16:10:28', '_dc=1540368628391&page=1&start=0&limit=25', '0:0:0:0:0:0:0:1', '/store/findAllStore', '2', 'findAllStore', 'info', null);
INSERT INTO `t_log` VALUES ('268', null, 'GET', '2018-10-24 16:10:28', '_dc=1540368628394&page=1&start=0&limit=25', '0:0:0:0:0:0:0:1', '/store/findAllStore', '2', 'findAllStore', 'info', null);
INSERT INTO `t_log` VALUES ('269', null, 'POST', '2018-10-24 16:21:34', 'userName=admin&password=', '0:0:0:0:0:0:0:1', '/login', '274', '登录系统', 'info', '1');
INSERT INTO `t_log` VALUES ('270', null, 'GET', '2018-10-24 16:21:35', '_dc=1540369294764', '0:0:0:0:0:0:0:1', '/attence/isAttence', '10', '考勤操作', 'info', '1');
INSERT INTO `t_log` VALUES ('271', null, 'GET', '2018-10-24 16:21:37', '', '0:0:0:0:0:0:0:1', '/user/current', '0', '权限限制', 'info', '1');
INSERT INTO `t_log` VALUES ('272', null, 'GET', '2018-10-24 16:21:37', '', '0:0:0:0:0:0:0:1', '/group/current', '0', '权限限制', 'info', '1');
INSERT INTO `t_log` VALUES ('273', null, 'GET', '2018-10-24 16:21:38', '', '0:0:0:0:0:0:0:1', '/user/current', '0', '权限限制', 'info', '1');
INSERT INTO `t_log` VALUES ('274', null, 'GET', '2018-10-24 16:21:38', '', '0:0:0:0:0:0:0:1', '/group/current', '0', '权限限制', 'info', '1');
INSERT INTO `t_log` VALUES ('275', null, 'GET', '2018-10-24 16:21:39', '', '0:0:0:0:0:0:0:1', '/user/current', '0', '权限限制', 'info', '1');
INSERT INTO `t_log` VALUES ('276', null, 'GET', '2018-10-24 16:21:39', '', '0:0:0:0:0:0:0:1', '/group/current', '0', '权限限制', 'info', '1');
INSERT INTO `t_log` VALUES ('277', null, 'GET', '2018-10-24 16:21:41', '', '0:0:0:0:0:0:0:1', '/user/current', '0', '权限限制', 'info', '1');
INSERT INTO `t_log` VALUES ('278', null, 'GET', '2018-10-24 16:21:41', '', '0:0:0:0:0:0:0:1', '/group/current', '4', '权限限制', 'info', '1');
INSERT INTO `t_log` VALUES ('279', null, 'GET', '2018-10-24 16:21:41', '', '0:0:0:0:0:0:0:1', '/group/current', '0', '权限限制', 'info', '1');
INSERT INTO `t_log` VALUES ('280', null, 'GET', '2018-10-24 16:21:41', '', '0:0:0:0:0:0:0:1', '/user/current', '0', '权限限制', 'info', '1');
INSERT INTO `t_log` VALUES ('281', null, 'GET', '2018-10-24 16:21:42', '', '0:0:0:0:0:0:0:1', '/user/current', '0', '权限限制', 'info', '1');
INSERT INTO `t_log` VALUES ('282', null, 'GET', '2018-10-24 16:21:42', '', '0:0:0:0:0:0:0:1', '/group/current', '0', '权限限制', 'info', '1');
INSERT INTO `t_log` VALUES ('283', null, 'GET', '2018-10-24 16:21:43', '_dc=1540369303465&page=1&start=0&limit=20&group={\"property\":\"day\",\"direction\":\"ASC\"}&sort=id&dir=ASC', '0:0:0:0:0:0:0:1', '/contract', '34', '查看合同信息', 'info', '1');
INSERT INTO `t_log` VALUES ('284', null, 'GET', '2018-10-24 16:21:46', '_dc=1540369305791&page=1&start=0&limit=25&group={\"property\":\"taskName\",\"direction\":\"ASC\"}&sort=id&dir=desc', '0:0:0:0:0:0:0:1', '/contract/tasks', '61', '查询待处理合同审批任务', 'info', '1');
INSERT INTO `t_log` VALUES ('285', null, 'GET', '2018-10-24 16:21:53', '_dc=1540369312519&page=1&start=0&limit=25', '0:0:0:0:0:0:0:1', '/notice', '5', '查看公告', 'info', '1');
INSERT INTO `t_log` VALUES ('286', null, 'GET', '2018-10-24 16:21:58', '_dc=1540369317948&page=1&start=0&limit=25', '0:0:0:0:0:0:0:1', '/achievement', '50', '查询销售员月销售额', 'info', '1');
INSERT INTO `t_log` VALUES ('287', null, 'GET', '2018-10-24 16:21:58', '_dc=1540369318007&page=1&start=0&limit=25', '0:0:0:0:0:0:0:1', '/store/findAllStore', '2', 'findAllStore', 'info', '1');
INSERT INTO `t_log` VALUES ('288', null, 'GET', '2018-10-24 16:21:58', '_dc=1540369317949&page=1&start=0&limit=25', '0:0:0:0:0:0:0:1', '/achievement/analyse', '72', '数据分析', 'info', '1');
INSERT INTO `t_log` VALUES ('289', null, 'GET', '2018-10-24 16:21:58', '_dc=1540369317950&page=1&start=0&limit=25', '0:0:0:0:0:0:0:1', '/achievement/sort', '125', '业绩排行', 'info', '1');
INSERT INTO `t_log` VALUES ('290', null, 'GET', '2018-10-24 16:22:01', '_dc=1540369320486&page=1&start=0&limit=25&group={\"property\":\"storeName\",\"direction\":\"ASC\"}&sort=id&dir=desc', '0:0:0:0:0:0:0:1', '/attence/getAllAttence', '18', '查看所有的考勤记录', 'info', '1');
INSERT INTO `t_log` VALUES ('291', null, 'GET', '2018-10-24 16:22:03', '_dc=1540369323396&page=1&start=0&limit=25&sort=id&dir=desc', '0:0:0:0:0:0:0:1', '/attence/tasks', '15', '查询待处理流程任务', 'info', '1');
INSERT INTO `t_log` VALUES ('292', null, 'GET', '2018-10-24 16:22:03', '_dc=1540369323394&page=1&start=0&limit=25&sort=id&dir=desc', '0:0:0:0:0:0:0:1', '/leave/tasks', '20', '查询待处理请假任务', 'info', '1');
INSERT INTO `t_log` VALUES ('293', null, 'POST', '2018-10-24 16:24:45', '', '0:0:0:0:0:0:0:1', '/logout', '0', '退出登录', 'info', null);
INSERT INTO `t_log` VALUES ('294', null, 'GET', '2018-10-24 16:24:47', '_dc=1540369487057&page=1&start=0&limit=25', '0:0:0:0:0:0:0:1', '/store/findAllStore', '2', 'findAllStore', 'info', null);
INSERT INTO `t_log` VALUES ('295', null, 'GET', '2018-10-24 16:24:47', '_dc=1540369487055&page=1&start=0&limit=25', '0:0:0:0:0:0:0:1', '/store/findAllStore', '2', 'findAllStore', 'info', null);
INSERT INTO `t_log` VALUES ('296', null, 'POST', '2018-10-24 16:25:00', 'userName=LiSi&password=', '0:0:0:0:0:0:0:1', '/login', '9', '登录系统', 'info', '4');
INSERT INTO `t_log` VALUES ('297', null, 'GET', '2018-10-24 16:25:00', '_dc=1540369499812', '0:0:0:0:0:0:0:1', '/attence/isAttence', '2', '考勤操作', 'info', '4');
INSERT INTO `t_log` VALUES ('298', null, 'GET', '2018-10-24 16:25:12', '', '0:0:0:0:0:0:0:1', '/user/current', '0', '权限限制', 'info', '4');
INSERT INTO `t_log` VALUES ('299', null, 'GET', '2018-10-24 16:25:12', '', '0:0:0:0:0:0:0:1', '/group/current', '0', '权限限制', 'info', '4');
INSERT INTO `t_log` VALUES ('300', null, 'POST', '2018-10-24 16:26:45', '', '0:0:0:0:0:0:0:1', '/logout', '0', '退出登录', 'info', null);
INSERT INTO `t_log` VALUES ('301', null, 'GET', '2018-10-24 16:26:47', '_dc=1540369607473&page=1&start=0&limit=25', '0:0:0:0:0:0:0:1', '/store/findAllStore', '2', 'findAllStore', 'info', null);
INSERT INTO `t_log` VALUES ('302', null, 'GET', '2018-10-24 16:26:47', '_dc=1540369607468&page=1&start=0&limit=25', '0:0:0:0:0:0:0:1', '/store/findAllStore', '2', 'findAllStore', 'info', null);
INSERT INTO `t_log` VALUES ('303', null, 'POST', '2018-10-24 16:27:05', 'userName=LiJun&password=', '0:0:0:0:0:0:0:1', '/login', '19', '登录系统', 'info', '10');
INSERT INTO `t_log` VALUES ('304', null, 'GET', '2018-10-24 16:27:05', '_dc=1540369624742', '0:0:0:0:0:0:0:1', '/attence/isAttence', '2', '考勤操作', 'info', '10');
INSERT INTO `t_log` VALUES ('305', null, 'GET', '2018-10-24 16:27:08', '_dc=1540369628402&page=1&start=0&limit=20&group={\"property\":\"day\",\"direction\":\"ASC\"}&sort=id&dir=ASC', '0:0:0:0:0:0:0:1', '/contract', '10', '查看合同信息', 'info', '10');
INSERT INTO `t_log` VALUES ('306', null, 'POST', '2018-10-24 16:30:13', '_dc=1540369812696', '0:0:0:0:0:0:0:1', '/contract', '15', '保存合同信息', 'info', '10');
INSERT INTO `t_log` VALUES ('307', null, 'GET', '2018-10-24 16:30:13', '_dc=1540369812788&page=1&start=0&limit=20&group={\"property\":\"day\",\"direction\":\"ASC\"}&sort=id&dir=ASC', '0:0:0:0:0:0:0:1', '/contract', '23', '查看合同信息', 'info', '10');
INSERT INTO `t_log` VALUES ('308', null, 'POST', '2018-10-24 16:31:25', '', '0:0:0:0:0:0:0:1', '/logout', '1', '退出登录', 'info', null);
INSERT INTO `t_log` VALUES ('309', null, 'GET', '2018-10-24 16:31:27', '_dc=1540369887036&page=1&start=0&limit=25', '0:0:0:0:0:0:0:1', '/store/findAllStore', '2', 'findAllStore', 'info', null);
INSERT INTO `t_log` VALUES ('310', null, 'GET', '2018-10-24 16:31:27', '_dc=1540369887032&page=1&start=0&limit=25', '0:0:0:0:0:0:0:1', '/store/findAllStore', '2', 'findAllStore', 'info', null);
INSERT INTO `t_log` VALUES ('311', null, 'POST', '2018-10-24 16:31:35', 'userName=WangWu&password=', '0:0:0:0:0:0:0:1', '/login', '7', '登录系统', 'info', '12');
INSERT INTO `t_log` VALUES ('312', null, 'GET', '2018-10-24 16:31:35', '_dc=1540369895100', '0:0:0:0:0:0:0:1', '/attence/isAttence', '2', '考勤操作', 'info', '12');
INSERT INTO `t_log` VALUES ('313', null, 'GET', '2018-10-24 16:31:38', '_dc=1540369897877&page=1&start=0&limit=20&group={\"property\":\"day\",\"direction\":\"ASC\"}&sort=id&dir=ASC', '0:0:0:0:0:0:0:1', '/contract', '8', '查看合同信息', 'info', '12');
INSERT INTO `t_log` VALUES ('314', null, 'POST', '2018-10-24 16:31:59', '_dc=1540369919444', '0:0:0:0:0:0:0:1', '/contract', '5', '保存合同信息', 'info', '12');
INSERT INTO `t_log` VALUES ('315', null, 'GET', '2018-10-24 16:32:00', '_dc=1540369919521&page=1&start=0&limit=20&group={\"property\":\"day\",\"direction\":\"ASC\"}&sort=id&dir=ASC', '0:0:0:0:0:0:0:1', '/contract', '12', '查看合同信息', 'info', '12');
INSERT INTO `t_log` VALUES ('316', null, 'POST', '2018-10-24 16:32:20', '', '0:0:0:0:0:0:0:1', '/logout', '0', '退出登录', 'info', null);
INSERT INTO `t_log` VALUES ('317', null, 'GET', '2018-10-24 16:32:22', '_dc=1540369941725&page=1&start=0&limit=25', '0:0:0:0:0:0:0:1', '/store/findAllStore', '2', 'findAllStore', 'info', null);
INSERT INTO `t_log` VALUES ('318', null, 'GET', '2018-10-24 16:32:22', '_dc=1540369941727&page=1&start=0&limit=25', '0:0:0:0:0:0:0:1', '/store/findAllStore', '2', 'findAllStore', 'info', null);
INSERT INTO `t_log` VALUES ('319', null, 'POST', '2018-10-24 16:32:41', 'userName=LiYa&password=', '0:0:0:0:0:0:0:1', '/login', '14', '登录系统', 'info', '14');
INSERT INTO `t_log` VALUES ('320', null, 'GET', '2018-10-24 16:32:41', '_dc=1540369961071', '0:0:0:0:0:0:0:1', '/attence/isAttence', '2', '考勤操作', 'info', '14');
INSERT INTO `t_log` VALUES ('321', null, 'GET', '2018-10-24 16:32:44', '_dc=1540369964295&page=1&start=0&limit=20&group={\"property\":\"day\",\"direction\":\"ASC\"}&sort=id&dir=ASC', '0:0:0:0:0:0:0:1', '/contract', '9', '查看合同信息', 'info', '14');
INSERT INTO `t_log` VALUES ('322', null, 'POST', '2018-10-24 16:33:09', '_dc=1540369989413', '0:0:0:0:0:0:0:1', '/contract', '12', '保存合同信息', 'info', '14');
INSERT INTO `t_log` VALUES ('323', null, 'GET', '2018-10-24 16:33:10', '_dc=1540369989500&page=1&start=0&limit=20&group={\"property\":\"day\",\"direction\":\"ASC\"}&sort=id&dir=ASC', '0:0:0:0:0:0:0:1', '/contract', '16', '查看合同信息', 'info', '14');
INSERT INTO `t_log` VALUES ('324', null, 'POST', '2018-10-24 16:33:16', '', '0:0:0:0:0:0:0:1', '/logout', '0', '退出登录', 'info', null);
INSERT INTO `t_log` VALUES ('325', null, 'GET', '2018-10-24 16:33:17', '_dc=1540369997108&page=1&start=0&limit=25', '0:0:0:0:0:0:0:1', '/store/findAllStore', '2', 'findAllStore', 'info', null);
INSERT INTO `t_log` VALUES ('326', null, 'GET', '2018-10-24 16:33:17', '_dc=1540369997111&page=1&start=0&limit=25', '0:0:0:0:0:0:0:1', '/store/findAllStore', '2', 'findAllStore', 'info', null);
INSERT INTO `t_log` VALUES ('327', null, 'POST', '2018-10-24 16:33:35', 'userName=WuLu&password=', '0:0:0:0:0:0:0:1', '/login', '11', '登录系统', 'info', '16');
INSERT INTO `t_log` VALUES ('328', null, 'GET', '2018-10-24 16:33:35', '_dc=1540370015162', '0:0:0:0:0:0:0:1', '/attence/isAttence', '2', '考勤操作', 'info', '16');
INSERT INTO `t_log` VALUES ('329', null, 'GET', '2018-10-24 16:33:44', '_dc=1540370023872&page=1&start=0&limit=20&group={\"property\":\"day\",\"direction\":\"ASC\"}&sort=id&dir=ASC', '0:0:0:0:0:0:0:1', '/contract', '12', '查看合同信息', 'info', '16');
INSERT INTO `t_log` VALUES ('330', null, 'POST', '2018-10-24 16:34:23', '_dc=1540370063021', '0:0:0:0:0:0:0:1', '/contract', '7', '保存合同信息', 'info', '16');
INSERT INTO `t_log` VALUES ('331', null, 'GET', '2018-10-24 16:34:23', '_dc=1540370063112&page=1&start=0&limit=20&group={\"property\":\"day\",\"direction\":\"ASC\"}&sort=id&dir=ASC', '0:0:0:0:0:0:0:1', '/contract', '10', '查看合同信息', 'info', '16');
INSERT INTO `t_log` VALUES ('332', null, 'POST', '2018-10-24 16:34:27', '', '0:0:0:0:0:0:0:1', '/logout', '0', '退出登录', 'info', null);
INSERT INTO `t_log` VALUES ('333', null, 'GET', '2018-10-24 16:34:28', '_dc=1540370068088&page=1&start=0&limit=25', '0:0:0:0:0:0:0:1', '/store/findAllStore', '2', 'findAllStore', 'info', null);
INSERT INTO `t_log` VALUES ('334', null, 'GET', '2018-10-24 16:34:28', '_dc=1540370068091&page=1&start=0&limit=25', '0:0:0:0:0:0:0:1', '/store/findAllStore', '2', 'findAllStore', 'info', null);
INSERT INTO `t_log` VALUES ('335', null, 'POST', '2018-10-24 16:34:54', 'userName=LiNan&password=', '0:0:0:0:0:0:0:1', '/login', '15', '登录系统', 'info', '18');
INSERT INTO `t_log` VALUES ('336', null, 'GET', '2018-10-24 16:34:54', '_dc=1540370093587', '0:0:0:0:0:0:0:1', '/attence/isAttence', '2', '考勤操作', 'info', '18');
INSERT INTO `t_log` VALUES ('337', null, 'GET', '2018-10-24 16:34:58', '_dc=1540370097509&page=1&start=0&limit=20&group={\"property\":\"day\",\"direction\":\"ASC\"}&sort=id&dir=ASC', '0:0:0:0:0:0:0:1', '/contract', '7', '查看合同信息', 'info', '18');
INSERT INTO `t_log` VALUES ('338', null, 'POST', '2018-10-24 16:35:18', '_dc=1540370118132', '0:0:0:0:0:0:0:1', '/contract', '14', '保存合同信息', 'info', '18');
INSERT INTO `t_log` VALUES ('339', null, 'GET', '2018-10-24 16:35:18', '_dc=1540370118220&page=1&start=0&limit=20&group={\"property\":\"day\",\"direction\":\"ASC\"}&sort=id&dir=ASC', '0:0:0:0:0:0:0:1', '/contract', '16', '查看合同信息', 'info', '18');
INSERT INTO `t_log` VALUES ('340', null, 'POST', '2018-10-24 16:35:20', '', '0:0:0:0:0:0:0:1', '/logout', '0', '退出登录', 'info', null);
INSERT INTO `t_log` VALUES ('341', null, 'GET', '2018-10-24 16:35:22', '_dc=1540370121937&page=1&start=0&limit=25', '0:0:0:0:0:0:0:1', '/store/findAllStore', '2', 'findAllStore', 'info', null);
INSERT INTO `t_log` VALUES ('342', null, 'GET', '2018-10-24 16:35:22', '_dc=1540370121934&page=1&start=0&limit=25', '0:0:0:0:0:0:0:1', '/store/findAllStore', '2', 'findAllStore', 'info', null);
INSERT INTO `t_log` VALUES ('343', null, 'POST', '2018-10-24 16:35:34', 'userName=WuTian&password=', '0:0:0:0:0:0:0:1', '/login', '15', '登录系统', 'info', '20');
INSERT INTO `t_log` VALUES ('344', null, 'GET', '2018-10-24 16:35:34', '_dc=1540370133757', '0:0:0:0:0:0:0:1', '/attence/isAttence', '2', '考勤操作', 'info', '20');
INSERT INTO `t_log` VALUES ('345', null, 'GET', '2018-10-24 16:35:37', '_dc=1540370137450&page=1&start=0&limit=20&group={\"property\":\"day\",\"direction\":\"ASC\"}&sort=id&dir=ASC', '0:0:0:0:0:0:0:1', '/contract', '9', '查看合同信息', 'info', '20');
INSERT INTO `t_log` VALUES ('346', null, 'POST', '2018-10-24 16:36:04', '_dc=1540370164312', '0:0:0:0:0:0:0:1', '/contract', '6', '保存合同信息', 'info', '20');
INSERT INTO `t_log` VALUES ('347', null, 'GET', '2018-10-24 16:36:04', '_dc=1540370164390&page=1&start=0&limit=20&group={\"property\":\"day\",\"direction\":\"ASC\"}&sort=id&dir=ASC', '0:0:0:0:0:0:0:1', '/contract', '13', '查看合同信息', 'info', '20');
INSERT INTO `t_log` VALUES ('348', null, 'POST', '2018-10-24 16:36:06', '', '0:0:0:0:0:0:0:1', '/logout', '0', '退出登录', 'info', null);
INSERT INTO `t_log` VALUES ('349', null, 'GET', '2018-10-24 16:36:08', '_dc=1540370167757&page=1&start=0&limit=25', '0:0:0:0:0:0:0:1', '/store/findAllStore', '2', 'findAllStore', 'info', null);
INSERT INTO `t_log` VALUES ('350', null, 'GET', '2018-10-24 16:36:08', '_dc=1540370167753&page=1&start=0&limit=25', '0:0:0:0:0:0:0:1', '/store/findAllStore', '2', 'findAllStore', 'info', null);
INSERT INTO `t_log` VALUES ('351', null, 'POST', '2018-10-24 16:36:24', 'userName=LIMing&password=', '0:0:0:0:0:0:0:1', '/login', '2', '登录系统', 'info', null);
INSERT INTO `t_log` VALUES ('352', null, 'POST', '2018-10-24 16:36:34', 'userName=LiMing&password=', '0:0:0:0:0:0:0:1', '/login', '10', '登录系统', 'info', '22');
INSERT INTO `t_log` VALUES ('353', null, 'GET', '2018-10-24 16:36:34', '_dc=1540370193878', '0:0:0:0:0:0:0:1', '/attence/isAttence', '2', '考勤操作', 'info', '22');
INSERT INTO `t_log` VALUES ('354', null, 'GET', '2018-10-24 16:36:37', '_dc=1540370196752&page=1&start=0&limit=20&group={\"property\":\"day\",\"direction\":\"ASC\"}&sort=id&dir=ASC', '0:0:0:0:0:0:0:1', '/contract', '9', '查看合同信息', 'info', '22');
INSERT INTO `t_log` VALUES ('355', null, 'POST', '2018-10-24 16:36:54', '_dc=1540370214188', '0:0:0:0:0:0:0:1', '/contract', '6', '保存合同信息', 'info', '22');
INSERT INTO `t_log` VALUES ('356', null, 'GET', '2018-10-24 16:36:54', '_dc=1540370214274&page=1&start=0&limit=20&group={\"property\":\"day\",\"direction\":\"ASC\"}&sort=id&dir=ASC', '0:0:0:0:0:0:0:1', '/contract', '8', '查看合同信息', 'info', '22');
INSERT INTO `t_log` VALUES ('357', null, 'POST', '2018-10-24 16:36:56', '', '0:0:0:0:0:0:0:1', '/logout', '0', '退出登录', 'info', null);
INSERT INTO `t_log` VALUES ('358', null, 'GET', '2018-10-24 16:36:57', '_dc=1540370217393&page=1&start=0&limit=25', '0:0:0:0:0:0:0:1', '/store/findAllStore', '1', 'findAllStore', 'info', null);
INSERT INTO `t_log` VALUES ('359', null, 'GET', '2018-10-24 16:36:57', '_dc=1540370217390&page=1&start=0&limit=25', '0:0:0:0:0:0:0:1', '/store/findAllStore', '1', 'findAllStore', 'info', null);
INSERT INTO `t_log` VALUES ('360', null, 'POST', '2018-10-24 16:37:11', 'userName=WangSan&password=', '0:0:0:0:0:0:0:1', '/login', '11', '登录系统', 'info', '24');
INSERT INTO `t_log` VALUES ('361', null, 'GET', '2018-10-24 16:37:12', '_dc=1540370231527', '0:0:0:0:0:0:0:1', '/attence/isAttence', '1', '考勤操作', 'info', '24');
INSERT INTO `t_log` VALUES ('362', null, 'GET', '2018-10-24 16:37:14', '_dc=1540370233856&page=1&start=0&limit=20&group={\"property\":\"day\",\"direction\":\"ASC\"}&sort=id&dir=ASC', '0:0:0:0:0:0:0:1', '/contract', '5', '查看合同信息', 'info', '24');
INSERT INTO `t_log` VALUES ('363', null, 'POST', '2018-10-24 16:37:42', '_dc=1540370262150', '0:0:0:0:0:0:0:1', '/contract', '9', '保存合同信息', 'info', '24');
INSERT INTO `t_log` VALUES ('364', null, 'GET', '2018-10-24 16:37:42', '_dc=1540370262236&page=1&start=0&limit=20&group={\"property\":\"day\",\"direction\":\"ASC\"}&sort=id&dir=ASC', '0:0:0:0:0:0:0:1', '/contract', '5', '查看合同信息', 'info', '24');
INSERT INTO `t_log` VALUES ('365', null, 'POST', '2018-10-24 16:37:44', '', '0:0:0:0:0:0:0:1', '/logout', '0', '退出登录', 'info', null);
INSERT INTO `t_log` VALUES ('366', null, 'GET', '2018-10-24 16:37:46', '_dc=1540370265864&page=1&start=0&limit=25', '0:0:0:0:0:0:0:1', '/store/findAllStore', '5', 'findAllStore', 'info', null);
INSERT INTO `t_log` VALUES ('367', null, 'GET', '2018-10-24 16:37:46', '_dc=1540370265867&page=1&start=0&limit=25', '0:0:0:0:0:0:0:1', '/store/findAllStore', '5', 'findAllStore', 'info', null);
INSERT INTO `t_log` VALUES ('368', null, 'POST', '2018-10-24 16:38:02', 'userName=ZhangNan&password=', '0:0:0:0:0:0:0:1', '/login', '7', '登录系统', 'info', '26');
INSERT INTO `t_log` VALUES ('369', null, 'GET', '2018-10-24 16:38:02', '_dc=1540370281923', '0:0:0:0:0:0:0:1', '/attence/isAttence', '2', '考勤操作', 'info', '26');
INSERT INTO `t_log` VALUES ('370', null, 'GET', '2018-10-24 16:38:08', '_dc=1540370287762&page=1&start=0&limit=20&group={\"property\":\"day\",\"direction\":\"ASC\"}&sort=id&dir=ASC', '0:0:0:0:0:0:0:1', '/contract', '9', '查看合同信息', 'info', '26');
INSERT INTO `t_log` VALUES ('371', null, 'POST', '2018-10-24 16:38:27', '_dc=1540370306669', '0:0:0:0:0:0:0:1', '/contract', '10', '保存合同信息', 'info', '26');
INSERT INTO `t_log` VALUES ('372', null, 'GET', '2018-10-24 16:38:27', '_dc=1540370306763&page=1&start=0&limit=20&group={\"property\":\"day\",\"direction\":\"ASC\"}&sort=id&dir=ASC', '0:0:0:0:0:0:0:1', '/contract', '10', '查看合同信息', 'info', '26');
INSERT INTO `t_log` VALUES ('373', null, 'POST', '2018-10-24 16:38:30', '', '0:0:0:0:0:0:0:1', '/logout', '0', '退出登录', 'info', null);
INSERT INTO `t_log` VALUES ('374', null, 'GET', '2018-10-24 16:38:31', '_dc=1540370311323&page=1&start=0&limit=25', '0:0:0:0:0:0:0:1', '/store/findAllStore', '2', 'findAllStore', 'info', null);
INSERT INTO `t_log` VALUES ('375', null, 'GET', '2018-10-24 16:38:31', '_dc=1540370311326&page=1&start=0&limit=25', '0:0:0:0:0:0:0:1', '/store/findAllStore', '2', 'findAllStore', 'info', null);
INSERT INTO `t_log` VALUES ('376', null, 'POST', '2018-10-24 16:38:52', 'userName=WuYiTian&password=', '0:0:0:0:0:0:0:1', '/login', '8', '登录系统', 'info', '28');
INSERT INTO `t_log` VALUES ('377', null, 'GET', '2018-10-24 16:38:52', '_dc=1540370332252', '0:0:0:0:0:0:0:1', '/attence/isAttence', '2', '考勤操作', 'info', '28');
INSERT INTO `t_log` VALUES ('378', null, 'GET', '2018-10-24 16:38:54', '_dc=1540370334218&page=1&start=0&limit=20&group={\"property\":\"day\",\"direction\":\"ASC\"}&sort=id&dir=ASC', '0:0:0:0:0:0:0:1', '/contract', '6', '查看合同信息', 'info', '28');
INSERT INTO `t_log` VALUES ('379', null, 'POST', '2018-10-24 16:39:11', '_dc=1540370350507', '0:0:0:0:0:0:0:1', '/contract', '10', '保存合同信息', 'info', '28');
INSERT INTO `t_log` VALUES ('380', null, 'GET', '2018-10-24 16:39:11', '_dc=1540370350601&page=1&start=0&limit=20&group={\"property\":\"day\",\"direction\":\"ASC\"}&sort=id&dir=ASC', '0:0:0:0:0:0:0:1', '/contract', '10', '查看合同信息', 'info', '28');
INSERT INTO `t_log` VALUES ('381', null, 'POST', '2018-10-24 16:39:12', '', '0:0:0:0:0:0:0:1', '/logout', '0', '退出登录', 'info', null);
INSERT INTO `t_log` VALUES ('382', null, 'GET', '2018-10-24 16:39:14', '_dc=1540370353544&page=1&start=0&limit=25', '0:0:0:0:0:0:0:1', '/store/findAllStore', '1', 'findAllStore', 'info', null);
INSERT INTO `t_log` VALUES ('383', null, 'GET', '2018-10-24 16:39:14', '_dc=1540370353548&page=1&start=0&limit=25', '0:0:0:0:0:0:0:1', '/store/findAllStore', '1', 'findAllStore', 'info', null);
INSERT INTO `t_log` VALUES ('384', null, 'POST', '2018-10-24 16:39:36', 'userName=ZhangXiaoNan&password=', '0:0:0:0:0:0:0:1', '/login', '7', '登录系统', 'info', '30');
INSERT INTO `t_log` VALUES ('385', null, 'GET', '2018-10-24 16:39:36', '_dc=1540370376006', '0:0:0:0:0:0:0:1', '/attence/isAttence', '2', '考勤操作', 'info', '30');
INSERT INTO `t_log` VALUES ('386', null, 'GET', '2018-10-24 16:39:38', '_dc=1540370378484&page=1&start=0&limit=20&group={\"property\":\"day\",\"direction\":\"ASC\"}&sort=id&dir=ASC', '0:0:0:0:0:0:0:1', '/contract', '9', '查看合同信息', 'info', '30');
INSERT INTO `t_log` VALUES ('387', null, 'POST', '2018-10-24 16:39:57', '_dc=1540370396623', '0:0:0:0:0:0:0:1', '/contract', '12', '保存合同信息', 'info', '30');
INSERT INTO `t_log` VALUES ('388', null, 'GET', '2018-10-24 16:39:57', '_dc=1540370396699&page=1&start=0&limit=20&group={\"property\":\"day\",\"direction\":\"ASC\"}&sort=id&dir=ASC', '0:0:0:0:0:0:0:1', '/contract', '19', '查看合同信息', 'info', '30');
INSERT INTO `t_log` VALUES ('389', null, 'POST', '2018-10-24 16:39:58', '', '0:0:0:0:0:0:0:1', '/logout', '0', '退出登录', 'info', null);
INSERT INTO `t_log` VALUES ('390', null, 'GET', '2018-10-24 16:40:00', '_dc=1540370399834&page=1&start=0&limit=25', '0:0:0:0:0:0:0:1', '/store/findAllStore', '2', 'findAllStore', 'info', null);
INSERT INTO `t_log` VALUES ('391', null, 'GET', '2018-10-24 16:40:00', '_dc=1540370399831&page=1&start=0&limit=25', '0:0:0:0:0:0:0:1', '/store/findAllStore', '2', 'findAllStore', 'info', null);
INSERT INTO `t_log` VALUES ('392', null, 'POST', '2018-10-24 16:40:17', 'userName=WuXiaoTian&password=', '0:0:0:0:0:0:0:1', '/login', '14', '登录系统', 'info', '32');
INSERT INTO `t_log` VALUES ('393', null, 'GET', '2018-10-24 16:40:17', '_dc=1540370416965', '0:0:0:0:0:0:0:1', '/attence/isAttence', '2', '考勤操作', 'info', '32');
INSERT INTO `t_log` VALUES ('394', null, 'GET', '2018-10-24 16:40:19', '_dc=1540370419088&page=1&start=0&limit=20&group={\"property\":\"day\",\"direction\":\"ASC\"}&sort=id&dir=ASC', '0:0:0:0:0:0:0:1', '/contract', '8', '查看合同信息', 'info', '32');
INSERT INTO `t_log` VALUES ('395', null, 'POST', '2018-10-24 16:40:57', '_dc=1540370456507', '0:0:0:0:0:0:0:1', '/contract', '9', '保存合同信息', 'info', '32');
INSERT INTO `t_log` VALUES ('396', null, 'GET', '2018-10-24 16:40:57', '_dc=1540370456606&page=1&start=0&limit=20&group={\"property\":\"day\",\"direction\":\"ASC\"}&sort=id&dir=ASC', '0:0:0:0:0:0:0:1', '/contract', '7', '查看合同信息', 'info', '32');
INSERT INTO `t_log` VALUES ('397', null, 'POST', '2018-10-24 16:41:05', '', '0:0:0:0:0:0:0:1', '/logout', '0', '退出登录', 'info', null);
INSERT INTO `t_log` VALUES ('398', null, 'GET', '2018-10-24 16:41:07', '_dc=1540370466948&page=1&start=0&limit=25', '0:0:0:0:0:0:0:1', '/store/findAllStore', '2', 'findAllStore', 'info', null);
INSERT INTO `t_log` VALUES ('399', null, 'GET', '2018-10-24 16:41:07', '_dc=1540370466945&page=1&start=0&limit=25', '0:0:0:0:0:0:0:1', '/store/findAllStore', '2', 'findAllStore', 'info', null);
INSERT INTO `t_log` VALUES ('400', null, 'POST', '2018-10-24 16:41:47', 'userName=LiuXiaoNan&password=', '0:0:0:0:0:0:0:1', '/login', '14', '登录系统', 'info', '34');
INSERT INTO `t_log` VALUES ('401', null, 'GET', '2018-10-24 16:41:47', '_dc=1540370507125', '0:0:0:0:0:0:0:1', '/attence/isAttence', '2', '考勤操作', 'info', '34');
INSERT INTO `t_log` VALUES ('402', null, 'GET', '2018-10-24 16:41:50', '_dc=1540370509756&page=1&start=0&limit=20&group={\"property\":\"day\",\"direction\":\"ASC\"}&sort=id&dir=ASC', '0:0:0:0:0:0:0:1', '/contract', '9', '查看合同信息', 'info', '34');
INSERT INTO `t_log` VALUES ('403', null, 'POST', '2018-10-24 16:42:09', '_dc=1540370528719', '0:0:0:0:0:0:0:1', '/contract', '7', '保存合同信息', 'info', '34');
INSERT INTO `t_log` VALUES ('404', null, 'GET', '2018-10-24 16:42:09', '_dc=1540370528801&page=1&start=0&limit=20&group={\"property\":\"day\",\"direction\":\"ASC\"}&sort=id&dir=ASC', '0:0:0:0:0:0:0:1', '/contract', '9', '查看合同信息', 'info', '34');
INSERT INTO `t_log` VALUES ('405', null, 'POST', '2018-10-24 16:42:11', '', '0:0:0:0:0:0:0:1', '/logout', '0', '退出登录', 'info', null);
INSERT INTO `t_log` VALUES ('406', null, 'GET', '2018-10-24 16:42:13', '_dc=1540370532500&page=1&start=0&limit=25', '0:0:0:0:0:0:0:1', '/store/findAllStore', '2', 'findAllStore', 'info', null);
INSERT INTO `t_log` VALUES ('407', null, 'GET', '2018-10-24 16:42:13', '_dc=1540370532503&page=1&start=0&limit=25', '0:0:0:0:0:0:0:1', '/store/findAllStore', '2', 'findAllStore', 'info', null);
INSERT INTO `t_log` VALUES ('408', null, 'POST', '2018-10-24 16:42:26', 'userName=WuXiaoXiao&password=', '0:0:0:0:0:0:0:1', '/login', '12', '登录系统', 'info', '36');
INSERT INTO `t_log` VALUES ('409', null, 'GET', '2018-10-24 16:42:26', '_dc=1540370545864', '0:0:0:0:0:0:0:1', '/attence/isAttence', '2', '考勤操作', 'info', '36');
INSERT INTO `t_log` VALUES ('410', null, 'GET', '2018-10-24 16:42:34', '_dc=1540370554060&page=1&start=0&limit=20&group={\"property\":\"day\",\"direction\":\"ASC\"}&sort=id&dir=ASC', '0:0:0:0:0:0:0:1', '/contract', '10', '查看合同信息', 'info', '36');
INSERT INTO `t_log` VALUES ('411', null, 'POST', '2018-10-24 16:42:59', '_dc=1540370578850', '0:0:0:0:0:0:0:1', '/contract', '21', '保存合同信息', 'info', '36');
INSERT INTO `t_log` VALUES ('412', null, 'GET', '2018-10-24 16:42:59', '_dc=1540370578945&page=1&start=0&limit=20&group={\"property\":\"day\",\"direction\":\"ASC\"}&sort=id&dir=ASC', '0:0:0:0:0:0:0:1', '/contract', '16', '查看合同信息', 'info', '36');
INSERT INTO `t_log` VALUES ('413', null, 'POST', '2018-10-24 16:43:00', '', '0:0:0:0:0:0:0:1', '/logout', '1', '退出登录', 'info', null);
INSERT INTO `t_log` VALUES ('414', null, 'GET', '2018-10-24 16:43:02', '_dc=1540370581926&page=1&start=0&limit=25', '0:0:0:0:0:0:0:1', '/store/findAllStore', '2', 'findAllStore', 'info', null);
INSERT INTO `t_log` VALUES ('415', null, 'GET', '2018-10-24 16:43:02', '_dc=1540370581922&page=1&start=0&limit=25', '0:0:0:0:0:0:0:1', '/store/findAllStore', '3', 'findAllStore', 'info', null);
INSERT INTO `t_log` VALUES ('416', null, 'POST', '2018-10-24 16:43:21', 'userName=LiMingMing&password=', '0:0:0:0:0:0:0:1', '/login', '13', '登录系统', 'info', '38');
INSERT INTO `t_log` VALUES ('417', null, 'GET', '2018-10-24 16:43:21', '_dc=1540370600896', '0:0:0:0:0:0:0:1', '/attence/isAttence', '2', '考勤操作', 'info', '38');
INSERT INTO `t_log` VALUES ('418', null, 'GET', '2018-10-24 16:43:25', '_dc=1540370604495&page=1&start=0&limit=20&group={\"property\":\"day\",\"direction\":\"ASC\"}&sort=id&dir=ASC', '0:0:0:0:0:0:0:1', '/contract', '8', '查看合同信息', 'info', '38');
INSERT INTO `t_log` VALUES ('419', null, 'POST', '2018-10-24 16:43:44', '_dc=1540370624146', '0:0:0:0:0:0:0:1', '/contract', '7', '保存合同信息', 'info', '38');
INSERT INTO `t_log` VALUES ('420', null, 'GET', '2018-10-24 16:43:44', '_dc=1540370624241&page=1&start=0&limit=20&group={\"property\":\"day\",\"direction\":\"ASC\"}&sort=id&dir=ASC', '0:0:0:0:0:0:0:1', '/contract', '10', '查看合同信息', 'info', '38');
INSERT INTO `t_log` VALUES ('421', null, 'POST', '2018-10-24 16:43:46', '', '0:0:0:0:0:0:0:1', '/logout', '0', '退出登录', 'info', null);
INSERT INTO `t_log` VALUES ('422', null, 'GET', '2018-10-24 16:43:48', '_dc=1540370627633&page=1&start=0&limit=25', '0:0:0:0:0:0:0:1', '/store/findAllStore', '2', 'findAllStore', 'info', null);
INSERT INTO `t_log` VALUES ('423', null, 'GET', '2018-10-24 16:43:48', '_dc=1540370627636&page=1&start=0&limit=25', '0:0:0:0:0:0:0:1', '/store/findAllStore', '2', 'findAllStore', 'info', null);
INSERT INTO `t_log` VALUES ('424', null, 'POST', '2018-10-24 16:44:09', 'userName=WangSanSan&password=', '0:0:0:0:0:0:0:1', '/login', '12', '登录系统', 'info', '40');
INSERT INTO `t_log` VALUES ('425', null, 'GET', '2018-10-24 16:44:09', '_dc=1540370648730', '0:0:0:0:0:0:0:1', '/attence/isAttence', '2', '考勤操作', 'info', '40');
INSERT INTO `t_log` VALUES ('426', null, 'GET', '2018-10-24 16:44:13', '_dc=1540370652859&page=1&start=0&limit=20&group={\"property\":\"day\",\"direction\":\"ASC\"}&sort=id&dir=ASC', '0:0:0:0:0:0:0:1', '/contract', '6', '查看合同信息', 'info', '40');
INSERT INTO `t_log` VALUES ('427', null, 'POST', '2018-10-24 16:44:30', '_dc=1540370669488', '0:0:0:0:0:0:0:1', '/contract', '9', '保存合同信息', 'info', '40');
INSERT INTO `t_log` VALUES ('428', null, 'GET', '2018-10-24 16:44:30', '_dc=1540370669572&page=1&start=0&limit=20&group={\"property\":\"day\",\"direction\":\"ASC\"}&sort=id&dir=ASC', '0:0:0:0:0:0:0:1', '/contract', '11', '查看合同信息', 'info', '40');
INSERT INTO `t_log` VALUES ('429', null, 'POST', '2018-10-24 16:44:33', '', '0:0:0:0:0:0:0:1', '/logout', '0', '退出登录', 'info', null);
INSERT INTO `t_log` VALUES ('430', null, 'GET', '2018-10-24 16:44:34', '_dc=1540370674450&page=1&start=0&limit=25', '0:0:0:0:0:0:0:1', '/store/findAllStore', '1', 'findAllStore', 'info', null);
INSERT INTO `t_log` VALUES ('431', null, 'GET', '2018-10-24 16:44:34', '_dc=1540370674447&page=1&start=0&limit=25', '0:0:0:0:0:0:0:1', '/store/findAllStore', '1', 'findAllStore', 'info', null);
INSERT INTO `t_log` VALUES ('432', null, 'POST', '2018-10-24 16:44:55', 'userName=LiuNanNan&password=', '0:0:0:0:0:0:0:1', '/login', '13', '登录系统', 'info', '42');
INSERT INTO `t_log` VALUES ('433', null, 'GET', '2018-10-24 16:44:55', '_dc=1540370694880', '0:0:0:0:0:0:0:1', '/attence/isAttence', '2', '考勤操作', 'info', '42');
INSERT INTO `t_log` VALUES ('434', null, 'GET', '2018-10-24 16:45:02', '_dc=1540370701722&page=1&start=0&limit=20&group={\"property\":\"day\",\"direction\":\"ASC\"}&sort=id&dir=ASC', '0:0:0:0:0:0:0:1', '/contract', '10', '查看合同信息', 'info', '42');
INSERT INTO `t_log` VALUES ('435', null, 'POST', '2018-10-24 16:45:18', '_dc=1540370717920', '0:0:0:0:0:0:0:1', '/contract', '8', '保存合同信息', 'info', '42');
INSERT INTO `t_log` VALUES ('436', null, 'GET', '2018-10-24 16:45:18', '_dc=1540370718012&page=1&start=0&limit=20&group={\"property\":\"day\",\"direction\":\"ASC\"}&sort=id&dir=ASC', '0:0:0:0:0:0:0:1', '/contract', '10', '查看合同信息', 'info', '42');
INSERT INTO `t_log` VALUES ('437', null, 'POST', '2018-10-24 16:45:21', '', '0:0:0:0:0:0:0:1', '/logout', '0', '退出登录', 'info', null);
INSERT INTO `t_log` VALUES ('438', null, 'GET', '2018-10-24 16:45:23', '_dc=1540370722854&page=1&start=0&limit=25', '0:0:0:0:0:0:0:1', '/store/findAllStore', '2', 'findAllStore', 'info', null);
INSERT INTO `t_log` VALUES ('439', null, 'GET', '2018-10-24 16:45:23', '_dc=1540370722857&page=1&start=0&limit=25', '0:0:0:0:0:0:0:1', '/store/findAllStore', '2', 'findAllStore', 'info', null);
INSERT INTO `t_log` VALUES ('440', null, 'POST', '2018-10-24 16:45:39', 'userName=WuGang&password=', '0:0:0:0:0:0:0:1', '/login', '8', '登录系统', 'info', '44');
INSERT INTO `t_log` VALUES ('441', null, 'GET', '2018-10-24 16:45:39', '_dc=1540370738855', '0:0:0:0:0:0:0:1', '/attence/isAttence', '2', '考勤操作', 'info', '44');
INSERT INTO `t_log` VALUES ('442', null, 'GET', '2018-10-24 16:45:41', '_dc=1540370741326&page=1&start=0&limit=20&group={\"property\":\"day\",\"direction\":\"ASC\"}&sort=id&dir=ASC', '0:0:0:0:0:0:0:1', '/contract', '8', '查看合同信息', 'info', '44');
INSERT INTO `t_log` VALUES ('443', null, 'POST', '2018-10-24 16:45:59', '_dc=1540370759177', '0:0:0:0:0:0:0:1', '/contract', '10', '保存合同信息', 'info', '44');
INSERT INTO `t_log` VALUES ('444', null, 'GET', '2018-10-24 16:45:59', '_dc=1540370759282&page=1&start=0&limit=20&group={\"property\":\"day\",\"direction\":\"ASC\"}&sort=id&dir=ASC', '0:0:0:0:0:0:0:1', '/contract', '11', '查看合同信息', 'info', '44');
INSERT INTO `t_log` VALUES ('445', null, 'POST', '2018-10-24 16:46:00', '', '0:0:0:0:0:0:0:1', '/logout', '0', '退出登录', 'info', null);
INSERT INTO `t_log` VALUES ('446', null, 'GET', '2018-10-24 16:46:02', '_dc=1540370762081&page=1&start=0&limit=25', '0:0:0:0:0:0:0:1', '/store/findAllStore', '1', 'findAllStore', 'info', null);
INSERT INTO `t_log` VALUES ('447', null, 'GET', '2018-10-24 16:46:02', '_dc=1540370762078&page=1&start=0&limit=25', '0:0:0:0:0:0:0:1', '/store/findAllStore', '1', 'findAllStore', 'info', null);
INSERT INTO `t_log` VALUES ('448', null, 'POST', '2018-10-24 16:46:17', 'userName=ZhangNanNan&password=', '0:0:0:0:0:0:0:1', '/login', '13', '登录系统', 'info', '46');
INSERT INTO `t_log` VALUES ('449', null, 'GET', '2018-10-24 16:46:17', '_dc=1540370777359', '0:0:0:0:0:0:0:1', '/attence/isAttence', '2', '考勤操作', 'info', '46');
INSERT INTO `t_log` VALUES ('450', null, 'GET', '2018-10-24 16:46:19', '_dc=1540370779295&page=1&start=0&limit=20&group={\"property\":\"day\",\"direction\":\"ASC\"}&sort=id&dir=ASC', '0:0:0:0:0:0:0:1', '/contract', '9', '查看合同信息', 'info', '46');
INSERT INTO `t_log` VALUES ('451', null, 'POST', '2018-10-24 16:46:45', '_dc=1540370804600', '0:0:0:0:0:0:0:1', '/contract', '10', '保存合同信息', 'info', '46');
INSERT INTO `t_log` VALUES ('452', null, 'GET', '2018-10-24 16:46:45', '_dc=1540370804697&page=1&start=0&limit=20&group={\"property\":\"day\",\"direction\":\"ASC\"}&sort=id&dir=ASC', '0:0:0:0:0:0:0:1', '/contract', '9', '查看合同信息', 'info', '46');
INSERT INTO `t_log` VALUES ('453', null, 'POST', '2018-10-24 16:46:46', '', '0:0:0:0:0:0:0:1', '/logout', '0', '退出登录', 'info', null);
INSERT INTO `t_log` VALUES ('454', null, 'GET', '2018-10-24 16:46:47', '_dc=1540370807451&page=1&start=0&limit=25', '0:0:0:0:0:0:0:1', '/store/findAllStore', '2', 'findAllStore', 'info', null);
INSERT INTO `t_log` VALUES ('455', null, 'GET', '2018-10-24 16:46:47', '_dc=1540370807454&page=1&start=0&limit=25', '0:0:0:0:0:0:0:1', '/store/findAllStore', '3', 'findAllStore', 'info', null);
INSERT INTO `t_log` VALUES ('456', null, 'POST', '2018-10-24 16:47:06', 'userName=CaiGang&password=', '0:0:0:0:0:0:0:1', '/login', '8', '登录系统', 'info', '48');
INSERT INTO `t_log` VALUES ('457', null, 'GET', '2018-10-24 16:47:06', '_dc=1540370825955', '0:0:0:0:0:0:0:1', '/attence/isAttence', '1', '考勤操作', 'info', '48');
INSERT INTO `t_log` VALUES ('458', null, 'GET', '2018-10-24 16:47:08', '_dc=1540370827891&page=1&start=0&limit=20&group={\"property\":\"day\",\"direction\":\"ASC\"}&sort=id&dir=ASC', '0:0:0:0:0:0:0:1', '/contract', '9', '查看合同信息', 'info', '48');
INSERT INTO `t_log` VALUES ('459', null, 'POST', '2018-10-24 16:47:27', '_dc=1540370847295', '0:0:0:0:0:0:0:1', '/contract', '10', '保存合同信息', 'info', '48');
INSERT INTO `t_log` VALUES ('460', null, 'GET', '2018-10-24 16:47:27', '_dc=1540370847387&page=1&start=0&limit=20&group={\"property\":\"day\",\"direction\":\"ASC\"}&sort=id&dir=ASC', '0:0:0:0:0:0:0:1', '/contract', '10', '查看合同信息', 'info', '48');
INSERT INTO `t_log` VALUES ('461', null, 'POST', '2018-10-24 16:47:29', '', '0:0:0:0:0:0:0:1', '/logout', '0', '退出登录', 'info', null);
INSERT INTO `t_log` VALUES ('462', null, 'GET', '2018-10-24 16:47:31', '_dc=1540370850590&page=1&start=0&limit=25', '0:0:0:0:0:0:0:1', '/store/findAllStore', '2', 'findAllStore', 'info', null);
INSERT INTO `t_log` VALUES ('463', null, 'GET', '2018-10-24 16:47:31', '_dc=1540370850592&page=1&start=0&limit=25', '0:0:0:0:0:0:0:1', '/store/findAllStore', '2', 'findAllStore', 'info', null);
INSERT INTO `t_log` VALUES ('464', null, 'POST', '2018-10-24 16:47:43', 'userName=YiTian&password=', '0:0:0:0:0:0:0:1', '/login', '8', '登录系统', 'info', '50');
INSERT INTO `t_log` VALUES ('465', null, 'GET', '2018-10-24 16:47:43', '_dc=1540370862635', '0:0:0:0:0:0:0:1', '/attence/isAttence', '1', '考勤操作', 'info', '50');
INSERT INTO `t_log` VALUES ('466', null, 'GET', '2018-10-24 16:47:45', '_dc=1540370864533&page=1&start=0&limit=20&group={\"property\":\"day\",\"direction\":\"ASC\"}&sort=id&dir=ASC', '0:0:0:0:0:0:0:1', '/contract', '11', '查看合同信息', 'info', '50');
INSERT INTO `t_log` VALUES ('467', null, 'POST', '2018-10-24 16:49:05', '', '0:0:0:0:0:0:0:1', '/logout', '0', '退出登录', 'info', null);
INSERT INTO `t_log` VALUES ('468', null, 'GET', '2018-10-24 16:49:07', '_dc=1540370946716&page=1&start=0&limit=25', '0:0:0:0:0:0:0:1', '/store/findAllStore', '2', 'findAllStore', 'info', null);
INSERT INTO `t_log` VALUES ('469', null, 'GET', '2018-10-24 16:49:07', '_dc=1540370946713&page=1&start=0&limit=25', '0:0:0:0:0:0:0:1', '/store/findAllStore', '2', 'findAllStore', 'info', null);
INSERT INTO `t_log` VALUES ('470', null, 'POST', '2018-10-24 16:49:19', 'userName=YiGang&password=', '0:0:0:0:0:0:0:1', '/login', '7', '登录系统', 'info', '52');
INSERT INTO `t_log` VALUES ('471', null, 'GET', '2018-10-24 16:49:19', '_dc=1540370959058', '0:0:0:0:0:0:0:1', '/attence/isAttence', '2', '考勤操作', 'info', '52');
INSERT INTO `t_log` VALUES ('472', null, 'GET', '2018-10-24 16:49:21', '_dc=1540370961203&page=1&start=0&limit=20&group={\"property\":\"day\",\"direction\":\"ASC\"}&sort=id&dir=ASC', '0:0:0:0:0:0:0:1', '/contract', '11', '查看合同信息', 'info', '52');
INSERT INTO `t_log` VALUES ('473', null, 'POST', '2018-10-24 16:49:44', '_dc=1540370984038', '0:0:0:0:0:0:0:1', '/contract', '20', '保存合同信息', 'info', '52');
INSERT INTO `t_log` VALUES ('474', null, 'GET', '2018-10-24 16:49:44', '_dc=1540370984131&page=1&start=0&limit=20&group={\"property\":\"day\",\"direction\":\"ASC\"}&sort=id&dir=ASC', '0:0:0:0:0:0:0:1', '/contract', '16', '查看合同信息', 'info', '52');
INSERT INTO `t_log` VALUES ('475', null, 'POST', '2018-10-24 16:49:47', '', '0:0:0:0:0:0:0:1', '/logout', '1', '退出登录', 'info', null);
INSERT INTO `t_log` VALUES ('476', null, 'GET', '2018-10-24 16:49:49', '_dc=1540370988524&page=1&start=0&limit=25', '0:0:0:0:0:0:0:1', '/store/findAllStore', '2', 'findAllStore', 'info', null);
INSERT INTO `t_log` VALUES ('477', null, 'GET', '2018-10-24 16:49:49', '_dc=1540370988528&page=1&start=0&limit=25', '0:0:0:0:0:0:0:1', '/store/findAllStore', '19', 'findAllStore', 'info', null);
INSERT INTO `t_log` VALUES ('478', null, 'POST', '2018-10-24 16:53:39', 'userName=admin&password=', '0:0:0:0:0:0:0:1', '/login', '48', '登录系统', 'info', null);
INSERT INTO `t_log` VALUES ('479', null, 'POST', '2018-10-24 16:53:43', 'userName=admin&password=', '0:0:0:0:0:0:0:1', '/login', '31', '登录系统', 'info', '1');
INSERT INTO `t_log` VALUES ('480', null, 'GET', '2018-10-24 16:53:43', '_dc=1540371223332', '0:0:0:0:0:0:0:1', '/attence/isAttence', '3', '考勤操作', 'info', '1');
INSERT INTO `t_log` VALUES ('481', null, 'GET', '2018-10-24 16:53:46', '', '0:0:0:0:0:0:0:1', '/user/current', '0', '权限限制', 'info', '1');
INSERT INTO `t_log` VALUES ('482', null, 'GET', '2018-10-24 16:53:46', '', '0:0:0:0:0:0:0:1', '/group/current', '0', '权限限制', 'info', '1');
INSERT INTO `t_log` VALUES ('483', null, 'GET', '2018-10-24 17:01:23', '', '0:0:0:0:0:0:0:1', '/user/current', '0', '权限限制', 'info', '1');
INSERT INTO `t_log` VALUES ('484', null, 'GET', '2018-10-24 17:01:23', '', '0:0:0:0:0:0:0:1', '/group/current', '0', '权限限制', 'info', '1');
INSERT INTO `t_log` VALUES ('485', null, 'GET', '2018-10-24 17:03:08', '', '0:0:0:0:0:0:0:1', '/group/current', '0', '权限限制', 'info', '1');
INSERT INTO `t_log` VALUES ('486', null, 'GET', '2018-10-24 17:03:08', '', '0:0:0:0:0:0:0:1', '/user/current', '0', '权限限制', 'info', '1');
INSERT INTO `t_log` VALUES ('487', null, 'GET', '2018-10-24 17:04:03', '', '0:0:0:0:0:0:0:1', '/user/current', '0', '权限限制', 'info', '1');
INSERT INTO `t_log` VALUES ('488', null, 'GET', '2018-10-24 17:04:03', '', '0:0:0:0:0:0:0:1', '/group/current', '0', '权限限制', 'info', '1');
INSERT INTO `t_log` VALUES ('489', null, 'GET', '2018-10-24 17:05:35', '_dc=1540371935351&page=1&start=0&limit=25', '0:0:0:0:0:0:0:1', '/achievement/sort', '21', '业绩排行', 'info', '1');
INSERT INTO `t_log` VALUES ('490', null, 'GET', '2018-10-24 17:05:35', '_dc=1540371935348&page=1&start=0&limit=25', '0:0:0:0:0:0:0:1', '/achievement/analyse', '21', '数据分析', 'info', '1');
INSERT INTO `t_log` VALUES ('491', null, 'GET', '2018-10-24 17:05:35', '_dc=1540371935354&page=1&start=0&limit=25', '0:0:0:0:0:0:0:1', '/store/findAllStore', '53', 'findAllStore', 'info', '1');
INSERT INTO `t_log` VALUES ('492', null, 'GET', '2018-10-24 17:05:35', '_dc=1540371935345&page=1&start=0&limit=25', '0:0:0:0:0:0:0:1', '/achievement', '93', '查询销售员月销售额', 'info', '1');
INSERT INTO `t_log` VALUES ('493', null, 'POST', '2018-10-24 17:05:38', '', '0:0:0:0:0:0:0:1', '/logout', '0', '退出登录', 'info', null);
INSERT INTO `t_log` VALUES ('494', null, 'GET', '2018-10-24 17:05:40', '_dc=1540371940174&page=1&start=0&limit=25', '0:0:0:0:0:0:0:1', '/store/findAllStore', '2', 'findAllStore', 'info', null);
INSERT INTO `t_log` VALUES ('495', null, 'GET', '2018-10-24 17:05:40', '_dc=1540371940170&page=1&start=0&limit=25', '0:0:0:0:0:0:0:1', '/store/findAllStore', '2', 'findAllStore', 'info', null);
INSERT INTO `t_log` VALUES ('496', null, 'POST', '2018-10-24 17:05:44', 'userName=admin&password=', '0:0:0:0:0:0:0:1', '/login', '32', '登录系统', 'info', '1');
INSERT INTO `t_log` VALUES ('497', null, 'GET', '2018-10-24 17:05:44', '_dc=1540371944429', '0:0:0:0:0:0:0:1', '/attence/isAttence', '2', '考勤操作', 'info', '1');
INSERT INTO `t_log` VALUES ('498', null, 'GET', '2018-10-24 17:05:48', '_dc=1540371948187&page=1&start=0&limit=25', '0:0:0:0:0:0:0:1', '/achievement/analyse', '10', '数据分析', 'info', '1');
INSERT INTO `t_log` VALUES ('499', null, 'GET', '2018-10-24 17:05:48', '_dc=1540371948184&page=1&start=0&limit=25', '0:0:0:0:0:0:0:1', '/achievement', '10', '查询销售员月销售额', 'info', '1');
INSERT INTO `t_log` VALUES ('500', null, 'GET', '2018-10-24 17:05:48', '_dc=1540371948189&page=1&start=0&limit=25', '0:0:0:0:0:0:0:1', '/store/findAllStore', '2', 'findAllStore', 'info', '1');
INSERT INTO `t_log` VALUES ('501', null, 'GET', '2018-10-24 17:05:48', '_dc=1540371948188&page=1&start=0&limit=25', '0:0:0:0:0:0:0:1', '/achievement/sort', '6', '业绩排行', 'info', '1');
INSERT INTO `t_log` VALUES ('502', null, 'GET', '2018-10-24 17:05:55', '_dc=1540371954649&month=一月&area=家乐房产中介东莞市分店&page=1&start=0&limit=25', '0:0:0:0:0:0:0:1', '/achievement', '4', '查询销售员月销售额', 'info', '1');
INSERT INTO `t_log` VALUES ('503', null, 'GET', '2018-10-24 17:05:55', '_dc=1540371954666&month=一月&area=家乐房产中介东莞市分店&page=1&start=0&limit=25', '0:0:0:0:0:0:0:1', '/achievement/analyse', '4', '数据分析', 'info', '1');
INSERT INTO `t_log` VALUES ('504', null, 'GET', '2018-10-24 17:05:55', '_dc=1540371954679&month=一月&area=家乐房产中介东莞市分店&page=1&start=0&limit=25', '0:0:0:0:0:0:0:1', '/achievement/sort', '4', '业绩排行', 'info', '1');
INSERT INTO `t_log` VALUES ('505', null, 'GET', '2018-10-24 17:06:05', '_dc=1540371964760&month=二月&area=家乐房产中介东莞市分店&page=1&start=0&limit=25', '0:0:0:0:0:0:0:1', '/achievement', '3', '查询销售员月销售额', 'info', '1');
INSERT INTO `t_log` VALUES ('506', null, 'GET', '2018-10-24 17:06:05', '_dc=1540371964776&month=二月&area=家乐房产中介东莞市分店&page=1&start=0&limit=25', '0:0:0:0:0:0:0:1', '/achievement/analyse', '3', '数据分析', 'info', '1');
INSERT INTO `t_log` VALUES ('507', null, 'GET', '2018-10-24 17:06:05', '_dc=1540371964787&month=二月&area=家乐房产中介东莞市分店&page=1&start=0&limit=25', '0:0:0:0:0:0:0:1', '/achievement/sort', '3', '业绩排行', 'info', '1');
INSERT INTO `t_log` VALUES ('508', null, 'GET', '2018-10-24 17:06:07', '_dc=1540371966501&month=三月&area=家乐房产中介东莞市分店&page=1&start=0&limit=25', '0:0:0:0:0:0:0:1', '/achievement', '5', '查询销售员月销售额', 'info', '1');
INSERT INTO `t_log` VALUES ('509', null, 'GET', '2018-10-24 17:06:07', '_dc=1540371966517&month=三月&area=家乐房产中介东莞市分店&page=1&start=0&limit=25', '0:0:0:0:0:0:0:1', '/achievement/analyse', '5', '数据分析', 'info', '1');
INSERT INTO `t_log` VALUES ('510', null, 'GET', '2018-10-24 17:06:07', '_dc=1540371966538&month=三月&area=家乐房产中介东莞市分店&page=1&start=0&limit=25', '0:0:0:0:0:0:0:1', '/achievement/sort', '4', '业绩排行', 'info', '1');
INSERT INTO `t_log` VALUES ('511', null, 'GET', '2018-10-24 17:06:08', '_dc=1540371968165&month=四月&area=家乐房产中介东莞市分店&page=1&start=0&limit=25', '0:0:0:0:0:0:0:1', '/achievement', '5', '查询销售员月销售额', 'info', '1');
INSERT INTO `t_log` VALUES ('512', null, 'GET', '2018-10-24 17:06:08', '_dc=1540371968180&month=四月&area=家乐房产中介东莞市分店&page=1&start=0&limit=25', '0:0:0:0:0:0:0:1', '/achievement/analyse', '5', '数据分析', 'info', '1');
INSERT INTO `t_log` VALUES ('513', null, 'GET', '2018-10-24 17:06:08', '_dc=1540371968204&month=四月&area=家乐房产中介东莞市分店&page=1&start=0&limit=25', '0:0:0:0:0:0:0:1', '/achievement/sort', '2', '业绩排行', 'info', '1');
INSERT INTO `t_log` VALUES ('514', null, 'GET', '2018-10-24 17:06:10', '_dc=1540371969910&month=九月&area=家乐房产中介东莞市分店&page=1&start=0&limit=25', '0:0:0:0:0:0:0:1', '/achievement', '6', '查询销售员月销售额', 'info', '1');
INSERT INTO `t_log` VALUES ('515', null, 'GET', '2018-10-24 17:06:10', '_dc=1540371969927&month=九月&area=家乐房产中介东莞市分店&page=1&start=0&limit=25', '0:0:0:0:0:0:0:1', '/achievement/analyse', '3', '数据分析', 'info', '1');
INSERT INTO `t_log` VALUES ('516', null, 'GET', '2018-10-24 17:06:10', '_dc=1540371969953&month=九月&area=家乐房产中介东莞市分店&page=1&start=0&limit=25', '0:0:0:0:0:0:0:1', '/achievement/sort', '4', '业绩排行', 'info', '1');
INSERT INTO `t_log` VALUES ('517', null, 'GET', '2018-10-24 17:06:12', '_dc=1540371972152&month=十一月&area=家乐房产中介东莞市分店&page=1&start=0&limit=25', '0:0:0:0:0:0:0:1', '/achievement', '5', '查询销售员月销售额', 'info', '1');
INSERT INTO `t_log` VALUES ('518', null, 'GET', '2018-10-24 17:06:12', '_dc=1540371972169&month=十一月&area=家乐房产中介东莞市分店&page=1&start=0&limit=25', '0:0:0:0:0:0:0:1', '/achievement/analyse', '6', '数据分析', 'info', '1');
INSERT INTO `t_log` VALUES ('519', null, 'GET', '2018-10-24 17:06:12', '_dc=1540371972193&month=十一月&area=家乐房产中介东莞市分店&page=1&start=0&limit=25', '0:0:0:0:0:0:0:1', '/achievement/sort', '3', '业绩排行', 'info', '1');
INSERT INTO `t_log` VALUES ('520', null, 'GET', '2018-10-24 17:06:42', '_dc=1540372001653&month=十一月&area=家乐房产中介广东总店&page=1&start=0&limit=25', '0:0:0:0:0:0:0:1', '/achievement', '5', '查询销售员月销售额', 'info', '1');
INSERT INTO `t_log` VALUES ('521', null, 'GET', '2018-10-24 17:06:42', '_dc=1540372001671&month=十一月&area=家乐房产中介广东总店&page=1&start=0&limit=25', '0:0:0:0:0:0:0:1', '/achievement/analyse', '3', '数据分析', 'info', '1');
INSERT INTO `t_log` VALUES ('522', null, 'GET', '2018-10-24 17:06:42', '_dc=1540372001686&month=十一月&area=家乐房产中介广东总店&page=1&start=0&limit=25', '0:0:0:0:0:0:0:1', '/achievement/sort', '5', '业绩排行', 'info', '1');
INSERT INTO `t_log` VALUES ('523', null, 'POST', '2018-10-24 17:06:47', '', '0:0:0:0:0:0:0:1', '/logout', '0', '退出登录', 'info', null);
INSERT INTO `t_log` VALUES ('524', null, 'GET', '2018-10-24 17:06:49', '_dc=1540372009150&page=1&start=0&limit=25', '0:0:0:0:0:0:0:1', '/store/findAllStore', '2', 'findAllStore', 'info', null);
INSERT INTO `t_log` VALUES ('525', null, 'GET', '2018-10-24 17:06:49', '_dc=1540372009147&page=1&start=0&limit=25', '0:0:0:0:0:0:0:1', '/store/findAllStore', '2', 'findAllStore', 'info', null);
INSERT INTO `t_log` VALUES ('526', null, 'POST', '2018-10-25 09:02:32', '', '0:0:0:0:0:0:0:1', '/logout', '8', '退出登录', 'info', null);
INSERT INTO `t_log` VALUES ('527', null, 'POST', '2018-10-25 09:02:32', 'userId=13', '0:0:0:0:0:0:0:1', '/addressList/downStatus', '39', '离线', 'info', null);
INSERT INTO `t_log` VALUES ('528', null, 'POST', '2018-10-25 09:02:39', 'userName=WuLu&password=', '0:0:0:0:0:0:0:1', '/login', '55', '登录系统', 'info', '16');
INSERT INTO `t_log` VALUES ('529', null, 'GET', '2018-10-25 09:02:39', '_dc=1540429358927', '0:0:0:0:0:0:0:1', '/attence/isAttence', '50', '考勤操作', 'info', '16');
INSERT INTO `t_log` VALUES ('530', null, 'POST', '2018-10-25 09:02:39', 'userId=16', '0:0:0:0:0:0:0:1', '/addressList/upStatus', '12', '在线', 'info', '16');
INSERT INTO `t_log` VALUES ('531', null, 'GET', '2018-10-25 09:02:48', '_dc=1540429367792&page=1&start=0&limit=25', '0:0:0:0:0:0:0:1', '/achievement', '50', '查询销售员月销售额', 'info', '16');
INSERT INTO `t_log` VALUES ('532', null, 'GET', '2018-10-25 09:02:48', '_dc=1540429367794&page=1&start=0&limit=25', '0:0:0:0:0:0:0:1', '/achievement/analyse', '50', '数据分析', 'info', '16');
INSERT INTO `t_log` VALUES ('533', null, 'GET', '2018-10-25 09:02:48', '_dc=1540429367796&page=1&start=0&limit=25', '0:0:0:0:0:0:0:1', '/achievement/sort', '51', '业绩排行', 'info', '16');
INSERT INTO `t_log` VALUES ('534', null, 'POST', '2018-10-25 09:02:57', '', '0:0:0:0:0:0:0:1', '/logout', '0', '退出登录', 'info', null);
INSERT INTO `t_log` VALUES ('535', null, 'POST', '2018-10-25 09:02:57', 'userId=16', '0:0:0:0:0:0:0:1', '/addressList/downStatus', '11', '离线', 'info', null);
INSERT INTO `t_log` VALUES ('536', null, 'POST', '2018-10-25 09:03:38', 'userName=admin&password=', '0:0:0:0:0:0:0:1', '/login', '15', '登录系统', 'info', '1');
INSERT INTO `t_log` VALUES ('537', null, 'GET', '2018-10-25 09:03:38', '_dc=1540429418001', '0:0:0:0:0:0:0:1', '/attence/isAttence', '3', '考勤操作', 'info', '1');
INSERT INTO `t_log` VALUES ('538', null, 'POST', '2018-10-25 09:03:38', 'userId=1', '0:0:0:0:0:0:0:1', '/addressList/upStatus', '8', '在线', 'info', '1');
INSERT INTO `t_log` VALUES ('539', null, 'GET', '2018-10-25 09:03:50', '_dc=1540429430149&page=1&start=0&limit=25', '0:0:0:0:0:0:0:1', '/achievement', '7', '查询销售员月销售额', 'info', '1');
INSERT INTO `t_log` VALUES ('540', null, 'GET', '2018-10-25 09:03:50', '_dc=1540429430150&page=1&start=0&limit=25', '0:0:0:0:0:0:0:1', '/achievement/analyse', '5', '数据分析', 'info', '1');
INSERT INTO `t_log` VALUES ('541', null, 'GET', '2018-10-25 09:03:50', '_dc=1540429430151&page=1&start=0&limit=25', '0:0:0:0:0:0:0:1', '/achievement/sort', '5', '业绩排行', 'info', '1');
INSERT INTO `t_log` VALUES ('542', null, 'GET', '2018-10-25 09:03:50', '_dc=1540429430206&page=1&start=0&limit=25', '0:0:0:0:0:0:0:1', '/store/findAllStore', '11', 'findAllStore', 'info', '1');
INSERT INTO `t_log` VALUES ('543', null, 'GET', '2018-10-25 09:03:53', '_dc=1540429433155&month=四月&area=家乐房产中介东莞市东城分店&page=1&start=0&limit=25', '0:0:0:0:0:0:0:1', '/achievement', '7', '查询销售员月销售额', 'info', '1');
INSERT INTO `t_log` VALUES ('544', null, 'GET', '2018-10-25 09:03:53', '_dc=1540429433172&month=四月&area=家乐房产中介东莞市东城分店&page=1&start=0&limit=25', '0:0:0:0:0:0:0:1', '/achievement/analyse', '4', '数据分析', 'info', '1');
INSERT INTO `t_log` VALUES ('545', null, 'GET', '2018-10-25 09:03:53', '_dc=1540429433184&month=四月&area=家乐房产中介东莞市东城分店&page=1&start=0&limit=25', '0:0:0:0:0:0:0:1', '/achievement/sort', '4', '业绩排行', 'info', '1');
INSERT INTO `t_log` VALUES ('546', null, 'GET', '2018-10-25 09:03:55', '_dc=1540429435135&month=三月&area=家乐房产中介东莞市东城分店&page=1&start=0&limit=25', '0:0:0:0:0:0:0:1', '/achievement', '6', '查询销售员月销售额', 'info', '1');
INSERT INTO `t_log` VALUES ('547', null, 'GET', '2018-10-25 09:03:55', '_dc=1540429435151&month=三月&area=家乐房产中介东莞市东城分店&page=1&start=0&limit=25', '0:0:0:0:0:0:0:1', '/achievement/analyse', '5', '数据分析', 'info', '1');
INSERT INTO `t_log` VALUES ('548', null, 'GET', '2018-10-25 09:03:55', '_dc=1540429435163&month=三月&area=家乐房产中介东莞市东城分店&page=1&start=0&limit=25', '0:0:0:0:0:0:0:1', '/achievement/sort', '4', '业绩排行', 'info', '1');
INSERT INTO `t_log` VALUES ('549', null, 'GET', '2018-10-25 09:03:57', '_dc=1540429436864&month=一月&area=家乐房产中介东莞市东城分店&page=1&start=0&limit=25', '0:0:0:0:0:0:0:1', '/achievement', '7', '查询销售员月销售额', 'info', '1');
INSERT INTO `t_log` VALUES ('550', null, 'GET', '2018-10-25 09:03:57', '_dc=1540429436880&month=一月&area=家乐房产中介东莞市东城分店&page=1&start=0&limit=25', '0:0:0:0:0:0:0:1', '/achievement/analyse', '7', '数据分析', 'info', '1');
INSERT INTO `t_log` VALUES ('551', null, 'GET', '2018-10-25 09:03:57', '_dc=1540429436898&month=一月&area=家乐房产中介东莞市东城分店&page=1&start=0&limit=25', '0:0:0:0:0:0:0:1', '/achievement/sort', '5', '业绩排行', 'info', '1');
INSERT INTO `t_log` VALUES ('552', null, 'GET', '2018-10-25 09:05:07', '_dc=1540429507018&month=一月&area=家乐房产中介东莞市分店&page=1&start=0&limit=25', '0:0:0:0:0:0:0:1', '/achievement', '7', '查询销售员月销售额', 'info', '1');
INSERT INTO `t_log` VALUES ('553', null, 'GET', '2018-10-25 09:05:07', '_dc=1540429507037&month=一月&area=家乐房产中介东莞市分店&page=1&start=0&limit=25', '0:0:0:0:0:0:0:1', '/achievement/analyse', '8', '数据分析', 'info', '1');
INSERT INTO `t_log` VALUES ('554', null, 'GET', '2018-10-25 09:05:07', '_dc=1540429507052&month=一月&area=家乐房产中介东莞市分店&page=1&start=0&limit=25', '0:0:0:0:0:0:0:1', '/achievement/sort', '4', '业绩排行', 'info', '1');
INSERT INTO `t_log` VALUES ('555', null, 'GET', '2018-10-25 09:05:22', '_dc=1540429521962&month=一月&area=家乐房产中介广东总店&page=1&start=0&limit=25', '0:0:0:0:0:0:0:1', '/achievement', '19', '查询销售员月销售额', 'info', '1');
INSERT INTO `t_log` VALUES ('556', null, 'GET', '2018-10-25 09:05:22', '_dc=1540429521974&month=一月&area=家乐房产中介广东总店&page=1&start=0&limit=25', '0:0:0:0:0:0:0:1', '/achievement/analyse', '9', '数据分析', 'info', '1');
INSERT INTO `t_log` VALUES ('557', null, 'GET', '2018-10-25 09:05:22', '_dc=1540429521987&month=一月&area=家乐房产中介广东总店&page=1&start=0&limit=25', '0:0:0:0:0:0:0:1', '/achievement/sort', '9', '业绩排行', 'info', '1');
INSERT INTO `t_log` VALUES ('558', null, 'GET', '2018-10-25 09:05:28', '_dc=1540429528213&month=二月&area=家乐房产中介广东总店&page=1&start=0&limit=25', '0:0:0:0:0:0:0:1', '/achievement', '8', '查询销售员月销售额', 'info', '1');
INSERT INTO `t_log` VALUES ('559', null, 'GET', '2018-10-25 09:05:28', '_dc=1540429528229&month=二月&area=家乐房产中介广东总店&page=1&start=0&limit=25', '0:0:0:0:0:0:0:1', '/achievement/analyse', '15', '数据分析', 'info', '1');
INSERT INTO `t_log` VALUES ('560', null, 'GET', '2018-10-25 09:05:28', '_dc=1540429528244&month=二月&area=家乐房产中介广东总店&page=1&start=0&limit=25', '0:0:0:0:0:0:0:1', '/achievement/sort', '7', '业绩排行', 'info', '1');
INSERT INTO `t_log` VALUES ('561', null, 'GET', '2018-10-25 09:05:30', '_dc=1540429530255&month=四月&area=家乐房产中介广东总店&page=1&start=0&limit=25', '0:0:0:0:0:0:0:1', '/achievement', '4', '查询销售员月销售额', 'info', '1');
INSERT INTO `t_log` VALUES ('562', null, 'GET', '2018-10-25 09:05:30', '_dc=1540429530266&month=四月&area=家乐房产中介广东总店&page=1&start=0&limit=25', '0:0:0:0:0:0:0:1', '/achievement/analyse', '5', '数据分析', 'info', '1');
INSERT INTO `t_log` VALUES ('563', null, 'GET', '2018-10-25 09:05:30', '_dc=1540429530275&month=四月&area=家乐房产中介广东总店&page=1&start=0&limit=25', '0:0:0:0:0:0:0:1', '/achievement/sort', '4', '业绩排行', 'info', '1');
INSERT INTO `t_log` VALUES ('564', null, 'GET', '2018-10-25 09:05:32', '_dc=1540429532262&month=一月&area=家乐房产中介广东总店&page=1&start=0&limit=25', '0:0:0:0:0:0:0:1', '/achievement', '9', '查询销售员月销售额', 'info', '1');
INSERT INTO `t_log` VALUES ('565', null, 'GET', '2018-10-25 09:05:32', '_dc=1540429532277&month=一月&area=家乐房产中介广东总店&page=1&start=0&limit=25', '0:0:0:0:0:0:0:1', '/achievement/analyse', '12', '数据分析', 'info', '1');
INSERT INTO `t_log` VALUES ('566', null, 'GET', '2018-10-25 09:05:32', '_dc=1540429532303&month=一月&area=家乐房产中介广东总店&page=1&start=0&limit=25', '0:0:0:0:0:0:0:1', '/achievement/sort', '11', '业绩排行', 'info', '1');
INSERT INTO `t_log` VALUES ('567', null, 'GET', '2018-10-25 09:05:38', '_dc=1540429537606&month=二月&area=家乐房产中介广东总店&page=1&start=0&limit=25', '0:0:0:0:0:0:0:1', '/achievement', '8', '查询销售员月销售额', 'info', '1');
INSERT INTO `t_log` VALUES ('568', null, 'GET', '2018-10-25 09:05:38', '_dc=1540429537619&month=二月&area=家乐房产中介广东总店&page=1&start=0&limit=25', '0:0:0:0:0:0:0:1', '/achievement/analyse', '11', '数据分析', 'info', '1');
INSERT INTO `t_log` VALUES ('569', null, 'GET', '2018-10-25 09:05:38', '_dc=1540429537632&month=二月&area=家乐房产中介广东总店&page=1&start=0&limit=25', '0:0:0:0:0:0:0:1', '/achievement/sort', '9', '业绩排行', 'info', '1');
INSERT INTO `t_log` VALUES ('570', null, 'GET', '2018-10-25 09:05:40', '_dc=1540429540181&month=一月&area=家乐房产中介广东总店&page=1&start=0&limit=25', '0:0:0:0:0:0:0:1', '/achievement', '9', '查询销售员月销售额', 'info', '1');
INSERT INTO `t_log` VALUES ('571', null, 'GET', '2018-10-25 09:05:40', '_dc=1540429540196&month=一月&area=家乐房产中介广东总店&page=1&start=0&limit=25', '0:0:0:0:0:0:0:1', '/achievement/analyse', '10', '数据分析', 'info', '1');
INSERT INTO `t_log` VALUES ('572', null, 'GET', '2018-10-25 09:05:40', '_dc=1540429540211&month=一月&area=家乐房产中介广东总店&page=1&start=0&limit=25', '0:0:0:0:0:0:0:1', '/achievement/sort', '6', '业绩排行', 'info', '1');
INSERT INTO `t_log` VALUES ('573', null, 'GET', '2018-10-25 09:05:42', '_dc=1540429541861&month=二月&area=家乐房产中介广东总店&page=1&start=0&limit=25', '0:0:0:0:0:0:0:1', '/achievement', '10', '查询销售员月销售额', 'info', '1');
INSERT INTO `t_log` VALUES ('574', null, 'GET', '2018-10-25 09:05:42', '_dc=1540429541876&month=二月&area=家乐房产中介广东总店&page=1&start=0&limit=25', '0:0:0:0:0:0:0:1', '/achievement/analyse', '16', '数据分析', 'info', '1');
INSERT INTO `t_log` VALUES ('575', null, 'GET', '2018-10-25 09:05:42', '_dc=1540429541891&month=二月&area=家乐房产中介广东总店&page=1&start=0&limit=25', '0:0:0:0:0:0:0:1', '/achievement/sort', '6', '业绩排行', 'info', '1');
INSERT INTO `t_log` VALUES ('576', null, 'GET', '2018-10-25 09:05:43', '_dc=1540429543381&month=三月&area=家乐房产中介广东总店&page=1&start=0&limit=25', '0:0:0:0:0:0:0:1', '/achievement', '6', '查询销售员月销售额', 'info', '1');
INSERT INTO `t_log` VALUES ('577', null, 'GET', '2018-10-25 09:05:43', '_dc=1540429543398&month=三月&area=家乐房产中介广东总店&page=1&start=0&limit=25', '0:0:0:0:0:0:0:1', '/achievement/analyse', '4', '数据分析', 'info', '1');
INSERT INTO `t_log` VALUES ('578', null, 'GET', '2018-10-25 09:05:43', '_dc=1540429543408&month=三月&area=家乐房产中介广东总店&page=1&start=0&limit=25', '0:0:0:0:0:0:0:1', '/achievement/sort', '6', '业绩排行', 'info', '1');
INSERT INTO `t_log` VALUES ('579', null, 'GET', '2018-10-25 09:05:45', '_dc=1540429545192&month=四月&area=家乐房产中介广东总店&page=1&start=0&limit=25', '0:0:0:0:0:0:0:1', '/achievement', '6', '查询销售员月销售额', 'info', '1');
INSERT INTO `t_log` VALUES ('580', null, 'GET', '2018-10-25 09:05:45', '_dc=1540429545207&month=四月&area=家乐房产中介广东总店&page=1&start=0&limit=25', '0:0:0:0:0:0:0:1', '/achievement/analyse', '7', '数据分析', 'info', '1');
INSERT INTO `t_log` VALUES ('581', null, 'GET', '2018-10-25 09:05:45', '_dc=1540429545235&month=四月&area=家乐房产中介广东总店&page=1&start=0&limit=25', '0:0:0:0:0:0:0:1', '/achievement/sort', '4', '业绩排行', 'info', '1');
INSERT INTO `t_log` VALUES ('582', null, 'GET', '2018-10-25 09:05:47', '_dc=1540429546961&month=五月&area=家乐房产中介广东总店&page=1&start=0&limit=25', '0:0:0:0:0:0:0:1', '/achievement', '7', '查询销售员月销售额', 'info', '1');
INSERT INTO `t_log` VALUES ('583', null, 'GET', '2018-10-25 09:05:47', '_dc=1540429546971&month=五月&area=家乐房产中介广东总店&page=1&start=0&limit=25', '0:0:0:0:0:0:0:1', '/achievement/analyse', '10', '数据分析', 'info', '1');
INSERT INTO `t_log` VALUES ('584', null, 'GET', '2018-10-25 09:05:47', '_dc=1540429546981&month=五月&area=家乐房产中介广东总店&page=1&start=0&limit=25', '0:0:0:0:0:0:0:1', '/achievement/sort', '8', '业绩排行', 'info', '1');
INSERT INTO `t_log` VALUES ('585', null, 'GET', '2018-10-25 09:05:49', '_dc=1540429549228&month=六月&area=家乐房产中介广东总店&page=1&start=0&limit=25', '0:0:0:0:0:0:0:1', '/achievement', '8', '查询销售员月销售额', 'info', '1');
INSERT INTO `t_log` VALUES ('586', null, 'GET', '2018-10-25 09:05:49', '_dc=1540429549245&month=六月&area=家乐房产中介广东总店&page=1&start=0&limit=25', '0:0:0:0:0:0:0:1', '/achievement/analyse', '5', '数据分析', 'info', '1');
INSERT INTO `t_log` VALUES ('587', null, 'GET', '2018-10-25 09:05:49', '_dc=1540429549257&month=六月&area=家乐房产中介广东总店&page=1&start=0&limit=25', '0:0:0:0:0:0:0:1', '/achievement/sort', '4', '业绩排行', 'info', '1');
INSERT INTO `t_log` VALUES ('588', null, 'GET', '2018-10-25 09:05:51', '_dc=1540429550861&month=七月&area=家乐房产中介广东总店&page=1&start=0&limit=25', '0:0:0:0:0:0:0:1', '/achievement', '8', '查询销售员月销售额', 'info', '1');
INSERT INTO `t_log` VALUES ('589', null, 'GET', '2018-10-25 09:05:51', '_dc=1540429550877&month=七月&area=家乐房产中介广东总店&page=1&start=0&limit=25', '0:0:0:0:0:0:0:1', '/achievement/analyse', '7', '数据分析', 'info', '1');
INSERT INTO `t_log` VALUES ('590', null, 'GET', '2018-10-25 09:05:51', '_dc=1540429550893&month=七月&area=家乐房产中介广东总店&page=1&start=0&limit=25', '0:0:0:0:0:0:0:1', '/achievement/sort', '5', '业绩排行', 'info', '1');
INSERT INTO `t_log` VALUES ('591', null, 'GET', '2018-10-25 09:05:53', '_dc=1540429553429&month=八月&area=家乐房产中介广东总店&page=1&start=0&limit=25', '0:0:0:0:0:0:0:1', '/achievement', '8', '查询销售员月销售额', 'info', '1');
INSERT INTO `t_log` VALUES ('592', null, 'GET', '2018-10-25 09:05:53', '_dc=1540429553447&month=八月&area=家乐房产中介广东总店&page=1&start=0&limit=25', '0:0:0:0:0:0:0:1', '/achievement/analyse', '4', '数据分析', 'info', '1');
INSERT INTO `t_log` VALUES ('593', null, 'GET', '2018-10-25 09:05:53', '_dc=1540429553456&month=八月&area=家乐房产中介广东总店&page=1&start=0&limit=25', '0:0:0:0:0:0:0:1', '/achievement/sort', '6', '业绩排行', 'info', '1');
INSERT INTO `t_log` VALUES ('594', null, 'GET', '2018-10-25 09:05:56', '_dc=1540429555789&month=九月&area=家乐房产中介广东总店&page=1&start=0&limit=25', '0:0:0:0:0:0:0:1', '/achievement', '7', '查询销售员月销售额', 'info', '1');
INSERT INTO `t_log` VALUES ('595', null, 'GET', '2018-10-25 09:05:56', '_dc=1540429555805&month=九月&area=家乐房产中介广东总店&page=1&start=0&limit=25', '0:0:0:0:0:0:0:1', '/achievement/analyse', '7', '数据分析', 'info', '1');
INSERT INTO `t_log` VALUES ('596', null, 'GET', '2018-10-25 09:05:56', '_dc=1540429555820&month=九月&area=家乐房产中介广东总店&page=1&start=0&limit=25', '0:0:0:0:0:0:0:1', '/achievement/sort', '6', '业绩排行', 'info', '1');
INSERT INTO `t_log` VALUES ('597', null, 'GET', '2018-10-25 09:05:58', '_dc=1540429558037&month=十月&area=家乐房产中介广东总店&page=1&start=0&limit=25', '0:0:0:0:0:0:0:1', '/achievement', '5', '查询销售员月销售额', 'info', '1');
INSERT INTO `t_log` VALUES ('598', null, 'GET', '2018-10-25 09:05:58', '_dc=1540429558051&month=十月&area=家乐房产中介广东总店&page=1&start=0&limit=25', '0:0:0:0:0:0:0:1', '/achievement/analyse', '6', '数据分析', 'info', '1');
INSERT INTO `t_log` VALUES ('599', null, 'GET', '2018-10-25 09:05:58', '_dc=1540429558066&month=十月&area=家乐房产中介广东总店&page=1&start=0&limit=25', '0:0:0:0:0:0:0:1', '/achievement/sort', '4', '业绩排行', 'info', '1');
INSERT INTO `t_log` VALUES ('600', null, 'GET', '2018-10-25 09:06:01', '_dc=1540429560788&month=十一月&area=家乐房产中介广东总店&page=1&start=0&limit=25', '0:0:0:0:0:0:0:1', '/achievement', '5', '查询销售员月销售额', 'info', '1');
INSERT INTO `t_log` VALUES ('601', null, 'GET', '2018-10-25 09:06:01', '_dc=1540429560801&month=十一月&area=家乐房产中介广东总店&page=1&start=0&limit=25', '0:0:0:0:0:0:0:1', '/achievement/analyse', '4', '数据分析', 'info', '1');
INSERT INTO `t_log` VALUES ('602', null, 'GET', '2018-10-25 09:06:01', '_dc=1540429560812&month=十一月&area=家乐房产中介广东总店&page=1&start=0&limit=25', '0:0:0:0:0:0:0:1', '/achievement/sort', '6', '业绩排行', 'info', '1');
INSERT INTO `t_log` VALUES ('603', null, 'GET', '2018-10-25 09:06:03', '_dc=1540429562586&month=十二月&area=家乐房产中介广东总店&page=1&start=0&limit=25', '0:0:0:0:0:0:0:1', '/achievement', '4', '查询销售员月销售额', 'info', '1');
INSERT INTO `t_log` VALUES ('604', null, 'GET', '2018-10-25 09:06:03', '_dc=1540429562597&month=十二月&area=家乐房产中介广东总店&page=1&start=0&limit=25', '0:0:0:0:0:0:0:1', '/achievement/analyse', '4', '数据分析', 'info', '1');
INSERT INTO `t_log` VALUES ('605', null, 'GET', '2018-10-25 09:06:03', '_dc=1540429562615&month=十二月&area=家乐房产中介广东总店&page=1&start=0&limit=25', '0:0:0:0:0:0:0:1', '/achievement/sort', '5', '业绩排行', 'info', '1');
INSERT INTO `t_log` VALUES ('606', null, 'GET', '2018-10-25 09:06:16', '_dc=1540429575758&month=一月&area=家乐房产中介广东总店&page=1&start=0&limit=25', '0:0:0:0:0:0:0:1', '/achievement', '10', '查询销售员月销售额', 'info', '1');
INSERT INTO `t_log` VALUES ('607', null, 'GET', '2018-10-25 09:06:16', '_dc=1540429575777&month=一月&area=家乐房产中介广东总店&page=1&start=0&limit=25', '0:0:0:0:0:0:0:1', '/achievement/analyse', '11', '数据分析', 'info', '1');
INSERT INTO `t_log` VALUES ('608', null, 'GET', '2018-10-25 09:06:16', '_dc=1540429575811&month=一月&area=家乐房产中介广东总店&page=1&start=0&limit=25', '0:0:0:0:0:0:0:1', '/achievement/sort', '5', '业绩排行', 'info', '1');
INSERT INTO `t_log` VALUES ('609', null, 'GET', '2018-10-25 09:06:19', '_dc=1540429578861&month=一月&area=家乐房产中介东莞市东城分店&page=1&start=0&limit=25', '0:0:0:0:0:0:0:1', '/achievement', '5', '查询销售员月销售额', 'info', '1');
INSERT INTO `t_log` VALUES ('610', null, 'GET', '2018-10-25 09:06:19', '_dc=1540429578874&month=一月&area=家乐房产中介东莞市东城分店&page=1&start=0&limit=25', '0:0:0:0:0:0:0:1', '/achievement/analyse', '6', '数据分析', 'info', '1');
INSERT INTO `t_log` VALUES ('611', null, 'GET', '2018-10-25 09:06:19', '_dc=1540429578888&month=一月&area=家乐房产中介东莞市东城分店&page=1&start=0&limit=25', '0:0:0:0:0:0:0:1', '/achievement/sort', '4', '业绩排行', 'info', '1');
INSERT INTO `t_log` VALUES ('612', null, 'GET', '2018-10-25 09:06:22', '_dc=1540429582135&month=二月&area=家乐房产中介东莞市东城分店&page=1&start=0&limit=25', '0:0:0:0:0:0:0:1', '/achievement', '4', '查询销售员月销售额', 'info', '1');
INSERT INTO `t_log` VALUES ('613', null, 'GET', '2018-10-25 09:06:22', '_dc=1540429582144&month=二月&area=家乐房产中介东莞市东城分店&page=1&start=0&limit=25', '0:0:0:0:0:0:0:1', '/achievement/analyse', '3', '数据分析', 'info', '1');
INSERT INTO `t_log` VALUES ('614', null, 'GET', '2018-10-25 09:06:22', '_dc=1540429582154&month=二月&area=家乐房产中介东莞市东城分店&page=1&start=0&limit=25', '0:0:0:0:0:0:0:1', '/achievement/sort', '5', '业绩排行', 'info', '1');
INSERT INTO `t_log` VALUES ('615', null, 'GET', '2018-10-25 09:06:25', '_dc=1540429584769&month=二月&area=家乐房产中介东莞市分店&page=1&start=0&limit=25', '0:0:0:0:0:0:0:1', '/achievement', '5', '查询销售员月销售额', 'info', '1');
INSERT INTO `t_log` VALUES ('616', null, 'GET', '2018-10-25 09:06:25', '_dc=1540429584780&month=二月&area=家乐房产中介东莞市分店&page=1&start=0&limit=25', '0:0:0:0:0:0:0:1', '/achievement/analyse', '5', '数据分析', 'info', '1');
INSERT INTO `t_log` VALUES ('617', null, 'GET', '2018-10-25 09:06:25', '_dc=1540429584791&month=二月&area=家乐房产中介东莞市分店&page=1&start=0&limit=25', '0:0:0:0:0:0:0:1', '/achievement/sort', '8', '业绩排行', 'info', '1');
INSERT INTO `t_log` VALUES ('618', null, 'GET', '2018-10-25 09:06:27', '_dc=1540429587081&month=二月&area=家乐房产中介东莞市南城分店&page=1&start=0&limit=25', '0:0:0:0:0:0:0:1', '/achievement', '6', '查询销售员月销售额', 'info', '1');
INSERT INTO `t_log` VALUES ('619', null, 'GET', '2018-10-25 09:06:27', '_dc=1540429587097&month=二月&area=家乐房产中介东莞市南城分店&page=1&start=0&limit=25', '0:0:0:0:0:0:0:1', '/achievement/analyse', '6', '数据分析', 'info', '1');
INSERT INTO `t_log` VALUES ('620', null, 'GET', '2018-10-25 09:06:27', '_dc=1540429587111&month=二月&area=家乐房产中介东莞市南城分店&page=1&start=0&limit=25', '0:0:0:0:0:0:0:1', '/achievement/sort', '6', '业绩排行', 'info', '1');
INSERT INTO `t_log` VALUES ('621', null, 'GET', '2018-10-25 09:06:29', '_dc=1540429589492&month=五月&area=家乐房产中介东莞市南城分店&page=1&start=0&limit=25', '0:0:0:0:0:0:0:1', '/achievement', '6', '查询销售员月销售额', 'info', '1');
INSERT INTO `t_log` VALUES ('622', null, 'GET', '2018-10-25 09:06:30', '_dc=1540429589508&month=五月&area=家乐房产中介东莞市南城分店&page=1&start=0&limit=25', '0:0:0:0:0:0:0:1', '/achievement/analyse', '4', '数据分析', 'info', '1');
INSERT INTO `t_log` VALUES ('623', null, 'GET', '2018-10-25 09:06:30', '_dc=1540429589518&month=五月&area=家乐房产中介东莞市南城分店&page=1&start=0&limit=25', '0:0:0:0:0:0:0:1', '/achievement/sort', '4', '业绩排行', 'info', '1');
INSERT INTO `t_log` VALUES ('624', null, 'GET', '2018-10-25 09:06:31', '_dc=1540429591093&month=八月&area=家乐房产中介东莞市南城分店&page=1&start=0&limit=25', '0:0:0:0:0:0:0:1', '/achievement', '6', '查询销售员月销售额', 'info', '1');
INSERT INTO `t_log` VALUES ('625', null, 'GET', '2018-10-25 09:06:31', '_dc=1540429591109&month=八月&area=家乐房产中介东莞市南城分店&page=1&start=0&limit=25', '0:0:0:0:0:0:0:1', '/achievement/analyse', '7', '数据分析', 'info', '1');
INSERT INTO `t_log` VALUES ('626', null, 'GET', '2018-10-25 09:06:31', '_dc=1540429591136&month=八月&area=家乐房产中介东莞市南城分店&page=1&start=0&limit=25', '0:0:0:0:0:0:0:1', '/achievement/sort', '3', '业绩排行', 'info', '1');
INSERT INTO `t_log` VALUES ('627', null, 'GET', '2018-10-25 09:06:33', '_dc=1540429593379&month=十月&area=家乐房产中介东莞市南城分店&page=1&start=0&limit=25', '0:0:0:0:0:0:0:1', '/achievement', '5', '查询销售员月销售额', 'info', '1');
INSERT INTO `t_log` VALUES ('628', null, 'GET', '2018-10-25 09:06:33', '_dc=1540429593392&month=十月&area=家乐房产中介东莞市南城分店&page=1&start=0&limit=25', '0:0:0:0:0:0:0:1', '/achievement/analyse', '4', '数据分析', 'info', '1');
INSERT INTO `t_log` VALUES ('629', null, 'GET', '2018-10-25 09:06:33', '_dc=1540429593404&month=十月&area=家乐房产中介东莞市南城分店&page=1&start=0&limit=25', '0:0:0:0:0:0:0:1', '/achievement/sort', '4', '业绩排行', 'info', '1');
INSERT INTO `t_log` VALUES ('630', null, 'GET', '2018-10-25 09:06:35', '_dc=1540429595288&month=十二月&area=家乐房产中介东莞市南城分店&page=1&start=0&limit=25', '0:0:0:0:0:0:0:1', '/achievement', '5', '查询销售员月销售额', 'info', '1');
INSERT INTO `t_log` VALUES ('631', null, 'GET', '2018-10-25 09:06:35', '_dc=1540429595298&month=十二月&area=家乐房产中介东莞市南城分店&page=1&start=0&limit=25', '0:0:0:0:0:0:0:1', '/achievement/analyse', '4', '数据分析', 'info', '1');
INSERT INTO `t_log` VALUES ('632', null, 'GET', '2018-10-25 09:06:35', '_dc=1540429595309&month=十二月&area=家乐房产中介东莞市南城分店&page=1&start=0&limit=25', '0:0:0:0:0:0:0:1', '/achievement/sort', '5', '业绩排行', 'info', '1');
INSERT INTO `t_log` VALUES ('633', null, 'GET', '2018-10-25 09:06:41', '_dc=1540429601107&month=十二月&area=家乐房产中介东莞市东城分店&page=1&start=0&limit=25', '0:0:0:0:0:0:0:1', '/achievement', '5', '查询销售员月销售额', 'info', '1');
INSERT INTO `t_log` VALUES ('634', null, 'GET', '2018-10-25 09:06:41', '_dc=1540429601122&month=十二月&area=家乐房产中介东莞市东城分店&page=1&start=0&limit=25', '0:0:0:0:0:0:0:1', '/achievement/analyse', '5', '数据分析', 'info', '1');
INSERT INTO `t_log` VALUES ('635', null, 'GET', '2018-10-25 09:06:41', '_dc=1540429601151&month=十二月&area=家乐房产中介东莞市东城分店&page=1&start=0&limit=25', '0:0:0:0:0:0:0:1', '/achievement/sort', '5', '业绩排行', 'info', '1');
INSERT INTO `t_log` VALUES ('636', null, 'GET', '2018-10-25 09:06:43', '_dc=1540429602752&month=十二月&area=家乐房产中介东莞市分店&page=1&start=0&limit=25', '0:0:0:0:0:0:0:1', '/achievement', '7', '查询销售员月销售额', 'info', '1');
INSERT INTO `t_log` VALUES ('637', null, 'GET', '2018-10-25 09:06:43', '_dc=1540429602769&month=十二月&area=家乐房产中介东莞市分店&page=1&start=0&limit=25', '0:0:0:0:0:0:0:1', '/achievement/analyse', '6', '数据分析', 'info', '1');
INSERT INTO `t_log` VALUES ('638', null, 'GET', '2018-10-25 09:06:43', '_dc=1540429602792&month=十二月&area=家乐房产中介东莞市分店&page=1&start=0&limit=25', '0:0:0:0:0:0:0:1', '/achievement/sort', '5', '业绩排行', 'info', '1');
INSERT INTO `t_log` VALUES ('639', null, 'GET', '2018-10-25 09:07:29', '_dc=1540429649062&month=十二月&area=家乐房产中介东莞市东城分店&page=1&start=0&limit=25', '0:0:0:0:0:0:0:1', '/achievement', '7', '查询销售员月销售额', 'info', '1');
INSERT INTO `t_log` VALUES ('640', null, 'GET', '2018-10-25 09:07:29', '_dc=1540429649079&month=十二月&area=家乐房产中介东莞市东城分店&page=1&start=0&limit=25', '0:0:0:0:0:0:0:1', '/achievement/analyse', '4', '数据分析', 'info', '1');
INSERT INTO `t_log` VALUES ('641', null, 'GET', '2018-10-25 09:07:29', '_dc=1540429649091&month=十二月&area=家乐房产中介东莞市东城分店&page=1&start=0&limit=25', '0:0:0:0:0:0:0:1', '/achievement/sort', '4', '业绩排行', 'info', '1');
INSERT INTO `t_log` VALUES ('642', null, 'GET', '2018-10-25 09:07:32', '_dc=1540429651863&month=十二月&area=家乐房产中介东莞市分店&page=1&start=0&limit=25', '0:0:0:0:0:0:0:1', '/achievement', '4', '查询销售员月销售额', 'info', '1');
INSERT INTO `t_log` VALUES ('643', null, 'GET', '2018-10-25 09:07:32', '_dc=1540429651872&month=十二月&area=家乐房产中介东莞市分店&page=1&start=0&limit=25', '0:0:0:0:0:0:0:1', '/achievement/analyse', '5', '数据分析', 'info', '1');
INSERT INTO `t_log` VALUES ('644', null, 'GET', '2018-10-25 09:07:32', '_dc=1540429651891&month=十二月&area=家乐房产中介东莞市分店&page=1&start=0&limit=25', '0:0:0:0:0:0:0:1', '/achievement/sort', '3', '业绩排行', 'info', '1');
INSERT INTO `t_log` VALUES ('645', null, 'GET', '2018-10-25 09:07:36', '_dc=1540429655573&month=十二月&area=家乐房产中介东莞市南城分店&page=1&start=0&limit=25', '0:0:0:0:0:0:0:1', '/achievement', '6', '查询销售员月销售额', 'info', '1');
INSERT INTO `t_log` VALUES ('646', null, 'GET', '2018-10-25 09:07:36', '_dc=1540429655590&month=十二月&area=家乐房产中介东莞市南城分店&page=1&start=0&limit=25', '0:0:0:0:0:0:0:1', '/achievement/analyse', '4', '数据分析', 'info', '1');
INSERT INTO `t_log` VALUES ('647', null, 'GET', '2018-10-25 09:07:36', '_dc=1540429655601&month=十二月&area=家乐房产中介东莞市南城分店&page=1&start=0&limit=25', '0:0:0:0:0:0:0:1', '/achievement/sort', '4', '业绩排行', 'info', '1');
INSERT INTO `t_log` VALUES ('648', null, 'GET', '2018-10-25 09:07:39', '_dc=1540429658809&month=十二月&area=家乐房产中介东莞市分店&page=1&start=0&limit=25', '0:0:0:0:0:0:0:1', '/achievement', '3', '查询销售员月销售额', 'info', '1');
INSERT INTO `t_log` VALUES ('649', null, 'GET', '2018-10-25 09:07:39', '_dc=1540429658818&month=十二月&area=家乐房产中介东莞市分店&page=1&start=0&limit=25', '0:0:0:0:0:0:0:1', '/achievement/analyse', '7', '数据分析', 'info', '1');
INSERT INTO `t_log` VALUES ('650', null, 'GET', '2018-10-25 09:07:39', '_dc=1540429658829&month=十二月&area=家乐房产中介东莞市分店&page=1&start=0&limit=25', '0:0:0:0:0:0:0:1', '/achievement/sort', '4', '业绩排行', 'info', '1');
INSERT INTO `t_log` VALUES ('651', null, 'GET', '2018-10-25 09:07:40', '_dc=1540429660406&month=十二月&area=家乐房产中介东莞市东城分店&page=1&start=0&limit=25', '0:0:0:0:0:0:0:1', '/achievement', '6', '查询销售员月销售额', 'info', '1');
INSERT INTO `t_log` VALUES ('652', null, 'GET', '2018-10-25 09:07:40', '_dc=1540429660422&month=十二月&area=家乐房产中介东莞市东城分店&page=1&start=0&limit=25', '0:0:0:0:0:0:0:1', '/achievement/analyse', '4', '数据分析', 'info', '1');
INSERT INTO `t_log` VALUES ('653', null, 'GET', '2018-10-25 09:07:40', '_dc=1540429660433&month=十二月&area=家乐房产中介东莞市东城分店&page=1&start=0&limit=25', '0:0:0:0:0:0:0:1', '/achievement/sort', '4', '业绩排行', 'info', '1');
INSERT INTO `t_log` VALUES ('654', null, 'GET', '2018-10-25 09:07:43', '_dc=1540429662797&month=十二月&area=家乐房产中介东莞市分店&page=1&start=0&limit=25', '0:0:0:0:0:0:0:1', '/achievement', '7', '查询销售员月销售额', 'info', '1');
INSERT INTO `t_log` VALUES ('655', null, 'GET', '2018-10-25 09:07:43', '_dc=1540429662811&month=十二月&area=家乐房产中介东莞市分店&page=1&start=0&limit=25', '0:0:0:0:0:0:0:1', '/achievement/analyse', '7', '数据分析', 'info', '1');
INSERT INTO `t_log` VALUES ('656', null, 'GET', '2018-10-25 09:07:43', '_dc=1540429662834&month=十二月&area=家乐房产中介东莞市分店&page=1&start=0&limit=25', '0:0:0:0:0:0:0:1', '/achievement/sort', '4', '业绩排行', 'info', '1');
INSERT INTO `t_log` VALUES ('657', null, 'POST', '2018-10-25 09:13:36', 'userId=1', '0:0:0:0:0:0:0:1', '/addressList/downStatus', '4', '离线', 'info', '1');
INSERT INTO `t_log` VALUES ('658', null, 'GET', '2018-10-25 09:13:38', '_dc=1540430018416&page=1&start=0&limit=25', '0:0:0:0:0:0:0:1', '/store/findAllStore', '2', 'findAllStore', 'info', '1');
INSERT INTO `t_log` VALUES ('659', null, 'GET', '2018-10-25 09:13:38', '_dc=1540430018412&page=1&start=0&limit=25', '0:0:0:0:0:0:0:1', '/store/findAllStore', '12', 'findAllStore', 'info', '1');
INSERT INTO `t_log` VALUES ('660', null, 'GET', '2018-10-25 09:13:39', '_dc=1540430018793&page=1&start=0&limit=25', '0:0:0:0:0:0:0:1', '/achievement', '8', '查询销售员月销售额', 'info', '1');
INSERT INTO `t_log` VALUES ('661', null, 'GET', '2018-10-25 09:13:39', '_dc=1540430018819&page=1&start=0&limit=25', '0:0:0:0:0:0:0:1', '/achievement/analyse', '5', '数据分析', 'info', '1');
INSERT INTO `t_log` VALUES ('662', null, 'GET', '2018-10-25 09:13:39', '_dc=1540430018829&page=1&start=0&limit=25', '0:0:0:0:0:0:0:1', '/store/findAllStore', '2', 'findAllStore', 'info', '1');
INSERT INTO `t_log` VALUES ('663', null, 'GET', '2018-10-25 09:13:39', '_dc=1540430018829&page=1&start=0&limit=25', '0:0:0:0:0:0:0:1', '/achievement/sort', '7', '业绩排行', 'info', '1');
INSERT INTO `t_log` VALUES ('664', null, 'GET', '2018-10-25 09:15:32', '_dc=1540430132459&page=1&start=0&limit=25', '0:0:0:0:0:0:0:1', '/store/findAllStore', '2', 'findAllStore', 'info', '1');
INSERT INTO `t_log` VALUES ('665', null, 'GET', '2018-10-25 09:15:32', '_dc=1540430132463&page=1&start=0&limit=25', '0:0:0:0:0:0:0:1', '/store/findAllStore', '2', 'findAllStore', 'info', '1');
INSERT INTO `t_log` VALUES ('666', null, 'GET', '2018-10-25 09:15:33', '_dc=1540430132803&page=1&start=0&limit=25', '0:0:0:0:0:0:0:1', '/achievement', '11', '查询销售员月销售额', 'info', '1');
INSERT INTO `t_log` VALUES ('667', null, 'GET', '2018-10-25 09:15:33', '_dc=1540430132825&page=1&start=0&limit=25', '0:0:0:0:0:0:0:1', '/achievement/analyse', '8', '数据分析', 'info', '1');
INSERT INTO `t_log` VALUES ('668', null, 'GET', '2018-10-25 09:15:33', '_dc=1540430132839&page=1&start=0&limit=25', '0:0:0:0:0:0:0:1', '/store/findAllStore', '3', 'findAllStore', 'info', '1');
INSERT INTO `t_log` VALUES ('669', null, 'GET', '2018-10-25 09:15:33', '_dc=1540430132838&page=1&start=0&limit=25', '0:0:0:0:0:0:0:1', '/achievement/sort', '5', '业绩排行', 'info', '1');
INSERT INTO `t_log` VALUES ('670', null, 'POST', '2018-10-25 09:15:55', '', '0:0:0:0:0:0:0:1', '/logout', '0', '退出登录', 'info', null);
INSERT INTO `t_log` VALUES ('671', null, 'POST', '2018-10-25 09:20:00', 'userName=admin&password=', '0:0:0:0:0:0:0:1', '/login', '10', '登录系统', 'info', '1');
INSERT INTO `t_log` VALUES ('672', null, 'GET', '2018-10-25 09:20:00', '_dc=1540430399814', '0:0:0:0:0:0:0:1', '/attence/isAttence', '2', '考勤操作', 'info', '1');
INSERT INTO `t_log` VALUES ('673', null, 'POST', '2018-10-25 09:20:00', 'userId=1', '0:0:0:0:0:0:0:1', '/addressList/upStatus', '6', '在线', 'info', '1');
INSERT INTO `t_log` VALUES ('674', null, 'GET', '2018-10-25 09:20:05', '_dc=1540430405441&page=1&start=0&limit=25', '0:0:0:0:0:0:0:1', '/achievement', '11', '查询销售员月销售额', 'info', '1');
INSERT INTO `t_log` VALUES ('675', null, 'GET', '2018-10-25 09:20:05', '_dc=1540430405445&page=1&start=0&limit=25', '0:0:0:0:0:0:0:1', '/store/findAllStore', '2', 'findAllStore', 'info', '1');
INSERT INTO `t_log` VALUES ('676', null, 'GET', '2018-10-25 09:20:05', '_dc=1540430405444&page=1&start=0&limit=25', '0:0:0:0:0:0:0:1', '/achievement/sort', '7', '业绩排行', 'info', '1');
INSERT INTO `t_log` VALUES ('677', null, 'GET', '2018-10-25 09:20:05', '_dc=1540430405443&page=1&start=0&limit=25', '0:0:0:0:0:0:0:1', '/achievement/analyse', '8', '数据分析', 'info', '1');
INSERT INTO `t_log` VALUES ('678', null, 'GET', '2018-10-25 09:23:31', '_dc=1540430610586&page=1&start=0&limit=20&group={\"property\":\"day\",\"direction\":\"ASC\"}&sort=id&dir=ASC', '0:0:0:0:0:0:0:1', '/contract', '187', '查看合同信息', 'info', '1');
INSERT INTO `t_log` VALUES ('679', null, 'POST', '2018-10-25 10:31:06', 'userId=1', '0:0:0:0:0:0:0:1', '/addressList/downStatus', '93', '离线', 'info', null);
INSERT INTO `t_log` VALUES ('680', null, 'GET', '2018-10-25 10:31:09', '_dc=1540434668978&page=1&start=0&limit=20&group={\"property\":\"day\",\"direction\":\"ASC\"}&sort=id&dir=ASC', '0:0:0:0:0:0:0:1', '/contract', '97', '查看合同信息', 'info', null);
INSERT INTO `t_log` VALUES ('681', null, 'POST', '2018-10-25 10:31:15', '', '0:0:0:0:0:0:0:1', '/logout', '8', '退出登录', 'info', null);
INSERT INTO `t_log` VALUES ('682', null, 'POST', '2018-10-25 10:31:19', 'userName=JiaSi&password=', '0:0:0:0:0:0:0:1', '/login', '77', '登录系统', 'info', '17');
INSERT INTO `t_log` VALUES ('683', null, 'GET', '2018-10-25 10:31:19', '_dc=1540434679069', '0:0:0:0:0:0:0:1', '/attence/isAttence', '34', '考勤操作', 'info', '17');
INSERT INTO `t_log` VALUES ('684', null, 'GET', '2018-10-25 10:31:23', '_dc=1540434683087&page=1&start=0&limit=25', '0:0:0:0:0:0:0:1', '/achievement/analyse', '37', '数据分析', 'info', '17');
INSERT INTO `t_log` VALUES ('685', null, 'GET', '2018-10-25 10:31:23', '_dc=1540434683088&page=1&start=0&limit=25', '0:0:0:0:0:0:0:1', '/achievement/sort', '33', '业绩排行', 'info', '17');
INSERT INTO `t_log` VALUES ('686', null, 'GET', '2018-10-25 10:31:23', '_dc=1540434683085&page=1&start=0&limit=25', '0:0:0:0:0:0:0:1', '/achievement', '34', '查询销售员月销售额', 'info', '17');
INSERT INTO `t_log` VALUES ('687', null, 'GET', '2018-10-25 10:31:36', '_dc=1540434695949&page=1&start=0&limit=25', '0:0:0:0:0:0:0:1', '/notice', '11', '查看公告', 'info', '17');
INSERT INTO `t_log` VALUES ('688', null, 'POST', '2018-10-25 10:31:43', '', '0:0:0:0:0:0:0:1', '/logout', '0', '退出登录', 'info', null);
INSERT INTO `t_log` VALUES ('689', null, 'POST', '2018-10-25 10:31:43', 'userId=17', '0:0:0:0:0:0:0:1', '/addressList/downStatus', '9', '离线', 'info', null);
INSERT INTO `t_log` VALUES ('690', null, 'POST', '2018-10-25 10:31:48', 'userName=admin&password=', '0:0:0:0:0:0:0:1', '/login', '5', '登录系统', 'info', null);
INSERT INTO `t_log` VALUES ('691', null, 'POST', '2018-10-25 10:31:54', 'userName=admin&password=', '0:0:0:0:0:0:0:1', '/login', '8', '登录系统', 'info', '1');
INSERT INTO `t_log` VALUES ('692', null, 'GET', '2018-10-25 10:31:54', '_dc=1540434713957', '0:0:0:0:0:0:0:1', '/attence/isAttence', '2', '考勤操作', 'info', '1');
INSERT INTO `t_log` VALUES ('693', null, 'GET', '2018-10-25 10:32:00', '_dc=1540434720155&page=1&start=0&limit=25', '0:0:0:0:0:0:0:1', '/achievement/analyse', '24', '数据分析', 'info', '1');
INSERT INTO `t_log` VALUES ('694', null, 'GET', '2018-10-25 10:32:00', '_dc=1540434720157&page=1&start=0&limit=25', '0:0:0:0:0:0:0:1', '/store/findAllStore', '14', 'findAllStore', 'info', '1');
INSERT INTO `t_log` VALUES ('695', null, 'GET', '2018-10-25 10:32:00', '_dc=1540434720154&page=1&start=0&limit=25', '0:0:0:0:0:0:0:1', '/achievement', '13', '查询销售员月销售额', 'info', '1');
INSERT INTO `t_log` VALUES ('696', null, 'GET', '2018-10-25 10:32:00', '_dc=1540434720156&page=1&start=0&limit=25', '0:0:0:0:0:0:0:1', '/achievement/sort', '45', '业绩排行', 'info', '1');
INSERT INTO `t_log` VALUES ('697', null, 'GET', '2018-10-25 10:32:05', '_dc=1540434724718&month=二月&area=家乐房产中介东莞市东城分店&page=1&start=0&limit=25', '0:0:0:0:0:0:0:1', '/achievement', '10', '查询销售员月销售额', 'info', '1');
INSERT INTO `t_log` VALUES ('698', null, 'GET', '2018-10-25 10:32:05', '_dc=1540434724741&month=二月&area=家乐房产中介东莞市东城分店&page=1&start=0&limit=25', '0:0:0:0:0:0:0:1', '/achievement/sort', '11', '业绩排行', 'info', '1');
INSERT INTO `t_log` VALUES ('699', null, 'GET', '2018-10-25 10:32:05', '_dc=1540434724731&month=二月&area=家乐房产中介东莞市东城分店&page=1&start=0&limit=25', '0:0:0:0:0:0:0:1', '/achievement/analyse', '20', '数据分析', 'info', '1');
INSERT INTO `t_log` VALUES ('700', null, 'GET', '2018-10-25 10:32:07', '_dc=1540434726729&month=三月&area=家乐房产中介东莞市东城分店&page=1&start=0&limit=25', '0:0:0:0:0:0:0:1', '/achievement', '11', '查询销售员月销售额', 'info', '1');
INSERT INTO `t_log` VALUES ('701', null, 'GET', '2018-10-25 10:32:07', '_dc=1540434726743&month=三月&area=家乐房产中介东莞市东城分店&page=1&start=0&limit=25', '0:0:0:0:0:0:0:1', '/achievement/analyse', '15', '数据分析', 'info', '1');
INSERT INTO `t_log` VALUES ('702', null, 'GET', '2018-10-25 10:32:07', '_dc=1540434726753&month=三月&area=家乐房产中介东莞市东城分店&page=1&start=0&limit=25', '0:0:0:0:0:0:0:1', '/achievement/sort', '8', '业绩排行', 'info', '1');
INSERT INTO `t_log` VALUES ('703', null, 'GET', '2018-10-25 10:32:10', '_dc=1540434730442&month=四月&area=家乐房产中介东莞市东城分店&page=1&start=0&limit=25', '0:0:0:0:0:0:0:1', '/achievement', '10', '查询销售员月销售额', 'info', '1');
INSERT INTO `t_log` VALUES ('704', null, 'GET', '2018-10-25 10:32:10', '_dc=1540434730453&month=四月&area=家乐房产中介东莞市东城分店&page=1&start=0&limit=25', '0:0:0:0:0:0:0:1', '/achievement/analyse', '16', '数据分析', 'info', '1');
INSERT INTO `t_log` VALUES ('705', null, 'GET', '2018-10-25 10:32:10', '_dc=1540434730464&month=四月&area=家乐房产中介东莞市东城分店&page=1&start=0&limit=25', '0:0:0:0:0:0:0:1', '/achievement/sort', '12', '业绩排行', 'info', '1');
INSERT INTO `t_log` VALUES ('706', null, 'GET', '2018-10-25 10:32:12', '_dc=1540434732441&month=五月&area=家乐房产中介东莞市东城分店&page=1&start=0&limit=25', '0:0:0:0:0:0:0:1', '/achievement', '13', '查询销售员月销售额', 'info', '1');
INSERT INTO `t_log` VALUES ('707', null, 'GET', '2018-10-25 10:32:12', '_dc=1540434732457&month=五月&area=家乐房产中介东莞市东城分店&page=1&start=0&limit=25', '0:0:0:0:0:0:0:1', '/achievement/analyse', '16', '数据分析', 'info', '1');
INSERT INTO `t_log` VALUES ('708', null, 'GET', '2018-10-25 10:32:12', '_dc=1540434732472&month=五月&area=家乐房产中介东莞市东城分店&page=1&start=0&limit=25', '0:0:0:0:0:0:0:1', '/achievement/sort', '12', '业绩排行', 'info', '1');
INSERT INTO `t_log` VALUES ('709', null, 'GET', '2018-10-25 10:32:15', '_dc=1540434734700&month=六月&area=家乐房产中介东莞市东城分店&page=1&start=0&limit=25', '0:0:0:0:0:0:0:1', '/achievement', '13', '查询销售员月销售额', 'info', '1');
INSERT INTO `t_log` VALUES ('710', null, 'GET', '2018-10-25 10:32:15', '_dc=1540434734717&month=六月&area=家乐房产中介东莞市东城分店&page=1&start=0&limit=25', '0:0:0:0:0:0:0:1', '/achievement/analyse', '19', '数据分析', 'info', '1');
INSERT INTO `t_log` VALUES ('711', null, 'GET', '2018-10-25 10:32:15', '_dc=1540434734740&month=六月&area=家乐房产中介东莞市东城分店&page=1&start=0&limit=25', '0:0:0:0:0:0:0:1', '/achievement/sort', '7', '业绩排行', 'info', '1');
INSERT INTO `t_log` VALUES ('712', null, 'GET', '2018-10-25 10:32:18', '_dc=1540434737643&month=八月&area=家乐房产中介东莞市东城分店&page=1&start=0&limit=25', '0:0:0:0:0:0:0:1', '/achievement', '15', '查询销售员月销售额', 'info', '1');
INSERT INTO `t_log` VALUES ('713', null, 'GET', '2018-10-25 10:32:18', '_dc=1540434737660&month=八月&area=家乐房产中介东莞市东城分店&page=1&start=0&limit=25', '0:0:0:0:0:0:0:1', '/achievement/analyse', '20', '数据分析', 'info', '1');
INSERT INTO `t_log` VALUES ('714', null, 'GET', '2018-10-25 10:32:18', '_dc=1540434737676&month=八月&area=家乐房产中介东莞市东城分店&page=1&start=0&limit=25', '0:0:0:0:0:0:0:1', '/achievement/sort', '11', '业绩排行', 'info', '1');
INSERT INTO `t_log` VALUES ('715', null, 'GET', '2018-10-25 10:32:21', '_dc=1540434741100&month=九月&area=家乐房产中介东莞市东城分店&page=1&start=0&limit=25', '0:0:0:0:0:0:0:1', '/achievement', '12', '查询销售员月销售额', 'info', '1');
INSERT INTO `t_log` VALUES ('716', null, 'GET', '2018-10-25 10:32:21', '_dc=1540434741115&month=九月&area=家乐房产中介东莞市东城分店&page=1&start=0&limit=25', '0:0:0:0:0:0:0:1', '/achievement/analyse', '18', '数据分析', 'info', '1');
INSERT INTO `t_log` VALUES ('717', null, 'GET', '2018-10-25 10:32:21', '_dc=1540434741133&month=九月&area=家乐房产中介东莞市东城分店&page=1&start=0&limit=25', '0:0:0:0:0:0:0:1', '/achievement/sort', '7', '业绩排行', 'info', '1');
INSERT INTO `t_log` VALUES ('718', null, 'GET', '2018-10-25 10:32:23', '_dc=1540434743146&month=十月&area=家乐房产中介东莞市东城分店&page=1&start=0&limit=25', '0:0:0:0:0:0:0:1', '/achievement', '13', '查询销售员月销售额', 'info', '1');
INSERT INTO `t_log` VALUES ('719', null, 'GET', '2018-10-25 10:32:23', '_dc=1540434743161&month=十月&area=家乐房产中介东莞市东城分店&page=1&start=0&limit=25', '0:0:0:0:0:0:0:1', '/achievement/analyse', '22', '数据分析', 'info', '1');
INSERT INTO `t_log` VALUES ('720', null, 'GET', '2018-10-25 10:32:23', '_dc=1540434743180&month=十月&area=家乐房产中介东莞市东城分店&page=1&start=0&limit=25', '0:0:0:0:0:0:0:1', '/achievement/sort', '11', '业绩排行', 'info', '1');
INSERT INTO `t_log` VALUES ('721', null, 'GET', '2018-10-25 10:32:26', '_dc=1540434745684&month=十一月&area=家乐房产中介东莞市东城分店&page=1&start=0&limit=25', '0:0:0:0:0:0:0:1', '/achievement', '8', '查询销售员月销售额', 'info', '1');
INSERT INTO `t_log` VALUES ('722', null, 'GET', '2018-10-25 10:32:26', '_dc=1540434745693&month=十一月&area=家乐房产中介东莞市东城分店&page=1&start=0&limit=25', '0:0:0:0:0:0:0:1', '/achievement/analyse', '15', '数据分析', 'info', '1');
INSERT INTO `t_log` VALUES ('723', null, 'GET', '2018-10-25 10:32:26', '_dc=1540434745704&month=十一月&area=家乐房产中介东莞市东城分店&page=1&start=0&limit=25', '0:0:0:0:0:0:0:1', '/achievement/sort', '7', '业绩排行', 'info', '1');
INSERT INTO `t_log` VALUES ('724', null, 'GET', '2018-10-25 10:32:30', '_dc=1540434749601&month=十二月&area=家乐房产中介东莞市东城分店&page=1&start=0&limit=25', '0:0:0:0:0:0:0:1', '/achievement', '8', '查询销售员月销售额', 'info', '1');
INSERT INTO `t_log` VALUES ('725', null, 'GET', '2018-10-25 10:32:30', '_dc=1540434749613&month=十二月&area=家乐房产中介东莞市东城分店&page=1&start=0&limit=25', '0:0:0:0:0:0:0:1', '/achievement/analyse', '14', '数据分析', 'info', '1');
INSERT INTO `t_log` VALUES ('726', null, 'GET', '2018-10-25 10:32:30', '_dc=1540434749626&month=十二月&area=家乐房产中介东莞市东城分店&page=1&start=0&limit=25', '0:0:0:0:0:0:0:1', '/achievement/sort', '8', '业绩排行', 'info', '1');
INSERT INTO `t_log` VALUES ('727', null, 'GET', '2018-10-25 10:32:35', '_dc=1540434755300&month=十二月&area=家乐房产中介东莞市分店&page=1&start=0&limit=25', '0:0:0:0:0:0:0:1', '/achievement', '7', '查询销售员月销售额', 'info', '1');
INSERT INTO `t_log` VALUES ('728', null, 'GET', '2018-10-25 10:32:35', '_dc=1540434755317&month=十二月&area=家乐房产中介东莞市分店&page=1&start=0&limit=25', '0:0:0:0:0:0:0:1', '/achievement/analyse', '4', '数据分析', 'info', '1');
INSERT INTO `t_log` VALUES ('729', null, 'GET', '2018-10-25 10:32:35', '_dc=1540434755332&month=十二月&area=家乐房产中介东莞市分店&page=1&start=0&limit=25', '0:0:0:0:0:0:0:1', '/achievement/sort', '4', '业绩排行', 'info', '1');
INSERT INTO `t_log` VALUES ('730', null, 'GET', '2018-10-25 10:32:38', '_dc=1540434758217&month=一月&area=家乐房产中介东莞市分店&page=1&start=0&limit=25', '0:0:0:0:0:0:0:1', '/achievement', '6', '查询销售员月销售额', 'info', '1');
INSERT INTO `t_log` VALUES ('731', null, 'GET', '2018-10-25 10:32:38', '_dc=1540434758233&month=一月&area=家乐房产中介东莞市分店&page=1&start=0&limit=25', '0:0:0:0:0:0:0:1', '/achievement/analyse', '4', '数据分析', 'info', '1');
INSERT INTO `t_log` VALUES ('732', null, 'GET', '2018-10-25 10:32:38', '_dc=1540434758245&month=一月&area=家乐房产中介东莞市分店&page=1&start=0&limit=25', '0:0:0:0:0:0:0:1', '/achievement/sort', '4', '业绩排行', 'info', '1');
INSERT INTO `t_log` VALUES ('733', null, 'POST', '2018-10-25 10:32:43', '', '0:0:0:0:0:0:0:1', '/logout', '0', '退出登录', 'info', null);
INSERT INTO `t_log` VALUES ('734', null, 'POST', '2018-10-25 10:32:43', 'userId=1', '0:0:0:0:0:0:0:1', '/addressList/downStatus', '6', '离线', 'info', null);
INSERT INTO `t_log` VALUES ('735', null, 'POST', '2018-10-25 10:32:50', 'userName=admin&password=', '0:0:0:0:0:0:0:1', '/login', '14', '登录系统', 'info', '1');
INSERT INTO `t_log` VALUES ('736', null, 'GET', '2018-10-25 10:32:50', '_dc=1540434769917', '0:0:0:0:0:0:0:1', '/attence/isAttence', '2', '考勤操作', 'info', '1');
INSERT INTO `t_log` VALUES ('737', null, 'GET', '2018-10-25 10:32:52', '_dc=1540434772251&page=1&start=0&limit=25', '0:0:0:0:0:0:0:1', '/addressList', '49', '查看通讯录', 'info', '1');
INSERT INTO `t_log` VALUES ('738', null, 'GET', '2018-10-25 10:32:57', '_dc=1540434777469&page=1&start=0&limit=25', '0:0:0:0:0:0:0:1', '/achievement', '8', '查询销售员月销售额', 'info', '1');
INSERT INTO `t_log` VALUES ('739', null, 'GET', '2018-10-25 10:32:57', '_dc=1540434777471&page=1&start=0&limit=25', '0:0:0:0:0:0:0:1', '/achievement/analyse', '19', '数据分析', 'info', '1');
INSERT INTO `t_log` VALUES ('740', null, 'GET', '2018-10-25 10:32:58', '_dc=1540434777481&page=1&start=0&limit=25', '0:0:0:0:0:0:0:1', '/store/findAllStore', '3', 'findAllStore', 'info', '1');
INSERT INTO `t_log` VALUES ('741', null, 'GET', '2018-10-25 10:32:58', '_dc=1540434777473&page=1&start=0&limit=25', '0:0:0:0:0:0:0:1', '/achievement/sort', '15', '业绩排行', 'info', '1');
INSERT INTO `t_log` VALUES ('742', null, 'GET', '2018-10-25 10:33:13', '_dc=1540434792673&month=二月&area=家乐房产中介东莞市东城分店&page=1&start=0&limit=25', '0:0:0:0:0:0:0:1', '/achievement', '9', '查询销售员月销售额', 'info', '1');
INSERT INTO `t_log` VALUES ('743', null, 'GET', '2018-10-25 10:33:13', '_dc=1540434792701&month=二月&area=家乐房产中介东莞市东城分店&page=1&start=0&limit=25', '0:0:0:0:0:0:0:1', '/achievement/sort', '8', '业绩排行', 'info', '1');
INSERT INTO `t_log` VALUES ('744', null, 'GET', '2018-10-25 10:33:13', '_dc=1540434792687&month=二月&area=家乐房产中介东莞市东城分店&page=1&start=0&limit=25', '0:0:0:0:0:0:0:1', '/achievement/analyse', '15', '数据分析', 'info', '1');
INSERT INTO `t_log` VALUES ('745', null, 'POST', '2018-10-25 10:34:05', 'userId=1', '0:0:0:0:0:0:0:1', '/addressList/downStatus', '5', '离线', 'info', '1');
INSERT INTO `t_log` VALUES ('746', null, 'GET', '2018-10-25 10:34:07', '_dc=1540434846953&page=1&start=0&limit=25', '0:0:0:0:0:0:0:1', '/store/findAllStore', '2', 'findAllStore', 'info', '1');
INSERT INTO `t_log` VALUES ('747', null, 'GET', '2018-10-25 10:34:07', '_dc=1540434846949&page=1&start=0&limit=25', '0:0:0:0:0:0:0:1', '/store/findAllStore', '3', 'findAllStore', 'info', '1');
INSERT INTO `t_log` VALUES ('748', null, 'GET', '2018-10-25 10:34:07', '_dc=1540434847297&page=1&start=0&limit=25', '0:0:0:0:0:0:0:1', '/achievement', '13', '查询销售员月销售额', 'info', '1');
INSERT INTO `t_log` VALUES ('749', null, 'GET', '2018-10-25 10:34:07', '_dc=1540434847318&page=1&start=0&limit=25', '0:0:0:0:0:0:0:1', '/achievement/analyse', '10', '数据分析', 'info', '1');
INSERT INTO `t_log` VALUES ('750', null, 'GET', '2018-10-25 10:34:07', '_dc=1540434847330&page=1&start=0&limit=25', '0:0:0:0:0:0:0:1', '/store/findAllStore', '2', 'findAllStore', 'info', '1');
INSERT INTO `t_log` VALUES ('751', null, 'GET', '2018-10-25 10:34:07', '_dc=1540434847329&page=1&start=0&limit=25', '0:0:0:0:0:0:0:1', '/achievement/sort', '9', '业绩排行', 'info', '1');
INSERT INTO `t_log` VALUES ('752', null, 'GET', '2018-10-25 10:34:21', '_dc=1540434860644&month=二月&area=家乐房产中介东莞市东城分店&page=1&start=0&limit=25', '0:0:0:0:0:0:0:1', '/achievement', '9', '查询销售员月销售额', 'info', '1');
INSERT INTO `t_log` VALUES ('753', null, 'GET', '2018-10-25 10:34:21', '_dc=1540434860660&month=二月&area=家乐房产中介东莞市东城分店&page=1&start=0&limit=25', '0:0:0:0:0:0:0:1', '/achievement/analyse', '13', '数据分析', 'info', '1');
INSERT INTO `t_log` VALUES ('754', null, 'GET', '2018-10-25 10:34:21', '_dc=1540434860670&month=二月&area=家乐房产中介东莞市东城分店&page=1&start=0&limit=25', '0:0:0:0:0:0:0:1', '/achievement/sort', '8', '业绩排行', 'info', '1');
INSERT INTO `t_log` VALUES ('755', null, 'GET', '2018-10-25 10:34:23', '_dc=1540434862489&month=三月&area=家乐房产中介东莞市东城分店&page=1&start=0&limit=25', '0:0:0:0:0:0:0:1', '/achievement', '12', '查询销售员月销售额', 'info', '1');
INSERT INTO `t_log` VALUES ('756', null, 'GET', '2018-10-25 10:34:23', '_dc=1540434862504&month=三月&area=家乐房产中介东莞市东城分店&page=1&start=0&limit=25', '0:0:0:0:0:0:0:1', '/achievement/analyse', '16', '数据分析', 'info', '1');
INSERT INTO `t_log` VALUES ('757', null, 'GET', '2018-10-25 10:34:23', '_dc=1540434862519&month=三月&area=家乐房产中介东莞市东城分店&page=1&start=0&limit=25', '0:0:0:0:0:0:0:1', '/achievement/sort', '7', '业绩排行', 'info', '1');
INSERT INTO `t_log` VALUES ('758', null, 'GET', '2018-10-25 10:34:24', '_dc=1540434863880&month=一月&area=家乐房产中介东莞市东城分店&page=1&start=0&limit=25', '0:0:0:0:0:0:0:1', '/achievement', '12', '查询销售员月销售额', 'info', '1');
INSERT INTO `t_log` VALUES ('759', null, 'GET', '2018-10-25 10:34:24', '_dc=1540434863898&month=一月&area=家乐房产中介东莞市东城分店&page=1&start=0&limit=25', '0:0:0:0:0:0:0:1', '/achievement/analyse', '7', '数据分析', 'info', '1');
INSERT INTO `t_log` VALUES ('760', null, 'GET', '2018-10-25 10:34:24', '_dc=1540434863907&month=一月&area=家乐房产中介东莞市东城分店&page=1&start=0&limit=25', '0:0:0:0:0:0:0:1', '/achievement/sort', '9', '业绩排行', 'info', '1');
INSERT INTO `t_log` VALUES ('761', null, 'GET', '2018-10-25 11:04:04', '_dc=1540436643721&page=1&start=0&limit=25', '0:0:0:0:0:0:0:1', '/achievement/analyse', '166', '数据分析', 'info', '1');
INSERT INTO `t_log` VALUES ('762', null, 'GET', '2018-10-25 11:04:04', '_dc=1540436643731&page=1&start=0&limit=25', '0:0:0:0:0:0:0:1', '/achievement/sort', '157', '业绩排行', 'info', '1');
INSERT INTO `t_log` VALUES ('763', null, 'GET', '2018-10-25 11:04:04', '_dc=1540436643689&page=1&start=0&limit=25', '0:0:0:0:0:0:0:1', '/achievement', '172', '查询销售员月销售额', 'info', '1');
INSERT INTO `t_log` VALUES ('764', null, 'POST', '2018-10-25 11:04:11', '', '0:0:0:0:0:0:0:1', '/logout', '3', '退出登录', 'info', null);
INSERT INTO `t_log` VALUES ('765', null, 'POST', '2018-10-25 11:04:28', 'userName=LiNan&password=', '0:0:0:0:0:0:0:1', '/login', '61', '登录系统', 'info', '18');
INSERT INTO `t_log` VALUES ('766', null, 'GET', '2018-10-25 11:04:28', '_dc=1540436668227&page=1&start=0&limit=25', '0:0:0:0:0:0:0:1', '/achievement', '25', '查询销售员月销售额', 'info', '18');
INSERT INTO `t_log` VALUES ('767', null, 'GET', '2018-10-25 11:04:28', '_dc=1540436668229&page=1&start=0&limit=25', '0:0:0:0:0:0:0:1', '/achievement/analyse', '39', '数据分析', 'info', '18');
INSERT INTO `t_log` VALUES ('768', null, 'GET', '2018-10-25 11:04:28', '_dc=1540436668230&page=1&start=0&limit=25', '0:0:0:0:0:0:0:1', '/achievement/sort', '31', '业绩排行', 'info', '18');
INSERT INTO `t_log` VALUES ('769', null, 'POST', '2018-10-25 11:04:28', 'userId=18', '0:0:0:0:0:0:0:1', '/addressList/upStatus', '85', '在线', 'info', '18');
INSERT INTO `t_log` VALUES ('770', null, 'GET', '2018-10-25 11:05:03', '_dc=1540436703184&month=二月&area=&page=1&start=0&limit=25', '0:0:0:0:0:0:0:1', '/achievement', '5', '查询销售员月销售额', 'info', '18');
INSERT INTO `t_log` VALUES ('771', null, 'GET', '2018-10-25 11:05:03', '_dc=1540436703199&month=二月&area=&page=1&start=0&limit=25', '0:0:0:0:0:0:0:1', '/achievement/analyse', '6', '数据分析', 'info', '18');
INSERT INTO `t_log` VALUES ('772', null, 'GET', '2018-10-25 11:05:03', '_dc=1540436703208&month=二月&area=&page=1&start=0&limit=25', '0:0:0:0:0:0:0:1', '/achievement/sort', '5', '业绩排行', 'info', '18');
INSERT INTO `t_log` VALUES ('773', null, 'GET', '2018-10-25 11:05:05', '_dc=1540436704949&month=一月&area=&page=1&start=0&limit=25', '0:0:0:0:0:0:0:1', '/achievement', '6', '查询销售员月销售额', 'info', '18');
INSERT INTO `t_log` VALUES ('774', null, 'GET', '2018-10-25 11:05:05', '_dc=1540436704962&month=一月&area=&page=1&start=0&limit=25', '0:0:0:0:0:0:0:1', '/achievement/analyse', '4', '数据分析', 'info', '18');
INSERT INTO `t_log` VALUES ('775', null, 'GET', '2018-10-25 11:05:05', '_dc=1540436704972&month=一月&area=&page=1&start=0&limit=25', '0:0:0:0:0:0:0:1', '/achievement/sort', '3', '业绩排行', 'info', '18');
INSERT INTO `t_log` VALUES ('776', null, 'POST', '2018-10-25 11:05:06', '', '0:0:0:0:0:0:0:1', '/logout', '1', '退出登录', 'info', null);
INSERT INTO `t_log` VALUES ('777', null, 'POST', '2018-10-25 11:05:06', 'userId=18', '0:0:0:0:0:0:0:1', '/addressList/downStatus', '8', '离线', 'info', null);
INSERT INTO `t_log` VALUES ('778', null, 'POST', '2018-10-25 11:05:18', 'userName=admin&password=', '0:0:0:0:0:0:0:1', '/login', '32', '登录系统', 'info', '1');
INSERT INTO `t_log` VALUES ('779', null, 'POST', '2018-10-25 11:05:18', 'userId=1', '0:0:0:0:0:0:0:1', '/addressList/upStatus', '5', '在线', 'info', '1');
INSERT INTO `t_log` VALUES ('780', null, 'GET', '2018-10-25 11:05:18', '_dc=1540436718393&page=1&start=0&limit=25', '0:0:0:0:0:0:0:1', '/achievement', '21', '查询销售员月销售额', 'info', '1');
INSERT INTO `t_log` VALUES ('781', null, 'GET', '2018-10-25 11:05:18', '_dc=1540436718395&page=1&start=0&limit=25', '0:0:0:0:0:0:0:1', '/achievement/analyse', '13', '数据分析', 'info', '1');
INSERT INTO `t_log` VALUES ('782', null, 'GET', '2018-10-25 11:05:18', '_dc=1540436718395&page=1&start=0&limit=25', '0:0:0:0:0:0:0:1', '/achievement/sort', '14', '业绩排行', 'info', '1');
INSERT INTO `t_log` VALUES ('783', null, 'POST', '2018-10-25 11:08:23', '', '0:0:0:0:0:0:0:1', '/logout', '14', '退出登录', 'info', null);
INSERT INTO `t_log` VALUES ('784', null, 'POST', '2018-10-25 11:08:24', 'userId=1', '0:0:0:0:0:0:0:1', '/addressList/downStatus', '77', '离线', 'info', null);
INSERT INTO `t_log` VALUES ('785', null, 'POST', '2018-10-25 11:08:43', 'userName=LiNan&password=', '0:0:0:0:0:0:0:1', '/login', '55', '登录系统', 'info', '18');
INSERT INTO `t_log` VALUES ('786', null, 'POST', '2018-10-25 11:08:43', 'userId=18', '0:0:0:0:0:0:0:1', '/addressList/upStatus', '9', '在线', 'info', '18');
INSERT INTO `t_log` VALUES ('787', null, 'GET', '2018-10-25 11:08:43', '_dc=1540436923230&page=1&start=0&limit=25', '0:0:0:0:0:0:0:1', '/achievement', '66', '查询销售员月销售额', 'info', '18');
INSERT INTO `t_log` VALUES ('788', null, 'GET', '2018-10-25 11:08:43', '_dc=1540436923231&page=1&start=0&limit=25', '0:0:0:0:0:0:0:1', '/achievement/analyse', '71', '数据分析', 'info', '18');
INSERT INTO `t_log` VALUES ('789', null, 'GET', '2018-10-25 11:08:43', '_dc=1540436923233&page=1&start=0&limit=25', '0:0:0:0:0:0:0:1', '/achievement/sort', '82', '业绩排行', 'info', '18');
INSERT INTO `t_log` VALUES ('790', null, 'POST', '2018-10-25 11:09:08', '', '0:0:0:0:0:0:0:1', '/logout', '0', '退出登录', 'info', null);
INSERT INTO `t_log` VALUES ('791', null, 'POST', '2018-10-25 11:09:08', 'userId=18', '0:0:0:0:0:0:0:1', '/addressList/downStatus', '8', '离线', 'info', null);
INSERT INTO `t_log` VALUES ('792', null, 'POST', '2018-10-25 11:09:15', 'userName=LiNan&password=', '0:0:0:0:0:0:0:1', '/login', '19', '登录系统', 'info', '18');
INSERT INTO `t_log` VALUES ('793', null, 'POST', '2018-10-25 11:09:16', 'userId=18', '0:0:0:0:0:0:0:1', '/addressList/upStatus', '11', '在线', 'info', '18');
INSERT INTO `t_log` VALUES ('794', null, 'GET', '2018-10-25 11:09:16', '_dc=1540436955623&page=1&start=0&limit=25', '0:0:0:0:0:0:0:1', '/achievement', '21', '查询销售员月销售额', 'info', '18');
INSERT INTO `t_log` VALUES ('795', null, 'GET', '2018-10-25 11:09:16', '_dc=1540436955625&page=1&start=0&limit=25', '0:0:0:0:0:0:0:1', '/achievement/analyse', '12', '数据分析', 'info', '18');
INSERT INTO `t_log` VALUES ('796', null, 'GET', '2018-10-25 11:09:16', '_dc=1540436955625&page=1&start=0&limit=25', '0:0:0:0:0:0:0:1', '/achievement/sort', '30', '业绩排行', 'info', '18');
INSERT INTO `t_log` VALUES ('797', null, 'GET', '2018-10-25 11:09:25', '_dc=1540436965260&page=1&start=0&limit=25', '0:0:0:0:0:0:0:1', '/notice', '48', '查看公告', 'info', '18');
INSERT INTO `t_log` VALUES ('798', null, 'POST', '2018-10-25 11:09:31', '', '0:0:0:0:0:0:0:1', '/logout', '1', '退出登录', 'info', null);
INSERT INTO `t_log` VALUES ('799', null, 'POST', '2018-10-25 11:09:31', 'userId=18', '0:0:0:0:0:0:0:1', '/addressList/downStatus', '10', '离线', 'info', null);
INSERT INTO `t_log` VALUES ('800', null, 'POST', '2018-10-25 11:09:39', 'userName=admin&password=', '0:0:0:0:0:0:0:1', '/login', '11', '登录系统', 'info', '1');
INSERT INTO `t_log` VALUES ('801', null, 'POST', '2018-10-25 11:09:39', 'userId=1', '0:0:0:0:0:0:0:1', '/addressList/upStatus', '8', '在线', 'info', '1');
INSERT INTO `t_log` VALUES ('802', null, 'GET', '2018-10-25 11:09:39', '_dc=1540436978989&page=1&start=0&limit=25', '0:0:0:0:0:0:0:1', '/achievement/sort', '12', '业绩排行', 'info', '1');
INSERT INTO `t_log` VALUES ('803', null, 'GET', '2018-10-25 11:09:39', '_dc=1540436978987&page=1&start=0&limit=25', '0:0:0:0:0:0:0:1', '/achievement/analyse', '12', '数据分析', 'info', '1');
INSERT INTO `t_log` VALUES ('804', null, 'GET', '2018-10-25 11:09:39', '_dc=1540436978986&page=1&start=0&limit=25', '0:0:0:0:0:0:0:1', '/achievement', '14', '查询销售员月销售额', 'info', '1');
INSERT INTO `t_log` VALUES ('805', null, 'GET', '2018-10-25 11:10:05', '_dc=1540437004749&page=1&start=0&limit=25', '0:0:0:0:0:0:0:1', '/notice', '3', '查看公告', 'info', '1');
INSERT INTO `t_log` VALUES ('806', null, 'GET', '2018-10-25 11:10:08', '_dc=1540437008157&page=1&start=0&limit=25', '0:0:0:0:0:0:0:1', '/addressList', '77', '查看通讯录', 'info', '1');
INSERT INTO `t_log` VALUES ('807', null, 'POST', '2018-10-25 11:10:17', 'userId=1', '0:0:0:0:0:0:0:1', '/addressList/downStatus', '7', '离线', 'info', '1');
INSERT INTO `t_log` VALUES ('808', null, 'GET', '2018-10-25 11:10:20', '_dc=1540437019546&page=1&start=0&limit=25', '0:0:0:0:0:0:0:1', '/addressList', '20', '查看通讯录', 'info', '1');
INSERT INTO `t_log` VALUES ('809', null, 'GET', '2018-10-25 11:10:23', '_dc=1540437023440&page=2&start=25&limit=25', '0:0:0:0:0:0:0:1', '/addressList', '13', '查看通讯录', 'info', '1');
INSERT INTO `t_log` VALUES ('810', null, 'GET', '2018-10-25 11:10:27', '_dc=1540437027176&page=3&start=50&limit=25', '0:0:0:0:0:0:0:1', '/addressList', '4', '查看通讯录', 'info', '1');
INSERT INTO `t_log` VALUES ('811', null, 'GET', '2018-10-25 11:10:29', '_dc=1540437028930&page=2&start=25&limit=25', '0:0:0:0:0:0:0:1', '/addressList', '19', '查看通讯录', 'info', '1');
INSERT INTO `t_log` VALUES ('812', null, 'POST', '2018-10-25 11:10:32', '', '0:0:0:0:0:0:0:1', '/logout', '0', '退出登录', 'info', null);
INSERT INTO `t_log` VALUES ('813', null, 'POST', '2018-10-25 11:10:57', 'userName=LiNan&password=', '0:0:0:0:0:0:0:1', '/login', '18', '登录系统', 'info', '18');
INSERT INTO `t_log` VALUES ('814', null, 'POST', '2018-10-25 11:10:58', 'userId=18', '0:0:0:0:0:0:0:1', '/addressList/upStatus', '7', '在线', 'info', '18');
INSERT INTO `t_log` VALUES ('815', null, 'GET', '2018-10-25 11:10:58', '_dc=1540437057617&page=1&start=0&limit=25', '0:0:0:0:0:0:0:1', '/achievement', '11', '查询销售员月销售额', 'info', '18');
INSERT INTO `t_log` VALUES ('816', null, 'GET', '2018-10-25 11:10:58', '_dc=1540437057620&page=1&start=0&limit=25', '0:0:0:0:0:0:0:1', '/achievement/analyse', '13', '数据分析', 'info', '18');
INSERT INTO `t_log` VALUES ('817', null, 'GET', '2018-10-25 11:10:58', '_dc=1540437057623&page=1&start=0&limit=25', '0:0:0:0:0:0:0:1', '/achievement/sort', '12', '业绩排行', 'info', '18');
INSERT INTO `t_log` VALUES ('818', null, 'POST', '2018-10-25 11:13:53', 'userId=18', '0:0:0:0:0:0:0:1', '/addressList/downStatus', '11', '离线', 'info', '18');
INSERT INTO `t_log` VALUES ('819', null, 'GET', '2018-10-25 11:13:56', '_dc=1540437235834&page=1&start=0&limit=25', '0:0:0:0:0:0:0:1', '/achievement', '12', '查询销售员月销售额', 'info', '18');
INSERT INTO `t_log` VALUES ('820', null, 'GET', '2018-10-25 11:13:56', '_dc=1540437235864&page=1&start=0&limit=25', '0:0:0:0:0:0:0:1', '/achievement/analyse', '10', '数据分析', 'info', '18');
INSERT INTO `t_log` VALUES ('821', null, 'GET', '2018-10-25 11:13:56', '_dc=1540437235873&page=1&start=0&limit=25', '0:0:0:0:0:0:0:1', '/achievement/sort', '19', '业绩排行', 'info', '18');
INSERT INTO `t_log` VALUES ('822', null, 'POST', '2018-10-25 11:16:15', '', '0:0:0:0:0:0:0:1', '/logout', '1', '退出登录', 'info', null);
INSERT INTO `t_log` VALUES ('823', null, 'GET', '2018-10-25 11:16:17', '_dc=1540437376892&page=1&start=0&limit=25', '0:0:0:0:0:0:0:1', '/achievement/findAllStore', '2', 'findAllStore', 'info', null);
INSERT INTO `t_log` VALUES ('824', null, 'POST', '2018-10-25 11:16:25', 'userName=JiaEr&password=', '0:0:0:0:0:0:0:1', '/login', '11', '登录系统', 'info', '8');
INSERT INTO `t_log` VALUES ('825', null, 'POST', '2018-10-25 11:16:25', 'userId=8', '0:0:0:0:0:0:0:1', '/addressList/upStatus', '5', '在线', 'info', '8');
INSERT INTO `t_log` VALUES ('826', null, 'GET', '2018-10-25 11:16:25', '_dc=1540437384789&page=1&start=0&limit=25', '0:0:0:0:0:0:0:1', '/achievement', '8', '查询销售员月销售额', 'info', '8');
INSERT INTO `t_log` VALUES ('827', null, 'GET', '2018-10-25 11:16:25', '_dc=1540437384790&page=1&start=0&limit=25', '0:0:0:0:0:0:0:1', '/achievement/analyse', '8', '数据分析', 'info', '8');
INSERT INTO `t_log` VALUES ('828', null, 'GET', '2018-10-25 11:16:25', '_dc=1540437384792&page=1&start=0&limit=25', '0:0:0:0:0:0:0:1', '/achievement/findAllStore', '12', 'findAllStore', 'info', '8');
INSERT INTO `t_log` VALUES ('829', null, 'GET', '2018-10-25 11:16:25', '_dc=1540437384792&page=1&start=0&limit=25', '0:0:0:0:0:0:0:1', '/achievement/sort', '9', '业绩排行', 'info', '8');
INSERT INTO `t_log` VALUES ('830', null, 'GET', '2018-10-25 11:16:34', '_dc=1540437393698&month=二月&area=家乐房产中介东莞市东城分店&page=1&start=0&limit=25', '0:0:0:0:0:0:0:1', '/achievement', '9', '查询销售员月销售额', 'info', '8');
INSERT INTO `t_log` VALUES ('831', null, 'GET', '2018-10-25 11:16:34', '_dc=1540437393711&month=二月&area=家乐房产中介东莞市东城分店&page=1&start=0&limit=25', '0:0:0:0:0:0:0:1', '/achievement/analyse', '13', '数据分析', 'info', '8');
INSERT INTO `t_log` VALUES ('832', null, 'GET', '2018-10-25 11:16:34', '_dc=1540437393730&month=二月&area=家乐房产中介东莞市东城分店&page=1&start=0&limit=25', '0:0:0:0:0:0:0:1', '/achievement/sort', '12', '业绩排行', 'info', '8');
INSERT INTO `t_log` VALUES ('833', null, 'GET', '2018-10-25 11:16:36', '_dc=1540437395640&month=三月&area=家乐房产中介东莞市东城分店&page=1&start=0&limit=25', '0:0:0:0:0:0:0:1', '/achievement', '8', '查询销售员月销售额', 'info', '8');
INSERT INTO `t_log` VALUES ('834', null, 'GET', '2018-10-25 11:16:36', '_dc=1540437395649&month=三月&area=家乐房产中介东莞市东城分店&page=1&start=0&limit=25', '0:0:0:0:0:0:0:1', '/achievement/analyse', '16', '数据分析', 'info', '8');
INSERT INTO `t_log` VALUES ('835', null, 'GET', '2018-10-25 11:16:36', '_dc=1540437395656&month=三月&area=家乐房产中介东莞市东城分店&page=1&start=0&limit=25', '0:0:0:0:0:0:0:1', '/achievement/sort', '22', '业绩排行', 'info', '8');
INSERT INTO `t_log` VALUES ('836', null, 'GET', '2018-10-25 11:16:38', '_dc=1540437397928&month=六月&area=家乐房产中介东莞市东城分店&page=1&start=0&limit=25', '0:0:0:0:0:0:0:1', '/achievement', '7', '查询销售员月销售额', 'info', '8');
INSERT INTO `t_log` VALUES ('837', null, 'GET', '2018-10-25 11:16:38', '_dc=1540437397937&month=六月&area=家乐房产中介东莞市东城分店&page=1&start=0&limit=25', '0:0:0:0:0:0:0:1', '/achievement/analyse', '12', '数据分析', 'info', '8');
INSERT INTO `t_log` VALUES ('838', null, 'GET', '2018-10-25 11:16:38', '_dc=1540437397948&month=六月&area=家乐房产中介东莞市东城分店&page=1&start=0&limit=25', '0:0:0:0:0:0:0:1', '/achievement/sort', '8', '业绩排行', 'info', '8');
INSERT INTO `t_log` VALUES ('839', null, 'GET', '2018-10-25 11:16:40', '_dc=1540437400072&month=八月&area=家乐房产中介东莞市东城分店&page=1&start=0&limit=25', '0:0:0:0:0:0:0:1', '/achievement', '10', '查询销售员月销售额', 'info', '8');
INSERT INTO `t_log` VALUES ('840', null, 'GET', '2018-10-25 11:16:40', '_dc=1540437400088&month=八月&area=家乐房产中介东莞市东城分店&page=1&start=0&limit=25', '0:0:0:0:0:0:0:1', '/achievement/analyse', '14', '数据分析', 'info', '8');
INSERT INTO `t_log` VALUES ('841', null, 'GET', '2018-10-25 11:16:40', '_dc=1540437400102&month=八月&area=家乐房产中介东莞市东城分店&page=1&start=0&limit=25', '0:0:0:0:0:0:0:1', '/achievement/sort', '7', '业绩排行', 'info', '8');
INSERT INTO `t_log` VALUES ('842', null, 'GET', '2018-10-25 11:16:42', '_dc=1540437402135&month=十月&area=家乐房产中介东莞市东城分店&page=1&start=0&limit=25', '0:0:0:0:0:0:0:1', '/achievement', '8', '查询销售员月销售额', 'info', '8');
INSERT INTO `t_log` VALUES ('843', null, 'GET', '2018-10-25 11:16:42', '_dc=1540437402145&month=十月&area=家乐房产中介东莞市东城分店&page=1&start=0&limit=25', '0:0:0:0:0:0:0:1', '/achievement/analyse', '11', '数据分析', 'info', '8');
INSERT INTO `t_log` VALUES ('844', null, 'GET', '2018-10-25 11:16:42', '_dc=1540437402157&month=十月&area=家乐房产中介东莞市东城分店&page=1&start=0&limit=25', '0:0:0:0:0:0:0:1', '/achievement/sort', '7', '业绩排行', 'info', '8');
INSERT INTO `t_log` VALUES ('845', null, 'GET', '2018-10-25 11:16:44', '_dc=1540437404334&month=十一月&area=家乐房产中介东莞市东城分店&page=1&start=0&limit=25', '0:0:0:0:0:0:0:1', '/achievement', '9', '查询销售员月销售额', 'info', '8');
INSERT INTO `t_log` VALUES ('846', null, 'GET', '2018-10-25 11:16:44', '_dc=1540437404359&month=十一月&area=家乐房产中介东莞市东城分店&page=1&start=0&limit=25', '0:0:0:0:0:0:0:1', '/achievement/sort', '11', '业绩排行', 'info', '8');
INSERT INTO `t_log` VALUES ('847', null, 'GET', '2018-10-25 11:16:44', '_dc=1540437404348&month=十一月&area=家乐房产中介东莞市东城分店&page=1&start=0&limit=25', '0:0:0:0:0:0:0:1', '/achievement/analyse', '14', '数据分析', 'info', '8');
INSERT INTO `t_log` VALUES ('848', null, 'GET', '2018-10-25 11:16:47', '_dc=1540437406503&month=十二月&area=家乐房产中介东莞市东城分店&page=1&start=0&limit=25', '0:0:0:0:0:0:0:1', '/achievement', '8', '查询销售员月销售额', 'info', '8');
INSERT INTO `t_log` VALUES ('849', null, 'GET', '2018-10-25 11:16:47', '_dc=1540437406518&month=十二月&area=家乐房产中介东莞市东城分店&page=1&start=0&limit=25', '0:0:0:0:0:0:0:1', '/achievement/analyse', '14', '数据分析', 'info', '8');
INSERT INTO `t_log` VALUES ('850', null, 'GET', '2018-10-25 11:16:47', '_dc=1540437406530&month=十二月&area=家乐房产中介东莞市东城分店&page=1&start=0&limit=25', '0:0:0:0:0:0:0:1', '/achievement/sort', '10', '业绩排行', 'info', '8');
INSERT INTO `t_log` VALUES ('851', null, 'GET', '2018-10-25 11:16:49', '_dc=1540437408832&month=四月&area=家乐房产中介东莞市东城分店&page=1&start=0&limit=25', '0:0:0:0:0:0:0:1', '/achievement', '6', '查询销售员月销售额', 'info', '8');
INSERT INTO `t_log` VALUES ('852', null, 'GET', '2018-10-25 11:16:49', '_dc=1540437408867&month=四月&area=家乐房产中介东莞市东城分店&page=1&start=0&limit=25', '0:0:0:0:0:0:0:1', '/achievement/sort', '8', '业绩排行', 'info', '8');
INSERT INTO `t_log` VALUES ('853', null, 'GET', '2018-10-25 11:16:49', '_dc=1540437408860&month=四月&area=家乐房产中介东莞市东城分店&page=1&start=0&limit=25', '0:0:0:0:0:0:0:1', '/achievement/analyse', '24', '数据分析', 'info', '8');
INSERT INTO `t_log` VALUES ('854', null, 'GET', '2018-10-25 11:16:51', '_dc=1540437410710&month=三月&area=家乐房产中介东莞市东城分店&page=1&start=0&limit=25', '0:0:0:0:0:0:0:1', '/achievement', '9', '查询销售员月销售额', 'info', '8');
INSERT INTO `t_log` VALUES ('855', null, 'GET', '2018-10-25 11:16:51', '_dc=1540437410744&month=三月&area=家乐房产中介东莞市东城分店&page=1&start=0&limit=25', '0:0:0:0:0:0:0:1', '/achievement/analyse', '16', '数据分析', 'info', '8');
INSERT INTO `t_log` VALUES ('856', null, 'GET', '2018-10-25 11:16:51', '_dc=1540437410765&month=三月&area=家乐房产中介东莞市东城分店&page=1&start=0&limit=25', '0:0:0:0:0:0:0:1', '/achievement/sort', '12', '业绩排行', 'info', '8');
INSERT INTO `t_log` VALUES ('857', null, 'GET', '2018-10-25 11:16:53', '_dc=1540437412565&month=一月&area=家乐房产中介东莞市东城分店&page=1&start=0&limit=25', '0:0:0:0:0:0:0:1', '/achievement', '11', '查询销售员月销售额', 'info', '8');
INSERT INTO `t_log` VALUES ('858', null, 'GET', '2018-10-25 11:16:53', '_dc=1540437412581&month=一月&area=家乐房产中介东莞市东城分店&page=1&start=0&limit=25', '0:0:0:0:0:0:0:1', '/achievement/analyse', '10', '数据分析', 'info', '8');
INSERT INTO `t_log` VALUES ('859', null, 'GET', '2018-10-25 11:16:53', '_dc=1540437412598&month=一月&area=家乐房产中介东莞市东城分店&page=1&start=0&limit=25', '0:0:0:0:0:0:0:1', '/achievement/sort', '10', '业绩排行', 'info', '8');
INSERT INTO `t_log` VALUES ('860', null, 'GET', '2018-10-25 11:16:56', '_dc=1540437416114&month=一月&area=家乐房产中介东莞市分店&page=1&start=0&limit=25', '0:0:0:0:0:0:0:1', '/achievement/analyse', '27', '数据分析', 'info', '8');
INSERT INTO `t_log` VALUES ('861', null, 'GET', '2018-10-25 11:16:56', '_dc=1540437416095&month=一月&area=家乐房产中介东莞市分店&page=1&start=0&limit=25', '0:0:0:0:0:0:0:1', '/achievement', '34', '查询销售员月销售额', 'info', '8');
INSERT INTO `t_log` VALUES ('862', null, 'GET', '2018-10-25 11:16:56', '_dc=1540437416131&month=一月&area=家乐房产中介东莞市分店&page=1&start=0&limit=25', '0:0:0:0:0:0:0:1', '/achievement/sort', '11', '业绩排行', 'info', '8');
INSERT INTO `t_log` VALUES ('863', null, 'GET', '2018-10-25 11:16:59', '_dc=1540437418736&month=二月&area=家乐房产中介东莞市分店&page=1&start=0&limit=25', '0:0:0:0:0:0:0:1', '/achievement', '6', '查询销售员月销售额', 'info', '8');
INSERT INTO `t_log` VALUES ('864', null, 'GET', '2018-10-25 11:16:59', '_dc=1540437418745&month=二月&area=家乐房产中介东莞市分店&page=1&start=0&limit=25', '0:0:0:0:0:0:0:1', '/achievement/analyse', '12', '数据分析', 'info', '8');
INSERT INTO `t_log` VALUES ('865', null, 'GET', '2018-10-25 11:16:59', '_dc=1540437418757&month=二月&area=家乐房产中介东莞市分店&page=1&start=0&limit=25', '0:0:0:0:0:0:0:1', '/achievement/sort', '11', '业绩排行', 'info', '8');
INSERT INTO `t_log` VALUES ('866', null, 'GET', '2018-10-25 11:17:01', '_dc=1540437420518&month=三月&area=家乐房产中介东莞市分店&page=1&start=0&limit=25', '0:0:0:0:0:0:0:1', '/achievement', '11', '查询销售员月销售额', 'info', '8');
INSERT INTO `t_log` VALUES ('867', null, 'GET', '2018-10-25 11:17:01', '_dc=1540437420534&month=三月&area=家乐房产中介东莞市分店&page=1&start=0&limit=25', '0:0:0:0:0:0:0:1', '/achievement/analyse', '17', '数据分析', 'info', '8');
INSERT INTO `t_log` VALUES ('868', null, 'GET', '2018-10-25 11:17:01', '_dc=1540437420570&month=三月&area=家乐房产中介东莞市分店&page=1&start=0&limit=25', '0:0:0:0:0:0:0:1', '/achievement/sort', '9', '业绩排行', 'info', '8');
INSERT INTO `t_log` VALUES ('869', null, 'GET', '2018-10-25 11:17:02', '_dc=1540437422280&month=四月&area=家乐房产中介东莞市分店&page=1&start=0&limit=25', '0:0:0:0:0:0:0:1', '/achievement', '6', '查询销售员月销售额', 'info', '8');
INSERT INTO `t_log` VALUES ('870', null, 'GET', '2018-10-25 11:17:02', '_dc=1540437422289&month=四月&area=家乐房产中介东莞市分店&page=1&start=0&limit=25', '0:0:0:0:0:0:0:1', '/achievement/analyse', '11', '数据分析', 'info', '8');
INSERT INTO `t_log` VALUES ('871', null, 'GET', '2018-10-25 11:17:02', '_dc=1540437422299&month=四月&area=家乐房产中介东莞市分店&page=1&start=0&limit=25', '0:0:0:0:0:0:0:1', '/achievement/sort', '5', '业绩排行', 'info', '8');
INSERT INTO `t_log` VALUES ('872', null, 'GET', '2018-10-25 11:17:04', '_dc=1540437424329&month=一月&area=家乐房产中介东莞市分店&page=1&start=0&limit=25', '0:0:0:0:0:0:0:1', '/achievement', '6', '查询销售员月销售额', 'info', '8');
INSERT INTO `t_log` VALUES ('873', null, 'GET', '2018-10-25 11:17:04', '_dc=1540437424338&month=一月&area=家乐房产中介东莞市分店&page=1&start=0&limit=25', '0:0:0:0:0:0:0:1', '/achievement/analyse', '6', '数据分析', 'info', '8');
INSERT INTO `t_log` VALUES ('874', null, 'GET', '2018-10-25 11:17:04', '_dc=1540437424346&month=一月&area=家乐房产中介东莞市分店&page=1&start=0&limit=25', '0:0:0:0:0:0:0:1', '/achievement/sort', '6', '业绩排行', 'info', '8');
INSERT INTO `t_log` VALUES ('875', null, 'POST', '2018-10-25 11:20:19', '', '0:0:0:0:0:0:0:1', '/logout', '0', '退出登录', 'info', null);
INSERT INTO `t_log` VALUES ('876', null, 'POST', '2018-10-25 11:20:19', 'userId=8', '0:0:0:0:0:0:0:1', '/addressList/downStatus', '8', '离线', 'info', null);
INSERT INTO `t_log` VALUES ('877', null, 'GET', '2018-10-25 11:20:21', '_dc=1540437621441&page=1&start=0&limit=25', '0:0:0:0:0:0:0:1', '/achievement/findAllStore', '3', 'findAllStore', 'info', null);
INSERT INTO `t_log` VALUES ('878', null, 'POST', '2018-10-25 11:21:15', 'userName=WuLu&password=', '0:0:0:0:0:0:0:1', '/login', '94', '登录系统', 'info', '16');
INSERT INTO `t_log` VALUES ('879', null, 'POST', '2018-10-25 11:21:15', 'userId=16', '0:0:0:0:0:0:0:1', '/addressList/upStatus', '3', '在线', 'info', '16');
INSERT INTO `t_log` VALUES ('880', null, 'GET', '2018-10-25 11:21:15', '_dc=1540437675452&page=1&start=0&limit=25', '0:0:0:0:0:0:0:1', '/achievement/analyse', '10', '数据分析', 'info', '16');
INSERT INTO `t_log` VALUES ('881', null, 'GET', '2018-10-25 11:21:15', '_dc=1540437675451&page=1&start=0&limit=25', '0:0:0:0:0:0:0:1', '/achievement', '9', '查询销售员月销售额', 'info', '16');
INSERT INTO `t_log` VALUES ('882', null, 'GET', '2018-10-25 11:21:15', '_dc=1540437675453&page=1&start=0&limit=25', '0:0:0:0:0:0:0:1', '/achievement/findAllStore', '2', 'findAllStore', 'info', '16');
INSERT INTO `t_log` VALUES ('883', null, 'GET', '2018-10-25 11:21:15', '_dc=1540437675453&page=1&start=0&limit=25', '0:0:0:0:0:0:0:1', '/achievement/sort', '9', '业绩排行', 'info', '16');
INSERT INTO `t_log` VALUES ('884', null, 'POST', '2018-10-25 11:27:20', 'userId=16', '0:0:0:0:0:0:0:1', '/addressList/downStatus', '5', '离线', 'info', '16');
INSERT INTO `t_log` VALUES ('885', null, 'GET', '2018-10-25 11:27:22', '_dc=1540438041673&page=1&start=0&limit=25', '0:0:0:0:0:0:0:1', '/achievement/findAllStore', '3', 'findAllStore', 'info', '16');
INSERT INTO `t_log` VALUES ('886', null, 'GET', '2018-10-25 11:27:22', '_dc=1540438042029&page=1&start=0&limit=25', '0:0:0:0:0:0:0:1', '/achievement', '9', '查询销售员月销售额', 'info', '16');
INSERT INTO `t_log` VALUES ('887', null, 'GET', '2018-10-25 11:27:22', '_dc=1540438042066&page=1&start=0&limit=25', '0:0:0:0:0:0:0:1', '/achievement/findAllStore', '2', 'findAllStore', 'info', '16');
INSERT INTO `t_log` VALUES ('888', null, 'GET', '2018-10-25 11:27:22', '_dc=1540438042065&page=1&start=0&limit=25', '0:0:0:0:0:0:0:1', '/achievement/sort', '11', '业绩排行', 'info', '16');
INSERT INTO `t_log` VALUES ('889', null, 'GET', '2018-10-25 11:27:22', '_dc=1540438042056&page=1&start=0&limit=25', '0:0:0:0:0:0:0:1', '/achievement/analyse', '36', '数据分析', 'info', '16');
INSERT INTO `t_log` VALUES ('890', null, 'POST', '2018-10-25 11:27:27', '', '0:0:0:0:0:0:0:1', '/logout', '0', '退出登录', 'info', null);
INSERT INTO `t_log` VALUES ('891', null, 'GET', '2018-10-25 11:27:29', '_dc=1540438049048&page=1&start=0&limit=25', '0:0:0:0:0:0:0:1', '/achievement/findAllStore', '2', 'findAllStore', 'info', null);
INSERT INTO `t_log` VALUES ('892', null, 'POST', '2018-10-25 11:27:32', 'userName=JiaSi&password=', '0:0:0:0:0:0:0:1', '/login', '117', '登录系统', 'info', '17');
INSERT INTO `t_log` VALUES ('893', null, 'POST', '2018-10-25 11:27:32', 'userId=17', '0:0:0:0:0:0:0:1', '/addressList/upStatus', '7', '在线', 'info', '17');
INSERT INTO `t_log` VALUES ('894', null, 'GET', '2018-10-25 11:27:32', '_dc=1540438052259&page=1&start=0&limit=25', '0:0:0:0:0:0:0:1', '/achievement/analyse', '16', '数据分析', 'info', '17');
INSERT INTO `t_log` VALUES ('895', null, 'GET', '2018-10-25 11:27:32', '_dc=1540438052260&page=1&start=0&limit=25', '0:0:0:0:0:0:0:1', '/achievement/sort', '17', '业绩排行', 'info', '17');
INSERT INTO `t_log` VALUES ('896', null, 'GET', '2018-10-25 11:27:32', '_dc=1540438052258&page=1&start=0&limit=25', '0:0:0:0:0:0:0:1', '/achievement', '27', '查询销售员月销售额', 'info', '17');
INSERT INTO `t_log` VALUES ('897', null, 'GET', '2018-10-25 11:27:32', '_dc=1540438052260&page=1&start=0&limit=25', '0:0:0:0:0:0:0:1', '/achievement/findAllStore', '438', 'findAllStore', 'info', '17');
INSERT INTO `t_log` VALUES ('898', null, 'POST', '2018-10-25 11:32:17', '', '0:0:0:0:0:0:0:1', '/logout', '0', '退出登录', 'info', null);
INSERT INTO `t_log` VALUES ('899', null, 'POST', '2018-10-25 11:32:17', 'userId=17', '0:0:0:0:0:0:0:1', '/addressList/downStatus', '142', '离线', 'info', null);
INSERT INTO `t_log` VALUES ('900', null, 'GET', '2018-10-25 11:32:19', '_dc=1540438338845&page=1&start=0&limit=25', '0:0:0:0:0:0:0:1', '/achievement/findAllStore', '2', 'findAllStore', 'info', null);
INSERT INTO `t_log` VALUES ('901', null, 'POST', '2018-10-25 11:32:29', 'userName=LinJie&password=', '0:0:0:0:0:0:0:1', '/login', '285', '登录系统', 'info', '19');
INSERT INTO `t_log` VALUES ('902', null, 'POST', '2018-10-25 11:32:29', 'userId=19', '0:0:0:0:0:0:0:1', '/addressList/upStatus', '239', '在线', 'info', '19');
INSERT INTO `t_log` VALUES ('903', null, 'GET', '2018-10-25 11:32:29', '_dc=1540438349157&page=1&start=0&limit=25', '0:0:0:0:0:0:0:1', '/achievement', '242', '查询销售员月销售额', 'info', '19');
INSERT INTO `t_log` VALUES ('904', null, 'GET', '2018-10-25 11:32:29', '_dc=1540438349161&page=1&start=0&limit=25', '0:0:0:0:0:0:0:1', '/achievement/sort', '300', '业绩排行', 'info', '19');
INSERT INTO `t_log` VALUES ('905', null, 'GET', '2018-10-25 11:32:30', '_dc=1540438349415&page=1&start=0&limit=25', '0:0:0:0:0:0:0:1', '/achievement/findAllStore', '1', 'findAllStore', 'info', '19');
INSERT INTO `t_log` VALUES ('906', null, 'GET', '2018-10-25 11:32:29', '_dc=1540438349159&page=1&start=0&limit=25', '0:0:0:0:0:0:0:1', '/achievement/analyse', '497', '数据分析', 'info', '19');
INSERT INTO `t_log` VALUES ('907', null, 'POST', '2018-10-25 11:33:49', '', '0:0:0:0:0:0:0:1', '/logout', '0', '退出登录', 'info', null);
INSERT INTO `t_log` VALUES ('908', null, 'POST', '2018-10-25 11:33:49', 'userId=19', '0:0:0:0:0:0:0:1', '/addressList/downStatus', '7', '离线', 'info', null);
INSERT INTO `t_log` VALUES ('909', null, 'GET', '2018-10-25 11:33:51', '_dc=1540438431103&page=1&start=0&limit=25', '0:0:0:0:0:0:0:1', '/achievement/findAllStore', '2', 'findAllStore', 'info', null);
INSERT INTO `t_log` VALUES ('910', null, 'POST', '2018-10-25 11:33:54', 'userName=LinJie&password=', '0:0:0:0:0:0:0:1', '/login', '86', '登录系统', 'info', '19');
INSERT INTO `t_log` VALUES ('911', null, 'POST', '2018-10-25 11:33:54', 'userId=19', '0:0:0:0:0:0:0:1', '/addressList/upStatus', '7', '在线', 'info', '19');
INSERT INTO `t_log` VALUES ('912', null, 'GET', '2018-10-25 11:33:54', '_dc=1540438434344&page=1&start=0&limit=25', '0:0:0:0:0:0:0:1', '/achievement/findAllStore', '3', 'findAllStore', 'info', '19');
INSERT INTO `t_log` VALUES ('913', null, 'GET', '2018-10-25 11:33:54', '_dc=1540438434342&page=1&start=0&limit=25', '0:0:0:0:0:0:0:1', '/achievement', '38', '查询销售员月销售额', 'info', '19');
INSERT INTO `t_log` VALUES ('914', null, 'GET', '2018-10-25 11:33:54', '_dc=1540438434344&page=1&start=0&limit=25', '0:0:0:0:0:0:0:1', '/achievement/sort', '38', '业绩排行', 'info', '19');
INSERT INTO `t_log` VALUES ('915', null, 'GET', '2018-10-25 11:33:54', '_dc=1540438434343&page=1&start=0&limit=25', '0:0:0:0:0:0:0:1', '/achievement/analyse', '47', '数据分析', 'info', '19');
INSERT INTO `t_log` VALUES ('916', null, 'POST', '2018-10-25 11:37:48', '', '0:0:0:0:0:0:0:1', '/logout', '0', '退出登录', 'info', null);
INSERT INTO `t_log` VALUES ('917', null, 'POST', '2018-10-25 11:37:48', 'userId=19', '0:0:0:0:0:0:0:1', '/addressList/downStatus', '54', '离线', 'info', null);
INSERT INTO `t_log` VALUES ('918', null, 'GET', '2018-10-25 11:37:51', '_dc=1540438670604&page=1&start=0&limit=25', '0:0:0:0:0:0:0:1', '/achievement/findAllStore', '2', 'findAllStore', 'info', null);
INSERT INTO `t_log` VALUES ('919', null, 'POST', '2018-10-25 11:38:03', 'userName=LinGang&password=', '0:0:0:0:0:0:0:1', '/login', '32', '登录系统', 'info', '7');
INSERT INTO `t_log` VALUES ('920', null, 'POST', '2018-10-25 11:38:03', 'userId=7', '0:0:0:0:0:0:0:1', '/addressList/upStatus', '7', '在线', 'info', '7');
INSERT INTO `t_log` VALUES ('921', null, 'GET', '2018-10-25 11:38:03', '_dc=1540438683011&page=1&start=0&limit=25', '0:0:0:0:0:0:0:1', '/achievement/findAllStore', '2', 'findAllStore', 'info', '7');
INSERT INTO `t_log` VALUES ('922', null, 'GET', '2018-10-25 11:38:03', '_dc=1540438683011&page=1&start=0&limit=25', '0:0:0:0:0:0:0:1', '/achievement/sort', '258', '业绩排行', 'info', '7');
INSERT INTO `t_log` VALUES ('923', null, 'GET', '2018-10-25 11:38:03', '_dc=1540438683011&page=1&start=0&limit=25', '0:0:0:0:0:0:0:1', '/achievement/analyse', '309', '数据分析', 'info', '7');
INSERT INTO `t_log` VALUES ('924', null, 'GET', '2018-10-25 11:38:03', '_dc=1540438683010&page=1&start=0&limit=25', '0:0:0:0:0:0:0:1', '/achievement', '517', '查询销售员月销售额', 'info', '7');
INSERT INTO `t_log` VALUES ('925', null, 'POST', '2018-10-25 11:41:12', '', '0:0:0:0:0:0:0:1', '/logout', '0', '退出登录', 'info', null);
INSERT INTO `t_log` VALUES ('926', null, 'POST', '2018-10-25 11:41:12', 'userId=7', '0:0:0:0:0:0:0:1', '/addressList/downStatus', '42', '离线', 'info', null);
INSERT INTO `t_log` VALUES ('927', null, 'GET', '2018-10-25 11:41:14', '_dc=1540438874271&page=1&start=0&limit=25', '0:0:0:0:0:0:0:1', '/achievement/findAllStore', '2', 'findAllStore', 'info', null);
INSERT INTO `t_log` VALUES ('928', null, 'POST', '2018-10-25 11:41:21', 'userName=WangWu&password=', '0:0:0:0:0:0:0:1', '/login', '97', '登录系统', 'info', '12');
INSERT INTO `t_log` VALUES ('929', null, 'POST', '2018-10-25 11:41:21', 'userId=12', '0:0:0:0:0:0:0:1', '/addressList/upStatus', '8', '在线', 'info', '12');
INSERT INTO `t_log` VALUES ('930', null, 'GET', '2018-10-25 11:41:21', '_dc=1540438881025&page=1&start=0&limit=25', '0:0:0:0:0:0:0:1', '/achievement', '57', '查询销售员月销售额', 'info', '12');
INSERT INTO `t_log` VALUES ('931', null, 'GET', '2018-10-25 11:41:21', '_dc=1540438881027&page=1&start=0&limit=25', '0:0:0:0:0:0:0:1', '/achievement/findAllStore', '2', 'findAllStore', 'info', '12');
INSERT INTO `t_log` VALUES ('932', null, 'GET', '2018-10-25 11:41:21', '_dc=1540438881025&page=1&start=0&limit=25', '0:0:0:0:0:0:0:1', '/achievement/analyse', '202', '数据分析', 'info', '12');
INSERT INTO `t_log` VALUES ('933', null, 'GET', '2018-10-25 11:41:21', '_dc=1540438881026&page=1&start=0&limit=25', '0:0:0:0:0:0:0:1', '/achievement/sort', '212', '业绩排行', 'info', '12');
INSERT INTO `t_log` VALUES ('934', null, 'POST', '2018-10-25 11:44:38', '', '0:0:0:0:0:0:0:1', '/logout', '0', '退出登录', 'info', null);
INSERT INTO `t_log` VALUES ('935', null, 'POST', '2018-10-25 11:44:38', 'userId=12', '0:0:0:0:0:0:0:1', '/addressList/downStatus', '6', '离线', 'info', null);
INSERT INTO `t_log` VALUES ('936', null, 'GET', '2018-10-25 11:44:40', '_dc=1540439080221&page=1&start=0&limit=25', '0:0:0:0:0:0:0:1', '/achievement/findAllStore', '2', 'findAllStore', 'info', null);
INSERT INTO `t_log` VALUES ('937', null, 'POST', '2018-10-25 11:44:50', 'userName=GuLi&password=', '0:0:0:0:0:0:0:1', '/login', '9', '登录系统', 'info', '3');
INSERT INTO `t_log` VALUES ('938', null, 'POST', '2018-10-25 11:44:50', 'userId=3', '0:0:0:0:0:0:0:1', '/addressList/upStatus', '6', '在线', 'info', '3');
INSERT INTO `t_log` VALUES ('939', null, 'GET', '2018-10-25 11:44:50', '_dc=1540439090260&page=1&start=0&limit=25', '0:0:0:0:0:0:0:1', '/achievement/findAllStore', '3', 'findAllStore', 'info', '3');
INSERT INTO `t_log` VALUES ('940', null, 'GET', '2018-10-25 11:44:50', '_dc=1540439090256&page=1&start=0&limit=25', '0:0:0:0:0:0:0:1', '/achievement', '134', '查询销售员月销售额', 'info', '3');
INSERT INTO `t_log` VALUES ('941', null, 'GET', '2018-10-25 11:44:50', '_dc=1540439090258&page=1&start=0&limit=25', '0:0:0:0:0:0:0:1', '/achievement/analyse', '140', '数据分析', 'info', '3');
INSERT INTO `t_log` VALUES ('942', null, 'GET', '2018-10-25 11:44:50', '_dc=1540439090259&page=1&start=0&limit=25', '0:0:0:0:0:0:0:1', '/achievement/sort', '401', '业绩排行', 'info', '3');
INSERT INTO `t_log` VALUES ('943', null, 'POST', '2018-10-25 11:48:28', '', '0:0:0:0:0:0:0:1', '/logout', '0', '退出登录', 'info', null);
INSERT INTO `t_log` VALUES ('944', null, 'POST', '2018-10-25 11:48:28', 'userId=3', '0:0:0:0:0:0:0:1', '/addressList/downStatus', '21', '离线', 'info', null);
INSERT INTO `t_log` VALUES ('945', null, 'GET', '2018-10-25 11:48:30', '_dc=1540439310424&page=1&start=0&limit=25', '0:0:0:0:0:0:0:1', '/achievement/findAllStore', '2', 'findAllStore', 'info', null);
INSERT INTO `t_log` VALUES ('946', null, 'POST', '2018-10-25 11:48:37', 'userName=LinXiao&password=', '0:0:0:0:0:0:0:1', '/login', '16', '登录系统', 'info', '11');
INSERT INTO `t_log` VALUES ('947', null, 'POST', '2018-10-25 11:48:38', 'userId=11', '0:0:0:0:0:0:0:1', '/addressList/upStatus', '5', '在线', 'info', '11');
INSERT INTO `t_log` VALUES ('948', null, 'GET', '2018-10-25 11:48:38', '_dc=1540439317724&page=1&start=0&limit=25', '0:0:0:0:0:0:0:1', '/achievement/findAllStore', '4', 'findAllStore', 'info', '11');
INSERT INTO `t_log` VALUES ('949', null, 'GET', '2018-10-25 11:48:38', '_dc=1540439317723&page=1&start=0&limit=25', '0:0:0:0:0:0:0:1', '/achievement/sort', '102', '业绩排行', 'info', '11');
INSERT INTO `t_log` VALUES ('950', null, 'GET', '2018-10-25 11:48:38', '_dc=1540439317723&page=1&start=0&limit=25', '0:0:0:0:0:0:0:1', '/achievement/analyse', '172', '数据分析', 'info', '11');
INSERT INTO `t_log` VALUES ('951', null, 'GET', '2018-10-25 11:48:38', '_dc=1540439317721&page=1&start=0&limit=25', '0:0:0:0:0:0:0:1', '/achievement', '407', '查询销售员月销售额', 'info', '11');
INSERT INTO `t_log` VALUES ('952', null, 'GET', '2018-10-25 11:52:51', '_dc=1540439571350&month=二月&area=家乐房产中介东莞市东城分店&page=1&start=0&limit=25', '0:0:0:0:0:0:0:1', '/achievement/sort', '25', '业绩排行', 'info', '11');
INSERT INTO `t_log` VALUES ('953', null, 'GET', '2018-10-25 11:52:51', '_dc=1540439571332&month=二月&area=家乐房产中介东莞市东城分店&page=1&start=0&limit=25', '0:0:0:0:0:0:0:1', '/achievement/analyse', '40', '数据分析', 'info', '11');
INSERT INTO `t_log` VALUES ('954', null, 'GET', '2018-10-25 11:52:51', '_dc=1540439571313&month=二月&area=家乐房产中介东莞市东城分店&page=1&start=0&limit=25', '0:0:0:0:0:0:0:1', '/achievement', '33', '查询销售员月销售额', 'info', '11');
INSERT INTO `t_log` VALUES ('955', null, 'GET', '2018-10-25 11:52:53', '_dc=1540439572843&month=一月&area=家乐房产中介东莞市东城分店&page=1&start=0&limit=25', '0:0:0:0:0:0:0:1', '/achievement/analyse', '7', '数据分析', 'info', '11');
INSERT INTO `t_log` VALUES ('956', null, 'GET', '2018-10-25 11:52:53', '_dc=1540439572833&month=一月&area=家乐房产中介东莞市东城分店&page=1&start=0&limit=25', '0:0:0:0:0:0:0:1', '/achievement', '18', '查询销售员月销售额', 'info', '11');
INSERT INTO `t_log` VALUES ('957', null, 'GET', '2018-10-25 11:52:53', '_dc=1540439572853&month=一月&area=家乐房产中介东莞市东城分店&page=1&start=0&limit=25', '0:0:0:0:0:0:0:1', '/achievement/sort', '7', '业绩排行', 'info', '11');
INSERT INTO `t_log` VALUES ('958', null, 'GET', '2018-10-25 11:52:55', '_dc=1540439575025&month=一月&area=家乐房产中介东莞市分店&page=1&start=0&limit=25', '0:0:0:0:0:0:0:1', '/achievement', '27', '查询销售员月销售额', 'info', '11');
INSERT INTO `t_log` VALUES ('959', null, 'GET', '2018-10-25 11:52:55', '_dc=1540439575036&month=一月&area=家乐房产中介东莞市分店&page=1&start=0&limit=25', '0:0:0:0:0:0:0:1', '/achievement/analyse', '18', '数据分析', 'info', '11');
INSERT INTO `t_log` VALUES ('960', null, 'GET', '2018-10-25 11:52:55', '_dc=1540439575044&month=一月&area=家乐房产中介东莞市分店&page=1&start=0&limit=25', '0:0:0:0:0:0:0:1', '/achievement/sort', '17', '业绩排行', 'info', '11');
INSERT INTO `t_log` VALUES ('961', null, 'GET', '2018-10-25 11:52:58', '_dc=1540439578363&month=一月&area=家乐房产中介东莞市东城分店&page=1&start=0&limit=25', '0:0:0:0:0:0:0:1', '/achievement', '11', '查询销售员月销售额', 'info', '11');
INSERT INTO `t_log` VALUES ('962', null, 'GET', '2018-10-25 11:52:58', '_dc=1540439578376&month=一月&area=家乐房产中介东莞市东城分店&page=1&start=0&limit=25', '0:0:0:0:0:0:0:1', '/achievement/analyse', '91', '数据分析', 'info', '11');
INSERT INTO `t_log` VALUES ('963', null, 'GET', '2018-10-25 11:52:58', '_dc=1540439578389&month=一月&area=家乐房产中介东莞市东城分店&page=1&start=0&limit=25', '0:0:0:0:0:0:0:1', '/achievement/sort', '88', '业绩排行', 'info', '11');
INSERT INTO `t_log` VALUES ('964', null, 'GET', '2018-10-25 11:53:00', '_dc=1540439579629&month=二月&area=家乐房产中介东莞市东城分店&page=1&start=0&limit=25', '0:0:0:0:0:0:0:1', '/achievement', '8', '查询销售员月销售额', 'info', '11');
INSERT INTO `t_log` VALUES ('965', null, 'GET', '2018-10-25 11:53:00', '_dc=1540439579645&month=二月&area=家乐房产中介东莞市东城分店&page=1&start=0&limit=25', '0:0:0:0:0:0:0:1', '/achievement/analyse', '13', '数据分析', 'info', '11');
INSERT INTO `t_log` VALUES ('966', null, 'GET', '2018-10-25 11:53:00', '_dc=1540439579680&month=二月&area=家乐房产中介东莞市东城分店&page=1&start=0&limit=25', '0:0:0:0:0:0:0:1', '/achievement/sort', '12', '业绩排行', 'info', '11');
INSERT INTO `t_log` VALUES ('967', null, 'GET', '2018-10-25 11:53:01', '_dc=1540439581362&month=三月&area=家乐房产中介东莞市东城分店&page=1&start=0&limit=25', '0:0:0:0:0:0:0:1', '/achievement', '8', '查询销售员月销售额', 'info', '11');
INSERT INTO `t_log` VALUES ('968', null, 'GET', '2018-10-25 11:53:01', '_dc=1540439581447&month=三月&area=家乐房产中介东莞市东城分店&page=1&start=0&limit=25', '0:0:0:0:0:0:0:1', '/achievement/analyse', '14', '数据分析', 'info', '11');
INSERT INTO `t_log` VALUES ('969', null, 'GET', '2018-10-25 11:53:01', '_dc=1540439581456&month=三月&area=家乐房产中介东莞市东城分店&page=1&start=0&limit=25', '0:0:0:0:0:0:0:1', '/achievement/sort', '8', '业绩排行', 'info', '11');
INSERT INTO `t_log` VALUES ('970', null, 'GET', '2018-10-25 11:53:03', '_dc=1540439582809&month=一月&area=家乐房产中介东莞市东城分店&page=1&start=0&limit=25', '0:0:0:0:0:0:0:1', '/achievement', '9', '查询销售员月销售额', 'info', '11');
INSERT INTO `t_log` VALUES ('971', null, 'GET', '2018-10-25 11:53:03', '_dc=1540439582820&month=一月&area=家乐房产中介东莞市东城分店&page=1&start=0&limit=25', '0:0:0:0:0:0:0:1', '/achievement/analyse', '7', '数据分析', 'info', '11');
INSERT INTO `t_log` VALUES ('972', null, 'GET', '2018-10-25 11:53:03', '_dc=1540439582863&month=一月&area=家乐房产中介东莞市东城分店&page=1&start=0&limit=25', '0:0:0:0:0:0:0:1', '/achievement/sort', '12', '业绩排行', 'info', '11');
INSERT INTO `t_log` VALUES ('973', null, 'POST', '2018-10-25 11:53:31', '', '0:0:0:0:0:0:0:1', '/logout', '0', '退出登录', 'info', null);
INSERT INTO `t_log` VALUES ('974', null, 'POST', '2018-10-25 11:53:31', 'userId=11', '0:0:0:0:0:0:0:1', '/addressList/downStatus', '7', '离线', 'info', null);
INSERT INTO `t_log` VALUES ('975', null, 'GET', '2018-10-25 11:53:33', '_dc=1540439613452&page=1&start=0&limit=25', '0:0:0:0:0:0:0:1', '/achievement/findAllStore', '2', 'findAllStore', 'info', null);
INSERT INTO `t_log` VALUES ('976', null, 'POST', '2018-10-25 11:53:40', 'userName=LiYa&password=', '0:0:0:0:0:0:0:1', '/login', '322', '登录系统', 'info', '14');
INSERT INTO `t_log` VALUES ('977', null, 'POST', '2018-10-25 11:53:40', 'userId=14', '0:0:0:0:0:0:0:1', '/addressList/upStatus', '10', '在线', 'info', '14');
INSERT INTO `t_log` VALUES ('978', null, 'GET', '2018-10-25 11:53:40', '_dc=1540439620172&page=1&start=0&limit=25', '0:0:0:0:0:0:0:1', '/achievement/findAllStore', '3', 'findAllStore', 'info', '14');
INSERT INTO `t_log` VALUES ('979', null, 'GET', '2018-10-25 11:53:40', '_dc=1540439620169&page=1&start=0&limit=25', '0:0:0:0:0:0:0:1', '/achievement', '11', '查询销售员月销售额', 'info', '14');
INSERT INTO `t_log` VALUES ('980', null, 'GET', '2018-10-25 11:53:40', '_dc=1540439620170&page=1&start=0&limit=25', '0:0:0:0:0:0:0:1', '/achievement/analyse', '10', '数据分析', 'info', '14');
INSERT INTO `t_log` VALUES ('981', null, 'GET', '2018-10-25 11:53:40', '_dc=1540439620172&page=1&start=0&limit=25', '0:0:0:0:0:0:0:1', '/achievement/sort', '10', '业绩排行', 'info', '14');
INSERT INTO `t_log` VALUES ('982', null, 'POST', '2018-10-25 11:56:57', '', '0:0:0:0:0:0:0:1', '/logout', '0', '退出登录', 'info', null);
INSERT INTO `t_log` VALUES ('983', null, 'POST', '2018-10-25 11:56:57', 'userId=14', '0:0:0:0:0:0:0:1', '/addressList/downStatus', '6', '离线', 'info', null);
INSERT INTO `t_log` VALUES ('984', null, 'GET', '2018-10-25 11:57:00', '_dc=1540439819559&page=1&start=0&limit=25', '0:0:0:0:0:0:0:1', '/achievement/findAllStore', '2', 'findAllStore', 'info', null);
INSERT INTO `t_log` VALUES ('985', null, 'POST', '2018-10-25 11:57:03', 'userName=WuLu&password=', '0:0:0:0:0:0:0:1', '/login', '230', '登录系统', 'info', '16');
INSERT INTO `t_log` VALUES ('986', null, 'POST', '2018-10-25 11:57:03', 'userId=16', '0:0:0:0:0:0:0:1', '/addressList/upStatus', '5', '在线', 'info', '16');
INSERT INTO `t_log` VALUES ('987', null, 'GET', '2018-10-25 11:57:03', '_dc=1540439823248&page=1&start=0&limit=25', '0:0:0:0:0:0:0:1', '/achievement/findAllStore', '2', 'findAllStore', 'info', '16');
INSERT INTO `t_log` VALUES ('988', null, 'GET', '2018-10-25 11:57:03', '_dc=1540439823245&page=1&start=0&limit=25', '0:0:0:0:0:0:0:1', '/achievement', '108', '查询销售员月销售额', 'info', '16');
INSERT INTO `t_log` VALUES ('989', null, 'GET', '2018-10-25 11:57:03', '_dc=1540439823247&page=1&start=0&limit=25', '0:0:0:0:0:0:0:1', '/achievement/sort', '103', '业绩排行', 'info', '16');
INSERT INTO `t_log` VALUES ('990', null, 'GET', '2018-10-25 11:57:03', '_dc=1540439823247&page=1&start=0&limit=25', '0:0:0:0:0:0:0:1', '/achievement/analyse', '103', '数据分析', 'info', '16');
INSERT INTO `t_log` VALUES ('991', null, 'POST', '2018-10-25 11:59:59', 'userId=16', '0:0:0:0:0:0:0:1', '/addressList/downStatus', '8', '离线', 'info', '16');
INSERT INTO `t_log` VALUES ('992', null, 'GET', '2018-10-25 12:00:01', '_dc=1540440001376&page=1&start=0&limit=25', '0:0:0:0:0:0:0:1', '/achievement/findAllStore', '3', 'findAllStore', 'info', '16');
INSERT INTO `t_log` VALUES ('993', null, 'GET', '2018-10-25 12:00:02', '_dc=1540440001844&page=1&start=0&limit=25', '0:0:0:0:0:0:0:1', '/achievement', '11', '查询销售员月销售额', 'info', '16');
INSERT INTO `t_log` VALUES ('994', null, 'GET', '2018-10-25 12:00:02', '_dc=1540440001865&page=1&start=0&limit=25', '0:0:0:0:0:0:0:1', '/achievement/analyse', '10', '数据分析', 'info', '16');
INSERT INTO `t_log` VALUES ('995', null, 'GET', '2018-10-25 12:00:02', '_dc=1540440001891&page=1&start=0&limit=25', '0:0:0:0:0:0:0:1', '/achievement/findAllStore', '3', 'findAllStore', 'info', '16');
INSERT INTO `t_log` VALUES ('996', null, 'GET', '2018-10-25 12:00:02', '_dc=1540440001889&page=1&start=0&limit=25', '0:0:0:0:0:0:0:1', '/achievement/sort', '17', '业绩排行', 'info', '16');
INSERT INTO `t_log` VALUES ('997', null, 'GET', '2018-10-25 12:00:09', '_dc=1540440008755&page=1&start=0&limit=25', '0:0:0:0:0:0:0:1', '/notice', '248', '查看公告', 'info', '16');
INSERT INTO `t_log` VALUES ('998', null, 'GET', '2018-10-25 12:00:27', '_dc=1540440027446&page=1&start=0&limit=25', '0:0:0:0:0:0:0:1', '/achievement/findAllStore', '2', 'findAllStore', 'info', '16');
INSERT INTO `t_log` VALUES ('999', null, 'POST', '2018-10-25 12:00:39', 'userName=LiSi&password=', '0:0:0:0:0:0:0:1', '/login', '408', '登录系统', 'info', '4');
INSERT INTO `t_log` VALUES ('1000', null, 'GET', '2018-10-25 12:00:40', '_dc=1540440039453&page=1&start=0&limit=25', '0:0:0:0:0:0:0:1', '/achievement/findAllStore', '2', 'findAllStore', 'info', '4');
INSERT INTO `t_log` VALUES ('1001', null, 'GET', '2018-10-25 12:00:40', '_dc=1540440039449&page=1&start=0&limit=25', '0:0:0:0:0:0:0:1', '/achievement', '16', '查询销售员月销售额', 'info', '4');
INSERT INTO `t_log` VALUES ('1002', null, 'GET', '2018-10-25 12:00:40', '_dc=1540440039452&page=1&start=0&limit=25', '0:0:0:0:0:0:0:1', '/achievement/sort', '10', '业绩排行', 'info', '4');
INSERT INTO `t_log` VALUES ('1003', null, 'GET', '2018-10-25 12:00:40', '_dc=1540440039450&page=1&start=0&limit=25', '0:0:0:0:0:0:0:1', '/achievement/analyse', '14', '数据分析', 'info', '4');
INSERT INTO `t_log` VALUES ('1004', null, 'POST', '2018-10-25 12:00:40', 'userId=4', '0:0:0:0:0:0:0:1', '/addressList/upStatus', '5', '在线', 'info', '4');
INSERT INTO `t_log` VALUES ('1005', null, 'POST', '2018-10-25 12:05:17', 'userId=4', '0:0:0:0:0:0:0:1', '/addressList/downStatus', '4', '离线', 'info', '4');
INSERT INTO `t_log` VALUES ('1006', null, 'GET', '2018-10-25 12:05:19', '_dc=1540440318969&page=1&start=0&limit=25', '0:0:0:0:0:0:0:1', '/achievement/findAllStore', '2', 'findAllStore', 'info', '4');
INSERT INTO `t_log` VALUES ('1007', null, 'GET', '2018-10-25 12:05:19', '_dc=1540440319328&page=1&start=0&limit=25', '0:0:0:0:0:0:0:1', '/achievement', '9', '查询销售员月销售额', 'info', '4');
INSERT INTO `t_log` VALUES ('1008', null, 'GET', '2018-10-25 12:05:19', '_dc=1540440319345&page=1&start=0&limit=25', '0:0:0:0:0:0:0:1', '/achievement/analyse', '9', '数据分析', 'info', '4');
INSERT INTO `t_log` VALUES ('1009', null, 'GET', '2018-10-25 12:05:19', '_dc=1540440319356&page=1&start=0&limit=25', '0:0:0:0:0:0:0:1', '/achievement/findAllStore', '2', 'findAllStore', 'info', '4');
INSERT INTO `t_log` VALUES ('1010', null, 'GET', '2018-10-25 12:05:19', '_dc=1540440319355&page=1&start=0&limit=25', '0:0:0:0:0:0:0:1', '/achievement/sort', '10', '业绩排行', 'info', '4');
INSERT INTO `t_log` VALUES ('1011', null, 'POST', '2018-10-25 12:05:23', '', '0:0:0:0:0:0:0:1', '/logout', '0', '退出登录', 'info', null);
INSERT INTO `t_log` VALUES ('1012', null, 'GET', '2018-10-25 12:05:24', '_dc=1540440324398&page=1&start=0&limit=25', '0:0:0:0:0:0:0:1', '/achievement/findAllStore', '3', 'findAllStore', 'info', null);
INSERT INTO `t_log` VALUES ('1013', null, 'POST', '2018-10-25 12:05:33', 'userName=LinXiao&password=', '0:0:0:0:0:0:0:1', '/login', '43', '登录系统', 'info', '11');
INSERT INTO `t_log` VALUES ('1014', null, 'POST', '2018-10-25 12:05:33', 'userId=11', '0:0:0:0:0:0:0:1', '/addressList/upStatus', '8', '在线', 'info', '11');
INSERT INTO `t_log` VALUES ('1015', null, 'GET', '2018-10-25 12:05:33', '_dc=1540440333208&page=1&start=0&limit=25', '0:0:0:0:0:0:0:1', '/achievement/findAllStore', '3', 'findAllStore', 'info', '11');
INSERT INTO `t_log` VALUES ('1016', null, 'GET', '2018-10-25 12:05:33', '_dc=1540440333206&page=1&start=0&limit=25', '0:0:0:0:0:0:0:1', '/achievement/analyse', '13', '数据分析', 'info', '11');
INSERT INTO `t_log` VALUES ('1017', null, 'GET', '2018-10-25 12:05:33', '_dc=1540440333205&page=1&start=0&limit=25', '0:0:0:0:0:0:0:1', '/achievement', '13', '查询销售员月销售额', 'info', '11');
INSERT INTO `t_log` VALUES ('1018', null, 'GET', '2018-10-25 12:05:33', '_dc=1540440333207&page=1&start=0&limit=25', '0:0:0:0:0:0:0:1', '/achievement/sort', '12', '业绩排行', 'info', '11');
INSERT INTO `t_log` VALUES ('1019', null, 'POST', '2018-10-25 12:05:50', '', '0:0:0:0:0:0:0:1', '/logout', '0', '退出登录', 'info', null);
INSERT INTO `t_log` VALUES ('1020', null, 'POST', '2018-10-25 12:05:50', 'userId=11', '0:0:0:0:0:0:0:1', '/addressList/downStatus', '9', '离线', 'info', null);
INSERT INTO `t_log` VALUES ('1021', null, 'GET', '2018-10-25 12:05:52', '_dc=1540440351901&page=1&start=0&limit=25', '0:0:0:0:0:0:0:1', '/achievement/findAllStore', '3', 'findAllStore', 'info', null);
INSERT INTO `t_log` VALUES ('1022', null, 'POST', '2018-10-25 12:05:55', 'userName=LinXiao&password=', '0:0:0:0:0:0:0:1', '/login', '114', '登录系统', 'info', '11');
INSERT INTO `t_log` VALUES ('1023', null, 'POST', '2018-10-25 12:05:55', 'userId=11', '0:0:0:0:0:0:0:1', '/addressList/upStatus', '8', '在线', 'info', '11');
INSERT INTO `t_log` VALUES ('1024', null, 'GET', '2018-10-25 12:05:55', '_dc=1540440355475&page=1&start=0&limit=25', '0:0:0:0:0:0:0:1', '/achievement', '11', '查询销售员月销售额', 'info', '11');
INSERT INTO `t_log` VALUES ('1025', null, 'GET', '2018-10-25 12:05:55', '_dc=1540440355476&page=1&start=0&limit=25', '0:0:0:0:0:0:0:1', '/achievement/sort', '10', '业绩排行', 'info', '11');
INSERT INTO `t_log` VALUES ('1026', null, 'GET', '2018-10-25 12:05:55', '_dc=1540440355476&page=1&start=0&limit=25', '0:0:0:0:0:0:0:1', '/achievement/analyse', '12', '数据分析', 'info', '11');
INSERT INTO `t_log` VALUES ('1027', null, 'GET', '2018-10-25 12:05:56', '_dc=1540440355477&page=1&start=0&limit=25', '0:0:0:0:0:0:0:1', '/achievement/findAllStore', '3', 'findAllStore', 'info', '11');
INSERT INTO `t_log` VALUES ('1028', null, 'POST', '2018-10-25 12:07:38', '', '0:0:0:0:0:0:0:1', '/logout', '0', '退出登录', 'info', null);
INSERT INTO `t_log` VALUES ('1029', null, 'POST', '2018-10-25 12:07:38', 'userId=11', '0:0:0:0:0:0:0:1', '/addressList/downStatus', '25', '离线', 'info', null);
INSERT INTO `t_log` VALUES ('1030', null, 'GET', '2018-10-25 12:07:40', '_dc=1540440460365&page=1&start=0&limit=25', '0:0:0:0:0:0:0:1', '/achievement/findAllStore', '2', 'findAllStore', 'info', null);
INSERT INTO `t_log` VALUES ('1031', null, 'POST', '2018-10-25 12:07:46', 'userName=LiJun&password=', '0:0:0:0:0:0:0:1', '/login', '67', '登录系统', 'info', '10');
INSERT INTO `t_log` VALUES ('1032', null, 'POST', '2018-10-25 12:07:46', 'userId=10', '0:0:0:0:0:0:0:1', '/addressList/upStatus', '7', '在线', 'info', '10');
INSERT INTO `t_log` VALUES ('1033', null, 'GET', '2018-10-25 12:07:46', '_dc=1540440465810&page=1&start=0&limit=25', '0:0:0:0:0:0:0:1', '/achievement', '125', '查询销售员月销售额', 'info', '10');
INSERT INTO `t_log` VALUES ('1034', null, 'GET', '2018-10-25 12:07:46', '_dc=1540440465812&page=1&start=0&limit=25', '0:0:0:0:0:0:0:1', '/achievement/findAllStore', '144', 'findAllStore', 'info', '10');
INSERT INTO `t_log` VALUES ('1035', null, 'GET', '2018-10-25 12:07:46', '_dc=1540440465812&page=1&start=0&limit=25', '0:0:0:0:0:0:0:1', '/achievement/sort', '197', '业绩排行', 'info', '10');
INSERT INTO `t_log` VALUES ('1036', null, 'GET', '2018-10-25 12:07:46', '_dc=1540440465811&page=1&start=0&limit=25', '0:0:0:0:0:0:0:1', '/achievement/analyse', '289', '数据分析', 'info', '10');
INSERT INTO `t_log` VALUES ('1037', null, 'POST', '2018-10-25 12:09:21', 'userId=10', '0:0:0:0:0:0:0:1', '/addressList/downStatus', '6', '离线', 'info', '10');
INSERT INTO `t_log` VALUES ('1038', null, 'GET', '2018-10-25 12:09:23', '_dc=1540440563071&page=1&start=0&limit=25', '0:0:0:0:0:0:0:1', '/achievement/findAllStore', '2', 'findAllStore', 'info', '10');
INSERT INTO `t_log` VALUES ('1039', null, 'GET', '2018-10-25 12:09:23', '_dc=1540440563462&page=1&start=0&limit=25', '0:0:0:0:0:0:0:1', '/achievement', '15', '查询销售员月销售额', 'info', '10');
INSERT INTO `t_log` VALUES ('1040', null, 'GET', '2018-10-25 12:09:24', '_dc=1540440563512&page=1&start=0&limit=25', '0:0:0:0:0:0:0:1', '/achievement/findAllStore', '1', 'findAllStore', 'info', '10');
INSERT INTO `t_log` VALUES ('1041', null, 'GET', '2018-10-25 12:09:24', '_dc=1540440563509&page=1&start=0&limit=25', '0:0:0:0:0:0:0:1', '/achievement/sort', '15', '业绩排行', 'info', '10');
INSERT INTO `t_log` VALUES ('1042', null, 'GET', '2018-10-25 12:09:24', '_dc=1540440563497&page=1&start=0&limit=25', '0:0:0:0:0:0:0:1', '/achievement/analyse', '86', '数据分析', 'info', '10');
INSERT INTO `t_log` VALUES ('1043', null, 'GET', '2018-10-25 12:09:30', '_dc=1540440569651&month=二月&area=家乐房产中介东莞市东城分店&page=1&start=0&limit=25', '0:0:0:0:0:0:0:1', '/achievement', '8', '查询销售员月销售额', 'info', '10');
INSERT INTO `t_log` VALUES ('1044', null, 'GET', '2018-10-25 12:09:30', '_dc=1540440569672&month=二月&area=家乐房产中介东莞市东城分店&page=1&start=0&limit=25', '0:0:0:0:0:0:0:1', '/achievement/sort', '7', '业绩排行', 'info', '10');
INSERT INTO `t_log` VALUES ('1045', null, 'GET', '2018-10-25 12:09:30', '_dc=1540440569662&month=二月&area=家乐房产中介东莞市东城分店&page=1&start=0&limit=25', '0:0:0:0:0:0:0:1', '/achievement/analyse', '13', '数据分析', 'info', '10');
INSERT INTO `t_log` VALUES ('1046', null, 'GET', '2018-10-25 12:09:31', '_dc=1540440571115&month=三月&area=家乐房产中介东莞市东城分店&page=1&start=0&limit=25', '0:0:0:0:0:0:0:1', '/achievement', '9', '查询销售员月销售额', 'info', '10');
INSERT INTO `t_log` VALUES ('1047', null, 'GET', '2018-10-25 12:09:31', '_dc=1540440571128&month=三月&area=家乐房产中介东莞市东城分店&page=1&start=0&limit=25', '0:0:0:0:0:0:0:1', '/achievement/analyse', '13', '数据分析', 'info', '10');
INSERT INTO `t_log` VALUES ('1048', null, 'GET', '2018-10-25 12:09:31', '_dc=1540440571140&month=三月&area=家乐房产中介东莞市东城分店&page=1&start=0&limit=25', '0:0:0:0:0:0:0:1', '/achievement/sort', '9', '业绩排行', 'info', '10');
INSERT INTO `t_log` VALUES ('1049', null, 'GET', '2018-10-25 12:09:33', '_dc=1540440573183&month=三月&area=家乐房产中介东莞市分店&page=1&start=0&limit=25', '0:0:0:0:0:0:0:1', '/achievement', '10', '查询销售员月销售额', 'info', '10');
INSERT INTO `t_log` VALUES ('1050', null, 'GET', '2018-10-25 12:09:33', '_dc=1540440573208&month=三月&area=家乐房产中介东莞市分店&page=1&start=0&limit=25', '0:0:0:0:0:0:0:1', '/achievement/sort', '10', '业绩排行', 'info', '10');
INSERT INTO `t_log` VALUES ('1051', null, 'GET', '2018-10-25 12:09:33', '_dc=1540440573198&month=三月&area=家乐房产中介东莞市分店&page=1&start=0&limit=25', '0:0:0:0:0:0:0:1', '/achievement/analyse', '20', '数据分析', 'info', '10');
INSERT INTO `t_log` VALUES ('1052', null, 'GET', '2018-10-25 12:09:38', '_dc=1540440577609&month=一月&area=家乐房产中介东莞市分店&page=1&start=0&limit=25', '0:0:0:0:0:0:0:1', '/achievement', '7', '查询销售员月销售额', 'info', '10');
INSERT INTO `t_log` VALUES ('1053', null, 'GET', '2018-10-25 12:09:38', '_dc=1540440577619&month=一月&area=家乐房产中介东莞市分店&page=1&start=0&limit=25', '0:0:0:0:0:0:0:1', '/achievement/analyse', '6', '数据分析', 'info', '10');
INSERT INTO `t_log` VALUES ('1054', null, 'GET', '2018-10-25 12:09:38', '_dc=1540440577629&month=一月&area=家乐房产中介东莞市分店&page=1&start=0&limit=25', '0:0:0:0:0:0:0:1', '/achievement/sort', '9', '业绩排行', 'info', '10');
INSERT INTO `t_log` VALUES ('1055', null, 'GET', '2018-10-25 12:09:44', '_dc=1540440584310&month=一月&area=家乐房产中介东莞市东城分店&page=1&start=0&limit=25', '0:0:0:0:0:0:0:1', '/achievement', '12', '查询销售员月销售额', 'info', '10');
INSERT INTO `t_log` VALUES ('1056', null, 'GET', '2018-10-25 12:09:44', '_dc=1540440584329&month=一月&area=家乐房产中介东莞市东城分店&page=1&start=0&limit=25', '0:0:0:0:0:0:0:1', '/achievement/analyse', '10', '数据分析', 'info', '10');
INSERT INTO `t_log` VALUES ('1057', null, 'GET', '2018-10-25 12:09:44', '_dc=1540440584337&month=一月&area=家乐房产中介东莞市东城分店&page=1&start=0&limit=25', '0:0:0:0:0:0:0:1', '/achievement/sort', '10', '业绩排行', 'info', '10');
INSERT INTO `t_log` VALUES ('1058', null, 'POST', '2018-10-25 12:09:55', '', '0:0:0:0:0:0:0:1', '/logout', '0', '退出登录', 'info', null);
INSERT INTO `t_log` VALUES ('1059', null, 'GET', '2018-10-25 12:09:57', '_dc=1540440597120&page=1&start=0&limit=25', '0:0:0:0:0:0:0:1', '/achievement/findAllStore', '2', 'findAllStore', 'info', null);
INSERT INTO `t_log` VALUES ('1060', null, 'POST', '2018-10-25 12:10:15', 'userName=GuLi&password=', '0:0:0:0:0:0:0:1', '/login', '73', '登录系统', 'info', '3');
INSERT INTO `t_log` VALUES ('1061', null, 'POST', '2018-10-25 12:10:15', 'userId=3', '0:0:0:0:0:0:0:1', '/addressList/upStatus', '5', '在线', 'info', '3');
INSERT INTO `t_log` VALUES ('1062', null, 'GET', '2018-10-25 12:10:15', '_dc=1540440615026&page=1&start=0&limit=25', '0:0:0:0:0:0:0:1', '/achievement', '93', '查询销售员月销售额', 'info', '3');
INSERT INTO `t_log` VALUES ('1063', null, 'GET', '2018-10-25 12:10:15', '_dc=1540440615027&page=1&start=0&limit=25', '0:0:0:0:0:0:0:1', '/achievement/analyse', '91', '数据分析', 'info', '3');
INSERT INTO `t_log` VALUES ('1064', null, 'GET', '2018-10-25 12:10:15', '_dc=1540440615029&page=1&start=0&limit=25', '0:0:0:0:0:0:0:1', '/achievement/findAllStore', '126', 'findAllStore', 'info', '3');
INSERT INTO `t_log` VALUES ('1065', null, 'GET', '2018-10-25 12:10:15', '_dc=1540440615028&page=1&start=0&limit=25', '0:0:0:0:0:0:0:1', '/achievement/sort', '130', '业绩排行', 'info', '3');
INSERT INTO `t_log` VALUES ('1066', null, 'GET', '2018-10-25 12:10:21', '_dc=1540440620879&month=二月&area=家乐房产中介东莞市东城分店&page=1&start=0&limit=25', '0:0:0:0:0:0:0:1', '/achievement/analyse', '11', '数据分析', 'info', '3');
INSERT INTO `t_log` VALUES ('1067', null, 'GET', '2018-10-25 12:10:21', '_dc=1540440620870&month=二月&area=家乐房产中介东莞市东城分店&page=1&start=0&limit=25', '0:0:0:0:0:0:0:1', '/achievement', '22', '查询销售员月销售额', 'info', '3');
INSERT INTO `t_log` VALUES ('1068', null, 'GET', '2018-10-25 12:10:21', '_dc=1540440620888&month=二月&area=家乐房产中介东莞市东城分店&page=1&start=0&limit=25', '0:0:0:0:0:0:0:1', '/achievement/sort', '8', '业绩排行', 'info', '3');
INSERT INTO `t_log` VALUES ('1069', null, 'GET', '2018-10-25 12:10:25', '_dc=1540440624780&month=四月&area=家乐房产中介东莞市东城分店&page=1&start=0&limit=25', '0:0:0:0:0:0:0:1', '/achievement/sort', '8', '业绩排行', 'info', '3');
INSERT INTO `t_log` VALUES ('1070', null, 'GET', '2018-10-25 12:10:25', '_dc=1540440624772&month=四月&area=家乐房产中介东莞市东城分店&page=1&start=0&limit=25', '0:0:0:0:0:0:0:1', '/achievement/analyse', '26', '数据分析', 'info', '3');
INSERT INTO `t_log` VALUES ('1071', null, 'GET', '2018-10-25 12:10:25', '_dc=1540440624762&month=四月&area=家乐房产中介东莞市东城分店&page=1&start=0&limit=25', '0:0:0:0:0:0:0:1', '/achievement', '50', '查询销售员月销售额', 'info', '3');
INSERT INTO `t_log` VALUES ('1072', null, 'GET', '2018-10-25 12:10:27', '_dc=1540440626625&month=五月&area=家乐房产中介东莞市东城分店&page=1&start=0&limit=25', '0:0:0:0:0:0:0:1', '/achievement', '7', '查询销售员月销售额', 'info', '3');
INSERT INTO `t_log` VALUES ('1073', null, 'GET', '2018-10-25 12:10:27', '_dc=1540440626635&month=五月&area=家乐房产中介东莞市东城分店&page=1&start=0&limit=25', '0:0:0:0:0:0:0:1', '/achievement/analyse', '12', '数据分析', 'info', '3');
INSERT INTO `t_log` VALUES ('1074', null, 'GET', '2018-10-25 12:10:27', '_dc=1540440626645&month=五月&area=家乐房产中介东莞市东城分店&page=1&start=0&limit=25', '0:0:0:0:0:0:0:1', '/achievement/sort', '6', '业绩排行', 'info', '3');
INSERT INTO `t_log` VALUES ('1075', null, 'GET', '2018-10-25 12:10:29', '_dc=1540440629052&month=五月&area=家乐房产中介东莞市分店&page=1&start=0&limit=25', '0:0:0:0:0:0:0:1', '/achievement', '7', '查询销售员月销售额', 'info', '3');
INSERT INTO `t_log` VALUES ('1076', null, 'GET', '2018-10-25 12:10:29', '_dc=1540440629073&month=五月&area=家乐房产中介东莞市分店&page=1&start=0&limit=25', '0:0:0:0:0:0:0:1', '/achievement/sort', '10', '业绩排行', 'info', '3');
INSERT INTO `t_log` VALUES ('1077', null, 'GET', '2018-10-25 12:10:29', '_dc=1540440629062&month=五月&area=家乐房产中介东莞市分店&page=1&start=0&limit=25', '0:0:0:0:0:0:0:1', '/achievement/analyse', '17', '数据分析', 'info', '3');
INSERT INTO `t_log` VALUES ('1078', null, 'GET', '2018-10-25 12:10:37', '_dc=1540440637173&month=五月&area=家乐房产中介东莞市南城分店&page=1&start=0&limit=25', '0:0:0:0:0:0:0:1', '/achievement', '5', '查询销售员月销售额', 'info', '3');
INSERT INTO `t_log` VALUES ('1079', null, 'GET', '2018-10-25 12:10:37', '_dc=1540440637189&month=五月&area=家乐房产中介东莞市南城分店&page=1&start=0&limit=25', '0:0:0:0:0:0:0:1', '/achievement/analyse', '4', '数据分析', 'info', '3');
INSERT INTO `t_log` VALUES ('1080', null, 'GET', '2018-10-25 12:10:37', '_dc=1540440637199&month=五月&area=家乐房产中介东莞市南城分店&page=1&start=0&limit=25', '0:0:0:0:0:0:0:1', '/achievement/sort', '4', '业绩排行', 'info', '3');
INSERT INTO `t_log` VALUES ('1081', null, 'GET', '2018-10-25 12:10:40', '_dc=1540440639492&month=五月&area=家乐房产中介东莞市东城分店&page=1&start=0&limit=25', '0:0:0:0:0:0:0:1', '/achievement/sort', '14', '业绩排行', 'info', '3');
INSERT INTO `t_log` VALUES ('1082', null, 'GET', '2018-10-25 12:10:39', '_dc=1540440639462&month=五月&area=家乐房产中介东莞市东城分店&page=1&start=0&limit=25', '0:0:0:0:0:0:0:1', '/achievement', '13', '查询销售员月销售额', 'info', '3');
INSERT INTO `t_log` VALUES ('1083', null, 'GET', '2018-10-25 12:10:40', '_dc=1540440639478&month=五月&area=家乐房产中介东莞市东城分店&page=1&start=0&limit=25', '0:0:0:0:0:0:0:1', '/achievement/analyse', '23', '数据分析', 'info', '3');
INSERT INTO `t_log` VALUES ('1084', null, 'GET', '2018-10-25 12:10:41', '_dc=1540440641057&month=一月&area=家乐房产中介东莞市东城分店&page=1&start=0&limit=25', '0:0:0:0:0:0:0:1', '/achievement/analyse', '6', '数据分析', 'info', '3');
INSERT INTO `t_log` VALUES ('1085', null, 'GET', '2018-10-25 12:10:41', '_dc=1540440641048&month=一月&area=家乐房产中介东莞市东城分店&page=1&start=0&limit=25', '0:0:0:0:0:0:0:1', '/achievement', '15', '查询销售员月销售额', 'info', '3');
INSERT INTO `t_log` VALUES ('1086', null, 'GET', '2018-10-25 12:10:41', '_dc=1540440641065&month=一月&area=家乐房产中介东莞市东城分店&page=1&start=0&limit=25', '0:0:0:0:0:0:0:1', '/achievement/sort', '8', '业绩排行', 'info', '3');
INSERT INTO `t_log` VALUES ('1087', null, 'GET', '2018-10-25 12:10:43', '_dc=1540440642774&month=二月&area=家乐房产中介东莞市东城分店&page=1&start=0&limit=25', '0:0:0:0:0:0:0:1', '/achievement', '9', '查询销售员月销售额', 'info', '3');
INSERT INTO `t_log` VALUES ('1088', null, 'GET', '2018-10-25 12:10:43', '_dc=1540440642786&month=二月&area=家乐房产中介东莞市东城分店&page=1&start=0&limit=25', '0:0:0:0:0:0:0:1', '/achievement/analyse', '29', '数据分析', 'info', '3');
INSERT INTO `t_log` VALUES ('1089', null, 'GET', '2018-10-25 12:10:43', '_dc=1540440642799&month=二月&area=家乐房产中介东莞市东城分店&page=1&start=0&limit=25', '0:0:0:0:0:0:0:1', '/achievement/sort', '9', '业绩排行', 'info', '3');
INSERT INTO `t_log` VALUES ('1090', null, 'GET', '2018-10-25 12:10:46', '_dc=1540440646239&month=一月&area=家乐房产中介东莞市东城分店&page=1&start=0&limit=25', '0:0:0:0:0:0:0:1', '/achievement', '7', '查询销售员月销售额', 'info', '3');
INSERT INTO `t_log` VALUES ('1091', null, 'GET', '2018-10-25 12:10:46', '_dc=1540440646253&month=一月&area=家乐房产中介东莞市东城分店&page=1&start=0&limit=25', '0:0:0:0:0:0:0:1', '/achievement/analyse', '6', '数据分析', 'info', '3');
INSERT INTO `t_log` VALUES ('1092', null, 'GET', '2018-10-25 12:10:46', '_dc=1540440646263&month=一月&area=家乐房产中介东莞市东城分店&page=1&start=0&limit=25', '0:0:0:0:0:0:0:1', '/achievement/sort', '9', '业绩排行', 'info', '3');
INSERT INTO `t_log` VALUES ('1093', null, 'GET', '2018-10-25 12:10:53', '_dc=1540440653142&month=二月&area=家乐房产中介东莞市东城分店&page=1&start=0&limit=25', '0:0:0:0:0:0:0:1', '/achievement', '7', '查询销售员月销售额', 'info', '3');
INSERT INTO `t_log` VALUES ('1094', null, 'GET', '2018-10-25 12:10:53', '_dc=1540440653154&month=二月&area=家乐房产中介东莞市东城分店&page=1&start=0&limit=25', '0:0:0:0:0:0:0:1', '/achievement/analyse', '11', '数据分析', 'info', '3');
INSERT INTO `t_log` VALUES ('1095', null, 'GET', '2018-10-25 12:10:53', '_dc=1540440653175&month=二月&area=家乐房产中介东莞市东城分店&page=1&start=0&limit=25', '0:0:0:0:0:0:0:1', '/achievement/sort', '10', '业绩排行', 'info', '3');
INSERT INTO `t_log` VALUES ('1096', null, 'GET', '2018-10-25 12:11:02', '_dc=1540440662405&month=三月&area=家乐房产中介东莞市东城分店&page=1&start=0&limit=25', '0:0:0:0:0:0:0:1', '/achievement', '16', '查询销售员月销售额', 'info', '3');
INSERT INTO `t_log` VALUES ('1097', null, 'GET', '2018-10-25 12:11:02', '_dc=1540440662420&month=三月&area=家乐房产中介东莞市东城分店&page=1&start=0&limit=25', '0:0:0:0:0:0:0:1', '/achievement/analyse', '21', '数据分析', 'info', '3');
INSERT INTO `t_log` VALUES ('1098', null, 'GET', '2018-10-25 12:11:02', '_dc=1540440662437&month=三月&area=家乐房产中介东莞市东城分店&page=1&start=0&limit=25', '0:0:0:0:0:0:0:1', '/achievement/sort', '8', '业绩排行', 'info', '3');
INSERT INTO `t_log` VALUES ('1099', null, 'GET', '2018-10-25 12:11:04', '_dc=1540440664304&month=四月&area=家乐房产中介东莞市东城分店&page=1&start=0&limit=25', '0:0:0:0:0:0:0:1', '/achievement', '26', '查询销售员月销售额', 'info', '3');
INSERT INTO `t_log` VALUES ('1100', null, 'GET', '2018-10-25 12:11:04', '_dc=1540440664333&month=四月&area=家乐房产中介东莞市东城分店&page=1&start=0&limit=25', '0:0:0:0:0:0:0:1', '/achievement/analyse', '11', '数据分析', 'info', '3');
INSERT INTO `t_log` VALUES ('1101', null, 'GET', '2018-10-25 12:11:04', '_dc=1540440664344&month=四月&area=家乐房产中介东莞市东城分店&page=1&start=0&limit=25', '0:0:0:0:0:0:0:1', '/achievement/sort', '9', '业绩排行', 'info', '3');
INSERT INTO `t_log` VALUES ('1102', null, 'GET', '2018-10-25 12:11:06', '_dc=1540440666448&month=四月&area=家乐房产中介东莞市分店&page=1&start=0&limit=25', '0:0:0:0:0:0:0:1', '/achievement', '6', '查询销售员月销售额', 'info', '3');
INSERT INTO `t_log` VALUES ('1103', null, 'GET', '2018-10-25 12:11:06', '_dc=1540440666463&month=四月&area=家乐房产中介东莞市分店&page=1&start=0&limit=25', '0:0:0:0:0:0:0:1', '/achievement/sort', '6', '业绩排行', 'info', '3');
INSERT INTO `t_log` VALUES ('1104', null, 'GET', '2018-10-25 12:11:06', '_dc=1540440666455&month=四月&area=家乐房产中介东莞市分店&page=1&start=0&limit=25', '0:0:0:0:0:0:0:1', '/achievement/analyse', '14', '数据分析', 'info', '3');
INSERT INTO `t_log` VALUES ('1105', null, 'GET', '2018-10-25 12:11:08', '_dc=1540440667976&month=五月&area=家乐房产中介东莞市分店&page=1&start=0&limit=25', '0:0:0:0:0:0:0:1', '/achievement', '7', '查询销售员月销售额', 'info', '3');
INSERT INTO `t_log` VALUES ('1106', null, 'GET', '2018-10-25 12:11:08', '_dc=1540440668012&month=五月&area=家乐房产中介东莞市分店&page=1&start=0&limit=25', '0:0:0:0:0:0:0:1', '/achievement/analyse', '10', '数据分析', 'info', '3');
INSERT INTO `t_log` VALUES ('1107', null, 'GET', '2018-10-25 12:11:08', '_dc=1540440668020&month=五月&area=家乐房产中介东莞市分店&page=1&start=0&limit=25', '0:0:0:0:0:0:0:1', '/achievement/sort', '6', '业绩排行', 'info', '3');
INSERT INTO `t_log` VALUES ('1108', null, 'GET', '2018-10-25 12:11:10', '_dc=1540440669532&month=一月&area=家乐房产中介东莞市分店&page=1&start=0&limit=25', '0:0:0:0:0:0:0:1', '/achievement', '8', '查询销售员月销售额', 'info', '3');
INSERT INTO `t_log` VALUES ('1109', null, 'GET', '2018-10-25 12:11:10', '_dc=1540440669552&month=一月&area=家乐房产中介东莞市分店&page=1&start=0&limit=25', '0:0:0:0:0:0:0:1', '/achievement/sort', '6', '业绩排行', 'info', '3');
INSERT INTO `t_log` VALUES ('1110', null, 'GET', '2018-10-25 12:11:10', '_dc=1540440669542&month=一月&area=家乐房产中介东莞市分店&page=1&start=0&limit=25', '0:0:0:0:0:0:0:1', '/achievement/analyse', '6', '数据分析', 'info', '3');
INSERT INTO `t_log` VALUES ('1111', null, 'POST', '2018-10-25 12:11:40', '', '0:0:0:0:0:0:0:1', '/logout', '0', '退出登录', 'info', null);
INSERT INTO `t_log` VALUES ('1112', null, 'POST', '2018-10-25 12:11:40', 'userId=3', '0:0:0:0:0:0:0:1', '/addressList/downStatus', '8', '离线', 'info', null);
INSERT INTO `t_log` VALUES ('1113', null, 'GET', '2018-10-25 12:11:42', '_dc=1540440701894&page=1&start=0&limit=25', '0:0:0:0:0:0:0:1', '/achievement/findAllStore', '3', 'findAllStore', 'info', null);
INSERT INTO `t_log` VALUES ('1114', null, 'POST', '2018-10-25 12:11:46', 'userName=GuLi&password=', '0:0:0:0:0:0:0:1', '/login', '57', '登录系统', 'info', '3');
INSERT INTO `t_log` VALUES ('1115', null, 'POST', '2018-10-25 12:11:46', 'userId=3', '0:0:0:0:0:0:0:1', '/addressList/upStatus', '6', '在线', 'info', '3');
INSERT INTO `t_log` VALUES ('1116', null, 'GET', '2018-10-25 12:11:46', '_dc=1540440706077&page=1&start=0&limit=25', '0:0:0:0:0:0:0:1', '/achievement', '9', '查询销售员月销售额', 'info', '3');
INSERT INTO `t_log` VALUES ('1117', null, 'GET', '2018-10-25 12:11:46', '_dc=1540440706080&page=1&start=0&limit=25', '0:0:0:0:0:0:0:1', '/achievement/findAllStore', '2', 'findAllStore', 'info', '3');
INSERT INTO `t_log` VALUES ('1118', null, 'GET', '2018-10-25 12:11:46', '_dc=1540440706078&page=1&start=0&limit=25', '0:0:0:0:0:0:0:1', '/achievement/analyse', '9', '数据分析', 'info', '3');
INSERT INTO `t_log` VALUES ('1119', null, 'GET', '2018-10-25 12:11:46', '_dc=1540440706079&page=1&start=0&limit=25', '0:0:0:0:0:0:0:1', '/achievement/sort', '14', '业绩排行', 'info', '3');
INSERT INTO `t_log` VALUES ('1120', null, 'GET', '2018-10-25 12:11:54', '_dc=1540440713930&month=二月&area=家乐房产中介东莞市东城分店&page=1&start=0&limit=25', '0:0:0:0:0:0:0:1', '/achievement', '8', '查询销售员月销售额', 'info', '3');
INSERT INTO `t_log` VALUES ('1121', null, 'GET', '2018-10-25 12:11:54', '_dc=1540440713942&month=二月&area=家乐房产中介东莞市东城分店&page=1&start=0&limit=25', '0:0:0:0:0:0:0:1', '/achievement/analyse', '13', '数据分析', 'info', '3');
INSERT INTO `t_log` VALUES ('1122', null, 'GET', '2018-10-25 12:11:54', '_dc=1540440713955&month=二月&area=家乐房产中介东莞市东城分店&page=1&start=0&limit=25', '0:0:0:0:0:0:0:1', '/achievement/sort', '12', '业绩排行', 'info', '3');
INSERT INTO `t_log` VALUES ('1123', null, 'GET', '2018-10-25 12:11:55', '_dc=1540440715406&month=三月&area=家乐房产中介东莞市东城分店&page=1&start=0&limit=25', '0:0:0:0:0:0:0:1', '/achievement', '8', '查询销售员月销售额', 'info', '3');
INSERT INTO `t_log` VALUES ('1124', null, 'GET', '2018-10-25 12:11:55', '_dc=1540440715416&month=三月&area=家乐房产中介东莞市东城分店&page=1&start=0&limit=25', '0:0:0:0:0:0:0:1', '/achievement/analyse', '14', '数据分析', 'info', '3');
INSERT INTO `t_log` VALUES ('1125', null, 'GET', '2018-10-25 12:11:55', '_dc=1540440715427&month=三月&area=家乐房产中介东莞市东城分店&page=1&start=0&limit=25', '0:0:0:0:0:0:0:1', '/achievement/sort', '23', '业绩排行', 'info', '3');
INSERT INTO `t_log` VALUES ('1126', null, 'GET', '2018-10-25 12:11:57', '_dc=1540440717318&month=五月&area=家乐房产中介东莞市东城分店&page=1&start=0&limit=25', '0:0:0:0:0:0:0:1', '/achievement', '10', '查询销售员月销售额', 'info', '3');
INSERT INTO `t_log` VALUES ('1127', null, 'GET', '2018-10-25 12:11:57', '_dc=1540440717331&month=五月&area=家乐房产中介东莞市东城分店&page=1&start=0&limit=25', '0:0:0:0:0:0:0:1', '/achievement/analyse', '16', '数据分析', 'info', '3');
INSERT INTO `t_log` VALUES ('1128', null, 'GET', '2018-10-25 12:11:57', '_dc=1540440717344&month=五月&area=家乐房产中介东莞市东城分店&page=1&start=0&limit=25', '0:0:0:0:0:0:0:1', '/achievement/sort', '7', '业绩排行', 'info', '3');
INSERT INTO `t_log` VALUES ('1129', null, 'GET', '2018-10-25 12:12:01', '_dc=1540440721363&month=二月&area=家乐房产中介东莞市东城分店&page=1&start=0&limit=25', '0:0:0:0:0:0:0:1', '/achievement', '8', '查询销售员月销售额', 'info', '3');
INSERT INTO `t_log` VALUES ('1130', null, 'GET', '2018-10-25 12:12:01', '_dc=1540440721378&month=二月&area=家乐房产中介东莞市东城分店&page=1&start=0&limit=25', '0:0:0:0:0:0:0:1', '/achievement/analyse', '14', '数据分析', 'info', '3');
INSERT INTO `t_log` VALUES ('1131', null, 'GET', '2018-10-25 12:12:01', '_dc=1540440721390&month=二月&area=家乐房产中介东莞市东城分店&page=1&start=0&limit=25', '0:0:0:0:0:0:0:1', '/achievement/sort', '11', '业绩排行', 'info', '3');
INSERT INTO `t_log` VALUES ('1132', null, 'GET', '2018-10-25 12:12:04', '_dc=1540440724457&page=1&start=0&limit=25', '0:0:0:0:0:0:0:1', '/notice', '45', '查看公告', 'info', '3');
INSERT INTO `t_log` VALUES ('1133', null, 'GET', '2018-10-25 12:12:16', '_dc=1540440736234&page=1&start=0&limit=25', '0:0:0:0:0:0:0:1', '/addressList', '260', '查看通讯录', 'info', '3');
INSERT INTO `t_log` VALUES ('1134', null, 'GET', '2018-10-25 12:12:23', '_dc=1540440742578&page=2&start=25&limit=25', '0:0:0:0:0:0:0:1', '/addressList', '14', '查看通讯录', 'info', '3');
INSERT INTO `t_log` VALUES ('1135', null, 'POST', '2018-10-25 12:15:22', '', '0:0:0:0:0:0:0:1', '/logout', '0', '退出登录', 'info', null);
INSERT INTO `t_log` VALUES ('1136', null, 'POST', '2018-10-25 12:15:22', 'userId=3', '0:0:0:0:0:0:0:1', '/addressList/downStatus', '5', '离线', 'info', null);
INSERT INTO `t_log` VALUES ('1137', null, 'GET', '2018-10-25 12:15:24', '_dc=1540440924150&page=1&start=0&limit=25', '0:0:0:0:0:0:0:1', '/achievement/findAllStore', '3', 'findAllStore', 'info', null);
INSERT INTO `t_log` VALUES ('1138', null, 'POST', '2018-10-25 12:15:31', 'userName=LeSan&password=', '0:0:0:0:0:0:0:1', '/login', '116', '登录系统', 'info', '45');
INSERT INTO `t_log` VALUES ('1139', null, 'POST', '2018-10-25 12:15:31', 'userId=45', '0:0:0:0:0:0:0:1', '/addressList/upStatus', '4', '在线', 'info', '45');
INSERT INTO `t_log` VALUES ('1140', null, 'GET', '2018-10-25 12:15:31', '_dc=1540440930970&page=1&start=0&limit=25', '0:0:0:0:0:0:0:1', '/achievement/findAllStore', '3', 'findAllStore', 'info', '45');
INSERT INTO `t_log` VALUES ('1141', null, 'GET', '2018-10-25 12:15:31', '_dc=1540440930967&page=1&start=0&limit=25', '0:0:0:0:0:0:0:1', '/achievement/analyse', '9', '数据分析', 'info', '45');
INSERT INTO `t_log` VALUES ('1142', null, 'GET', '2018-10-25 12:15:31', '_dc=1540440930966&page=1&start=0&limit=25', '0:0:0:0:0:0:0:1', '/achievement', '17', '查询销售员月销售额', 'info', '45');
INSERT INTO `t_log` VALUES ('1143', null, 'GET', '2018-10-25 12:15:31', '_dc=1540440930968&page=1&start=0&limit=25', '0:0:0:0:0:0:0:1', '/achievement/sort', '25', '业绩排行', 'info', '45');
INSERT INTO `t_log` VALUES ('1144', null, 'GET', '2018-10-25 12:15:34', '_dc=1540440934019&page=1&start=0&limit=25', '0:0:0:0:0:0:0:1', '/addressList', '32', '查看通讯录', 'info', '45');
INSERT INTO `t_log` VALUES ('1145', null, 'GET', '2018-10-25 12:15:40', '_dc=1540440939699&page=2&start=25&limit=25', '0:0:0:0:0:0:0:1', '/addressList', '15', '查看通讯录', 'info', '45');
INSERT INTO `t_log` VALUES ('1146', null, 'GET', '2018-10-25 12:15:42', '_dc=1540440941828&page=1&start=0&limit=25', '0:0:0:0:0:0:0:1', '/addressList', '13', '查看通讯录', 'info', '45');
INSERT INTO `t_log` VALUES ('1147', null, 'GET', '2018-10-25 12:15:51', '_dc=1540440951217&start=0&limit=20&page=1&status=&employeeName=&storeName=&employeeNumber=l&post=', '0:0:0:0:0:0:0:1', '/addressList', '553', '查看通讯录', 'info', '45');
INSERT INTO `t_log` VALUES ('1148', null, 'GET', '2018-10-25 12:15:56', '_dc=1540440955528&start=0&limit=20&page=1&status=&employeeName=&storeName=&employeeNumber=L&post=', '0:0:0:0:0:0:0:1', '/addressList', '52', '查看通讯录', 'info', '45');
INSERT INTO `t_log` VALUES ('1149', null, 'GET', '2018-10-25 12:16:08', '_dc=1540440967890&start=0&limit=20&page=1&status=&employeeName=&storeName=&employeeNumber=LeSi&post=', '0:0:0:0:0:0:0:1', '/addressList', '4', '查看通讯录', 'info', '45');
INSERT INTO `t_log` VALUES ('1150', null, 'GET', '2018-10-25 12:16:20', '_dc=1540440980064&start=0&limit=20&page=1&status=&employeeName=&storeName=深圳&employeeNumber=&post=', '0:0:0:0:0:0:0:1', '/addressList', '44', '查看通讯录', 'info', '45');
INSERT INTO `t_log` VALUES ('1151', null, 'GET', '2018-10-25 12:16:32', '_dc=1540440992078&start=0&limit=20&page=1&status=&employeeName=&storeName=&employeeNumber=GaiYi&post=', '0:0:0:0:0:0:0:1', '/addressList', '3', '查看通讯录', 'info', '45');
INSERT INTO `t_log` VALUES ('1152', null, 'GET', '2018-10-25 12:16:37', '_dc=1540440997075&start=0&limit=20&page=1&status=&employeeName=GaiYi&storeName=&employeeNumber=&post=', '0:0:0:0:0:0:0:1', '/addressList', '29', '查看通讯录', 'info', '45');
INSERT INTO `t_log` VALUES ('1153', null, 'GET', '2018-10-25 12:16:40', '_dc=1540440999619&start=0&limit=20&page=1&status=&employeeName=&storeName=&employeeNumber=&post=', '0:0:0:0:0:0:0:1', '/addressList', '15', '查看通讯录', 'info', '45');
INSERT INTO `t_log` VALUES ('1154', null, 'GET', '2018-10-25 12:16:52', '_dc=1540441011950&start=0&limit=20&page=1&status=&employeeName=YiLai&storeName=&employeeNumber=&post=', '0:0:0:0:0:0:0:1', '/addressList', '5', '查看通讯录', 'info', '45');
INSERT INTO `t_log` VALUES ('1155', null, 'GET', '2018-10-25 12:16:58', '_dc=1540441017578&start=0&limit=20&page=1&status=&employeeName=&storeName=&employeeNumber=YiLai&post=', '0:0:0:0:0:0:0:1', '/addressList', '8', '查看通讯录', 'info', '45');
INSERT INTO `t_log` VALUES ('1156', null, 'GET', '2018-10-25 12:17:01', '_dc=1540441021096&start=0&limit=20&page=1&status=&employeeName=&storeName=&employeeNumber=&post=', '0:0:0:0:0:0:0:1', '/addressList', '9', '查看通讯录', 'info', '45');
INSERT INTO `t_log` VALUES ('1157', null, 'GET', '2018-10-25 12:17:14', '_dc=1540441034055&start=0&limit=20&page=1&status=&employeeName=&storeName=&employeeNumber=&post=经理', '0:0:0:0:0:0:0:1', '/addressList', '19', '查看通讯录', 'info', '45');
INSERT INTO `t_log` VALUES ('1158', null, 'GET', '2018-10-25 12:17:30', '_dc=1540441049541&start=0&limit=20&page=1&status=&employeeName=&storeName=&employeeNumber=&post=人事经理', '0:0:0:0:0:0:0:1', '/addressList', '24', '查看通讯录', 'info', '45');
INSERT INTO `t_log` VALUES ('1159', null, 'GET', '2018-10-25 12:17:46', '_dc=1540441065966&start=0&limit=20&page=1&status=在线&employeeName=&storeName=&employeeNumber=&post=人事经理', '0:0:0:0:0:0:0:1', '/addressList', '22', '查看通讯录', 'info', '45');
INSERT INTO `t_log` VALUES ('1160', null, 'GET', '2018-10-25 12:17:55', '_dc=1540441074787&start=0&limit=20&page=1&status=&employeeName=人事经理&storeName=&employeeNumber=&post=', '0:0:0:0:0:0:0:1', '/addressList', '2', '查看通讯录', 'info', '45');
INSERT INTO `t_log` VALUES ('1161', null, 'GET', '2018-10-25 12:17:57', '_dc=1540441077061&start=0&limit=20&page=1&status=&employeeName=&storeName=&employeeNumber=&post=', '0:0:0:0:0:0:0:1', '/addressList', '14', '查看通讯录', 'info', '45');
INSERT INTO `t_log` VALUES ('1162', null, 'POST', '2018-10-25 12:18:32', 'userId=45', '0:0:0:0:0:0:0:1', '/addressList/downStatus', '46', '离线', 'info', '45');
INSERT INTO `t_log` VALUES ('1163', null, 'GET', '2018-10-25 12:27:34', '_dc=1540441654408&page=1&start=0&limit=25', '0:0:0:0:0:0:0:1', '/achievement/findAllStore', '501', 'findAllStore', 'info', null);
INSERT INTO `t_log` VALUES ('1164', null, 'POST', '2018-10-25 12:27:47', 'userName=LeYi&password=', '0:0:0:0:0:0:0:1', '/login', '17', '登录系统', 'info', '37');
INSERT INTO `t_log` VALUES ('1165', null, 'POST', '2018-10-25 12:27:47', 'userId=37', '0:0:0:0:0:0:0:1', '/addressList/upStatus', '7', '在线', 'info', '37');
INSERT INTO `t_log` VALUES ('1166', null, 'GET', '2018-10-25 12:27:47', '_dc=1540441667212&page=1&start=0&limit=25', '0:0:0:0:0:0:0:1', '/achievement', '12', '查询销售员月销售额', 'info', '37');
INSERT INTO `t_log` VALUES ('1167', null, 'GET', '2018-10-25 12:27:47', '_dc=1540441667214&page=1&start=0&limit=25', '0:0:0:0:0:0:0:1', '/achievement/analyse', '14', '数据分析', 'info', '37');
INSERT INTO `t_log` VALUES ('1168', null, 'GET', '2018-10-25 12:27:47', '_dc=1540441667214&page=1&start=0&limit=25', '0:0:0:0:0:0:0:1', '/achievement/sort', '14', '业绩排行', 'info', '37');
INSERT INTO `t_log` VALUES ('1169', null, 'GET', '2018-10-25 12:27:47', '_dc=1540441667215&page=1&start=0&limit=25', '0:0:0:0:0:0:0:1', '/achievement/findAllStore', '5', 'findAllStore', 'info', '37');
INSERT INTO `t_log` VALUES ('1170', null, 'GET', '2018-10-25 12:28:08', '_dc=1540441688344&page=1&start=0&limit=25', '0:0:0:0:0:0:0:1', '/achievement/findAllStore', '2', 'findAllStore', 'info', '37');
INSERT INTO `t_log` VALUES ('1171', null, 'GET', '2018-10-25 12:28:31', '_dc=1540441710881&page=1&start=0&limit=25', '0:0:0:0:0:0:0:1', '/addressList', '25', '查看通讯录', 'info', '37');
INSERT INTO `t_log` VALUES ('1172', null, 'POST', '2018-10-25 12:28:43', 'userName=LinLi&password=', '0:0:0:0:0:0:0:1', '/login', '13', '登录系统', 'info', '23');
INSERT INTO `t_log` VALUES ('1173', null, 'POST', '2018-10-25 12:28:43', 'userId=23', '0:0:0:0:0:0:0:1', '/addressList/upStatus', '5', '在线', 'info', '23');
INSERT INTO `t_log` VALUES ('1174', null, 'GET', '2018-10-25 12:28:43', '_dc=1540441723295&page=1&start=0&limit=25', '0:0:0:0:0:0:0:1', '/achievement/sort', '7', '业绩排行', 'info', '23');
INSERT INTO `t_log` VALUES ('1175', null, 'GET', '2018-10-25 12:28:43', '_dc=1540441723295&page=1&start=0&limit=25', '0:0:0:0:0:0:0:1', '/achievement/analyse', '13', '数据分析', 'info', '23');
INSERT INTO `t_log` VALUES ('1176', null, 'GET', '2018-10-25 12:28:43', '_dc=1540441723293&page=1&start=0&limit=25', '0:0:0:0:0:0:0:1', '/achievement', '47', '查询销售员月销售额', 'info', '23');
INSERT INTO `t_log` VALUES ('1177', null, 'GET', '2018-10-25 12:28:43', '_dc=1540441723296&page=1&start=0&limit=25', '0:0:0:0:0:0:0:1', '/achievement/findAllStore', '5', 'findAllStore', 'info', '23');
INSERT INTO `t_log` VALUES ('1178', null, 'GET', '2018-10-25 12:28:43', '_dc=1540441723433&page=1&start=0&limit=25', '0:0:0:0:0:0:0:1', '/addressList', '66', '查看通讯录', 'info', '23');
INSERT INTO `t_log` VALUES ('1179', null, 'GET', '2018-10-25 12:28:54', '_dc=1540441734101&start=0&limit=20&page=1&status=在线', '0:0:0:0:0:0:0:1', '/addressList', '9', '查看通讯录', 'info', '23');
INSERT INTO `t_log` VALUES ('1180', null, 'GET', '2018-10-25 12:29:31', '_dc=1540441770548&start=0&limit=20&page=1&status=&employeeName=&storeName=&employeeNumber=&post=', '0:0:0:0:0:0:0:1', '/addressList', '10', '查看通讯录', 'info', '23');
INSERT INTO `t_log` VALUES ('1181', null, 'GET', '2018-10-25 12:29:33', '_dc=1540441773284&start=0&limit=20&page=1&status=在线&employeeName=&storeName=&employeeNumber=&post=', '0:0:0:0:0:0:0:1', '/addressList', '8', '查看通讯录', 'info', '23');
INSERT INTO `t_log` VALUES ('1182', null, 'GET', '2018-10-25 12:29:36', '_dc=1540441775926&start=0&limit=20&page=1&status=&employeeName=&storeName=&employeeNumber=&post=', '0:0:0:0:0:0:0:1', '/addressList', '12', '查看通讯录', 'info', '23');
INSERT INTO `t_log` VALUES ('1183', null, 'GET', '2018-10-25 12:29:44', '_dc=1540441783796&page=1&start=0&limit=25', '0:0:0:0:0:0:0:1', '/addressList', '12', '查看通讯录', 'info', '23');
INSERT INTO `t_log` VALUES ('1184', null, 'GET', '2018-10-25 12:29:49', '_dc=1540441788797&start=0&limit=20&page=1&status=&employeeName=&storeName=&employeeNumber=&post=', '0:0:0:0:0:0:0:1', '/addressList', '14', '查看通讯录', 'info', '23');
INSERT INTO `t_log` VALUES ('1185', null, 'GET', '2018-10-25 12:29:51', '_dc=1540441790748&start=0&limit=20&page=1&status=在线&employeeName=&storeName=&employeeNumber=&post=', '0:0:0:0:0:0:0:1', '/addressList', '4', '查看通讯录', 'info', '23');
INSERT INTO `t_log` VALUES ('1186', null, 'GET', '2018-10-25 12:30:31', '_dc=1540441830641&start=0&limit=20&page=1&status=在线&employeeName=&storeName=&employeeNumber=&post=', '0:0:0:0:0:0:0:1', '/addressList', '4', '查看通讯录', 'info', '23');
INSERT INTO `t_log` VALUES ('1187', null, 'GET', '2018-10-25 12:30:34', '_dc=1540441834275&start=0&limit=20&page=1&status=在线&employeeName=&storeName=&employeeNumber=&post=', '0:0:0:0:0:0:0:1', '/addressList', '6', '查看通讯录', 'info', '23');
INSERT INTO `t_log` VALUES ('1188', null, 'GET', '2018-10-25 12:30:36', '_dc=1540441835520&start=0&limit=20&page=1&status=在线&employeeName=&storeName=&employeeNumber=&post=', '0:0:0:0:0:0:0:1', '/addressList', '6', '查看通讯录', 'info', '23');
INSERT INTO `t_log` VALUES ('1189', null, 'POST', '2018-10-25 12:30:44', '', '0:0:0:0:0:0:0:1', '/logout', '0', '退出登录', 'info', null);
INSERT INTO `t_log` VALUES ('1190', null, 'POST', '2018-10-25 12:30:44', 'userId=37', '0:0:0:0:0:0:0:1', '/addressList/downStatus', '5', '离线', 'info', null);
INSERT INTO `t_log` VALUES ('1191', null, 'GET', '2018-10-25 12:30:46', '_dc=1540441846278&page=1&start=0&limit=25', '0:0:0:0:0:0:0:1', '/achievement/findAllStore', '2', 'findAllStore', 'info', null);
INSERT INTO `t_log` VALUES ('1192', null, 'POST', '2018-10-25 12:31:03', '', '0:0:0:0:0:0:0:1', '/logout', '0', '退出登录', 'info', null);
INSERT INTO `t_log` VALUES ('1193', null, 'POST', '2018-10-25 12:31:03', 'userId=23', '0:0:0:0:0:0:0:1', '/addressList/downStatus', '6', '离线', 'info', null);
INSERT INTO `t_log` VALUES ('1194', null, 'GET', '2018-10-25 12:31:05', '_dc=1540441864727&page=1&start=0&limit=25', '0:0:0:0:0:0:0:1', '/achievement/findAllStore', '2', 'findAllStore', 'info', null);
INSERT INTO `t_log` VALUES ('1195', null, 'POST', '2018-10-25 12:31:25', 'userName=WangWu&password=', '0:0:0:0:0:0:0:1', '/login', '15', '登录系统', 'info', '12');
INSERT INTO `t_log` VALUES ('1196', null, 'POST', '2018-10-25 12:31:26', 'userId=12', '0:0:0:0:0:0:0:1', '/addressList/upStatus', '5', '在线', 'info', '12');
INSERT INTO `t_log` VALUES ('1197', null, 'GET', '2018-10-25 12:31:26', '_dc=1540441885609&page=1&start=0&limit=25', '0:0:0:0:0:0:0:1', '/achievement', '14', '查询销售员月销售额', 'info', '12');
INSERT INTO `t_log` VALUES ('1198', null, 'GET', '2018-10-25 12:31:26', '_dc=1540441885610&page=1&start=0&limit=25', '0:0:0:0:0:0:0:1', '/achievement/analyse', '9', '数据分析', 'info', '12');
INSERT INTO `t_log` VALUES ('1199', null, 'GET', '2018-10-25 12:31:26', '_dc=1540441885611&page=1&start=0&limit=25', '0:0:0:0:0:0:0:1', '/achievement/findAllStore', '3', 'findAllStore', 'info', '12');
INSERT INTO `t_log` VALUES ('1200', null, 'GET', '2018-10-25 12:31:26', '_dc=1540441885611&page=1&start=0&limit=25', '0:0:0:0:0:0:0:1', '/achievement/sort', '10', '业绩排行', 'info', '12');
INSERT INTO `t_log` VALUES ('1201', null, 'GET', '2018-10-25 12:31:33', '_dc=1540441892928&page=1&start=0&limit=25', '0:0:0:0:0:0:0:1', '/addressList', '32', '查看通讯录', 'info', '12');
INSERT INTO `t_log` VALUES ('1202', null, 'POST', '2018-10-25 12:31:56', 'userName=JaYi&password=', '0:0:0:0:0:0:0:1', '/login', '8', '登录系统', 'info', '5');
INSERT INTO `t_log` VALUES ('1203', null, 'POST', '2018-10-25 12:31:56', 'userId=5', '0:0:0:0:0:0:0:1', '/addressList/upStatus', '6', '在线', 'info', '5');
INSERT INTO `t_log` VALUES ('1204', null, 'GET', '2018-10-25 12:31:56', '_dc=1540441916122&page=1&start=0&limit=25', '0:0:0:0:0:0:0:1', '/achievement/analyse', '10', '数据分析', 'info', '5');
INSERT INTO `t_log` VALUES ('1205', null, 'GET', '2018-10-25 12:31:56', '_dc=1540441916120&page=1&start=0&limit=25', '0:0:0:0:0:0:0:1', '/achievement', '20', '查询销售员月销售额', 'info', '5');
INSERT INTO `t_log` VALUES ('1206', null, 'GET', '2018-10-25 12:31:56', '_dc=1540441916123&page=1&start=0&limit=25', '0:0:0:0:0:0:0:1', '/achievement/findAllStore', '8', 'findAllStore', 'info', '5');
INSERT INTO `t_log` VALUES ('1207', null, 'GET', '2018-10-25 12:31:56', '_dc=1540441916122&page=1&start=0&limit=25', '0:0:0:0:0:0:0:1', '/achievement/sort', '9', '业绩排行', 'info', '5');
INSERT INTO `t_log` VALUES ('1208', null, 'GET', '2018-10-25 12:32:17', '_dc=1540441936942&start=0&limit=20&page=1&status=在线', '0:0:0:0:0:0:0:1', '/addressList', '7', '查看通讯录', 'info', '5');
INSERT INTO `t_log` VALUES ('1209', null, 'GET', '2018-10-25 12:32:24', '_dc=1540441943742&start=0&limit=20&page=1&status=在线', '0:0:0:0:0:0:0:1', '/addressList', '9', '查看通讯录', 'info', '5');
INSERT INTO `t_log` VALUES ('1210', null, 'GET', '2018-10-25 12:33:02', '_dc=1540441982221&start=0&limit=20&page=1&status=在线', '0:0:0:0:0:0:0:1', '/addressList', '6', '查看通讯录', 'info', '5');
INSERT INTO `t_log` VALUES ('1211', null, 'GET', '2018-10-25 12:33:15', '_dc=1540441994518&start=0&limit=20&page=1&status=在线', '0:0:0:0:0:0:0:1', '/addressList', '7', '查看通讯录', 'info', '5');
INSERT INTO `t_log` VALUES ('1212', null, 'POST', '2018-10-25 13:12:28', 'userId=12', '0:0:0:0:0:0:0:1', '/addressList/downStatus', '57', '离线', 'info', null);
INSERT INTO `t_log` VALUES ('1213', null, 'POST', '2018-10-25 13:12:32', 'userId=5', '0:0:0:0:0:0:0:1', '/addressList/downStatus', '9', '离线', 'info', null);
INSERT INTO `t_log` VALUES ('1214', null, 'GET', '2018-10-25 13:14:16', '_dc=1540444456443&page=1&start=0&limit=25', '0:0:0:0:0:0:0:1', '/achievement/findAllStore', '3', 'findAllStore', 'info', null);
INSERT INTO `t_log` VALUES ('1215', null, 'POST', '2018-10-25 13:14:21', 'userName=WangJun&password=', '0:0:0:0:0:0:0:1', '/login', '80', '登录系统', 'info', '2');
INSERT INTO `t_log` VALUES ('1216', null, 'POST', '2018-10-25 13:14:21', 'userId=2', '0:0:0:0:0:0:0:1', '/addressList/upStatus', '6', '在线', 'info', '2');
INSERT INTO `t_log` VALUES ('1217', null, 'GET', '2018-10-25 13:14:21', '_dc=1540444461066&page=1&start=0&limit=25', '0:0:0:0:0:0:0:1', '/achievement', '13', '查询销售员月销售额', 'info', '2');
INSERT INTO `t_log` VALUES ('1218', null, 'GET', '2018-10-25 13:14:21', '_dc=1540444461068&page=1&start=0&limit=25', '0:0:0:0:0:0:0:1', '/achievement/sort', '13', '业绩排行', 'info', '2');
INSERT INTO `t_log` VALUES ('1219', null, 'GET', '2018-10-25 13:14:21', '_dc=1540444461068&page=1&start=0&limit=25', '0:0:0:0:0:0:0:1', '/achievement/findAllStore', '4', 'findAllStore', 'info', '2');
INSERT INTO `t_log` VALUES ('1220', null, 'GET', '2018-10-25 13:14:21', '_dc=1540444461067&page=1&start=0&limit=25', '0:0:0:0:0:0:0:1', '/achievement/analyse', '24', '数据分析', 'info', '2');
INSERT INTO `t_log` VALUES ('1221', null, 'POST', '2018-10-25 13:14:36', 'userId=2', '0:0:0:0:0:0:0:1', '/addressList/downStatus', '7', '离线', 'info', '2');
INSERT INTO `t_log` VALUES ('1222', null, 'GET', '2018-10-25 13:14:38', '_dc=1540444477511&page=1&start=0&limit=25', '0:0:0:0:0:0:0:1', '/achievement/findAllStore', '3', 'findAllStore', 'info', '2');
INSERT INTO `t_log` VALUES ('1223', null, 'GET', '2018-10-25 13:14:38', '_dc=1540444477850&page=1&start=0&limit=25', '0:0:0:0:0:0:0:1', '/achievement', '13', '查询销售员月销售额', 'info', '2');
INSERT INTO `t_log` VALUES ('1224', null, 'GET', '2018-10-25 13:14:38', '_dc=1540444477871&page=1&start=0&limit=25', '0:0:0:0:0:0:0:1', '/achievement/analyse', '14', '数据分析', 'info', '2');
INSERT INTO `t_log` VALUES ('1225', null, 'GET', '2018-10-25 13:14:38', '_dc=1540444477888&page=1&start=0&limit=25', '0:0:0:0:0:0:0:1', '/achievement/findAllStore', '2', 'findAllStore', 'info', '2');
INSERT INTO `t_log` VALUES ('1226', null, 'GET', '2018-10-25 13:14:38', '_dc=1540444477887&page=1&start=0&limit=25', '0:0:0:0:0:0:0:1', '/achievement/sort', '11', '业绩排行', 'info', '2');
INSERT INTO `t_log` VALUES ('1227', null, 'POST', '2018-10-25 13:14:40', '', '0:0:0:0:0:0:0:1', '/logout', '0', '退出登录', 'info', null);
INSERT INTO `t_log` VALUES ('1228', null, 'GET', '2018-10-25 13:14:42', '_dc=1540444481504&page=1&start=0&limit=25', '0:0:0:0:0:0:0:1', '/achievement/findAllStore', '3', 'findAllStore', 'info', null);
INSERT INTO `t_log` VALUES ('1229', null, 'POST', '2018-10-25 13:14:45', 'userName=WangJun&password=', '0:0:0:0:0:0:0:1', '/login', '22', '登录系统', 'info', '2');
INSERT INTO `t_log` VALUES ('1230', null, 'POST', '2018-10-25 13:14:45', 'userId=2', '0:0:0:0:0:0:0:1', '/addressList/upStatus', '7', '在线', 'info', '2');
INSERT INTO `t_log` VALUES ('1231', null, 'GET', '2018-10-25 13:14:45', '_dc=1540444484927&page=1&start=0&limit=25', '0:0:0:0:0:0:0:1', '/achievement/analyse', '13', '数据分析', 'info', '2');
INSERT INTO `t_log` VALUES ('1232', null, 'GET', '2018-10-25 13:14:45', '_dc=1540444484928&page=1&start=0&limit=25', '0:0:0:0:0:0:0:1', '/achievement/sort', '13', '业绩排行', 'info', '2');
INSERT INTO `t_log` VALUES ('1233', null, 'GET', '2018-10-25 13:14:45', '_dc=1540444484929&page=1&start=0&limit=25', '0:0:0:0:0:0:0:1', '/achievement/findAllStore', '10', 'findAllStore', 'info', '2');
INSERT INTO `t_log` VALUES ('1234', null, 'GET', '2018-10-25 13:14:45', '_dc=1540444484926&page=1&start=0&limit=25', '0:0:0:0:0:0:0:1', '/achievement', '20', '查询销售员月销售额', 'info', '2');
INSERT INTO `t_log` VALUES ('1235', null, 'GET', '2018-10-25 13:14:53', '_dc=1540444492556&page=1&start=0&limit=25', '0:0:0:0:0:0:0:1', '/addressList', '55', '查看通讯录', 'info', '2');
INSERT INTO `t_log` VALUES ('1236', null, 'GET', '2018-10-25 13:15:15', '_dc=1540444515472&page=1&start=0&limit=25', '0:0:0:0:0:0:0:1', '/achievement/findAllStore', '2', 'findAllStore', 'info', '2');
INSERT INTO `t_log` VALUES ('1237', null, 'POST', '2018-10-25 13:15:51', 'userName=CaiYi&password=', '0:0:0:0:0:0:0:1', '/login', '9', '登录系统', 'info', '47');
INSERT INTO `t_log` VALUES ('1238', null, 'POST', '2018-10-25 13:15:51', 'userId=47', '0:0:0:0:0:0:0:1', '/addressList/upStatus', '7', '在线', 'info', '47');
INSERT INTO `t_log` VALUES ('1239', null, 'GET', '2018-10-25 13:15:51', '_dc=1540444551267&page=1&start=0&limit=25', '0:0:0:0:0:0:0:1', '/achievement', '12', '查询销售员月销售额', 'info', '47');
INSERT INTO `t_log` VALUES ('1240', null, 'GET', '2018-10-25 13:15:51', '_dc=1540444551269&page=1&start=0&limit=25', '0:0:0:0:0:0:0:1', '/achievement/analyse', '12', '数据分析', 'info', '47');
INSERT INTO `t_log` VALUES ('1241', null, 'GET', '2018-10-25 13:15:51', '_dc=1540444551272&page=1&start=0&limit=25', '0:0:0:0:0:0:0:1', '/achievement/sort', '14', '业绩排行', 'info', '47');
INSERT INTO `t_log` VALUES ('1242', null, 'GET', '2018-10-25 13:15:51', '_dc=1540444551274&page=1&start=0&limit=25', '0:0:0:0:0:0:0:1', '/achievement/findAllStore', '3', 'findAllStore', 'info', '47');
INSERT INTO `t_log` VALUES ('1243', null, 'GET', '2018-10-25 13:16:14', '_dc=1540444573739&page=1&start=0&limit=25', '0:0:0:0:0:0:0:1', '/achievement/findAllStore', '2', 'findAllStore', 'info', '47');
INSERT INTO `t_log` VALUES ('1244', null, 'POST', '2018-10-25 13:16:36', 'userName=LeiSi&password=', '0:0:0:0:0:0:0:1', '/login', '2', '登录系统', 'info', '47');
INSERT INTO `t_log` VALUES ('1245', null, 'POST', '2018-10-25 13:16:47', 'userName=LeSi&password=', '0:0:0:0:0:0:0:1', '/login', '16', '登录系统', 'info', '49');
INSERT INTO `t_log` VALUES ('1246', null, 'POST', '2018-10-25 13:16:47', 'userId=49', '0:0:0:0:0:0:0:1', '/addressList/upStatus', '8', '在线', 'info', '49');
INSERT INTO `t_log` VALUES ('1247', null, 'GET', '2018-10-25 13:16:47', '_dc=1540444607433&page=1&start=0&limit=25', '0:0:0:0:0:0:0:1', '/achievement', '10', '查询销售员月销售额', 'info', '49');
INSERT INTO `t_log` VALUES ('1248', null, 'GET', '2018-10-25 13:16:47', '_dc=1540444607434&page=1&start=0&limit=25', '0:0:0:0:0:0:0:1', '/achievement/analyse', '10', '数据分析', 'info', '49');
INSERT INTO `t_log` VALUES ('1249', null, 'GET', '2018-10-25 13:16:47', '_dc=1540444607434&page=1&start=0&limit=25', '0:0:0:0:0:0:0:1', '/achievement/sort', '13', '业绩排行', 'info', '49');
INSERT INTO `t_log` VALUES ('1250', null, 'GET', '2018-10-25 13:16:47', '_dc=1540444607435&page=1&start=0&limit=25', '0:0:0:0:0:0:0:1', '/achievement/findAllStore', '7', 'findAllStore', 'info', '49');
INSERT INTO `t_log` VALUES ('1251', null, 'POST', '2018-10-25 13:16:55', 'userId=49', '0:0:0:0:0:0:0:1', '/addressList/downStatus', '11', '离线', 'info', '49');
INSERT INTO `t_log` VALUES ('1252', null, 'GET', '2018-10-25 13:17:08', '_dc=1540444627754&start=0&limit=20&page=1&status=在线', '0:0:0:0:0:0:0:1', '/addressList', '31', '查看通讯录', 'info', '49');
INSERT INTO `t_log` VALUES ('1253', null, 'GET', '2018-10-25 13:17:28', '_dc=1540444648230&start=0&limit=20&page=1&status=在线', '0:0:0:0:0:0:0:1', '/addressList', '7', '查看通讯录', 'info', '49');
INSERT INTO `t_log` VALUES ('1254', null, 'GET', '2018-10-25 13:17:41', '_dc=1540444660941&start=0&limit=20&page=1&status=在线', '0:0:0:0:0:0:0:1', '/addressList', '5', '查看通讯录', 'info', '49');
INSERT INTO `t_log` VALUES ('1255', null, 'POST', '2018-10-25 13:18:52', 'userId=47', '0:0:0:0:0:0:0:1', '/addressList/downStatus', '10', '离线', 'info', '49');
INSERT INTO `t_log` VALUES ('1256', null, 'GET', '2018-10-25 13:18:57', '_dc=1540444737193&start=0&limit=20&page=1&status=在线', '0:0:0:0:0:0:0:1', '/addressList', '15', '查看通讯录', 'info', '49');
INSERT INTO `t_log` VALUES ('1257', null, 'GET', '2018-10-25 13:20:48', '_dc=1540444848445&page=1&start=0&limit=25', '0:0:0:0:0:0:0:1', '/achievement/findAllStore', '3', 'findAllStore', 'info', '49');
INSERT INTO `t_log` VALUES ('1258', null, 'POST', '2018-10-25 13:20:59', 'userName=YiLai&password=', '0:0:0:0:0:0:0:1', '/login', '30', '登录系统', 'info', '51');
INSERT INTO `t_log` VALUES ('1259', null, 'POST', '2018-10-25 13:20:59', 'userId=51', '0:0:0:0:0:0:0:1', '/addressList/upStatus', '8', '在线', 'info', '51');
INSERT INTO `t_log` VALUES ('1260', null, 'GET', '2018-10-25 13:20:59', '_dc=1540444859441&page=1&start=0&limit=25', '0:0:0:0:0:0:0:1', '/achievement', '11', '查询销售员月销售额', 'info', '51');
INSERT INTO `t_log` VALUES ('1261', null, 'GET', '2018-10-25 13:20:59', '_dc=1540444859444&page=1&start=0&limit=25', '0:0:0:0:0:0:0:1', '/achievement/findAllStore', '3', 'findAllStore', 'info', '51');
INSERT INTO `t_log` VALUES ('1262', null, 'GET', '2018-10-25 13:21:00', '_dc=1540444859443&page=1&start=0&limit=25', '0:0:0:0:0:0:0:1', '/achievement/sort', '13', '业绩排行', 'info', '51');
INSERT INTO `t_log` VALUES ('1263', null, 'GET', '2018-10-25 13:21:00', '_dc=1540444859489&status=在线&page=1&start=0&limit=25', '0:0:0:0:0:0:0:1', '/addressList', '18', '查看通讯录', 'info', '51');
INSERT INTO `t_log` VALUES ('1264', null, 'GET', '2018-10-25 13:21:00', '_dc=1540444859443&page=1&start=0&limit=25', '0:0:0:0:0:0:0:1', '/achievement/analyse', '56', '数据分析', 'info', '51');
INSERT INTO `t_log` VALUES ('1265', null, 'GET', '2018-10-25 13:21:08', '_dc=1540444867933&start=0&limit=20&page=1&status=在线', '0:0:0:0:0:0:0:1', '/addressList', '7', '查看通讯录', 'info', '51');
INSERT INTO `t_log` VALUES ('1266', null, 'GET', '2018-10-25 13:21:10', '_dc=1540444869628&start=0&limit=20&page=1&status=&employeeName=&storeName=&employeeNumber=&post=', '0:0:0:0:0:0:0:1', '/addressList', '40', '查看通讯录', 'info', '51');
INSERT INTO `t_log` VALUES ('1267', null, 'GET', '2018-10-25 13:21:20', '_dc=1540444880398&status=&employeeName=&storeName=&employeeNumber=&post=&page=2&start=25&limit=25', '0:0:0:0:0:0:0:1', '/addressList', '17', '查看通讯录', 'info', '51');
INSERT INTO `t_log` VALUES ('1268', null, 'GET', '2018-10-25 13:21:38', '_dc=1540444897938&start=0&limit=20&page=1&status=&employeeName=YiLai&storeName=&employeeNumber=&post=', '0:0:0:0:0:0:0:1', '/addressList', '8', '查看通讯录', 'info', '51');
INSERT INTO `t_log` VALUES ('1269', null, 'GET', '2018-10-25 13:21:44', '_dc=1540444903743&start=0&limit=20&page=1&status=&employeeName=Yi&storeName=&employeeNumber=&post=', '0:0:0:0:0:0:0:1', '/addressList', '8', '查看通讯录', 'info', '51');
INSERT INTO `t_log` VALUES ('1270', null, 'GET', '2018-10-25 13:21:44', '_dc=1540444903865&status=&employeeName=Yi&storeName=&employeeNumber=&post=&page=1&start=0&limit=25', '0:0:0:0:0:0:0:1', '/addressList', '11', '查看通讯录', 'info', '51');
INSERT INTO `t_log` VALUES ('1271', null, 'GET', '2018-10-25 13:22:20', '_dc=1540444939549&start=0&limit=20&page=1&status=&employeeName=&storeName=&employeeNumber=&post=', '0:0:0:0:0:0:0:1', '/addressList', '14', '查看通讯录', 'info', '51');
INSERT INTO `t_log` VALUES ('1272', null, 'GET', '2018-10-25 13:22:24', '_dc=1540444943988&start=0&limit=20&page=1&status=在线&employeeName=&storeName=&employeeNumber=&post=', '0:0:0:0:0:0:0:1', '/addressList', '4', '查看通讯录', 'info', '51');
INSERT INTO `t_log` VALUES ('1273', null, 'GET', '2018-10-25 13:22:26', '_dc=1540444946265&start=0&limit=20&page=1&status=&employeeName=&storeName=&employeeNumber=&post=', '0:0:0:0:0:0:0:1', '/addressList', '14', '查看通讯录', 'info', '51');
INSERT INTO `t_log` VALUES ('1274', null, 'GET', '2018-10-25 13:22:34', '_dc=1540444954219&start=0&limit=20&page=1&status=在线&employeeName=&storeName=&employeeNumber=&post=', '0:0:0:0:0:0:0:1', '/addressList', '6', '查看通讯录', 'info', '51');
INSERT INTO `t_log` VALUES ('1275', null, 'POST', '2018-10-25 13:22:39', '', '0:0:0:0:0:0:0:1', '/logout', '1', '退出登录', 'info', null);
INSERT INTO `t_log` VALUES ('1276', null, 'POST', '2018-10-25 13:22:39', 'userId=51', '0:0:0:0:0:0:0:1', '/addressList/downStatus', '6', '离线', 'info', null);
INSERT INTO `t_log` VALUES ('1277', null, 'GET', '2018-10-25 13:22:39', '_dc=1540444958909&status=在线&employeeName=&storeName=&employeeNumber=&post=&page=1&start=0&limit=25', '0:0:0:0:0:0:0:1', '/addressList', '0', '查看通讯录', 'info', null);
INSERT INTO `t_log` VALUES ('1278', null, 'GET', '2018-10-25 13:22:41', '_dc=1540444960797&page=1&start=0&limit=25', '0:0:0:0:0:0:0:1', '/achievement/findAllStore', '2', 'findAllStore', 'info', null);
INSERT INTO `t_log` VALUES ('1279', null, 'GET', '2018-10-25 13:22:48', '_dc=1540444967852&start=0&limit=20&page=1&status=在线&employeeName=&storeName=&employeeNumber=&post=', '0:0:0:0:0:0:0:1', '/addressList', '0', '查看通讯录', 'info', null);
INSERT INTO `t_log` VALUES ('1280', null, 'POST', '2018-10-25 13:22:57', 'userName=LeWu&password=', '0:0:0:0:0:0:0:1', '/login', '13', '登录系统', 'info', '53');
INSERT INTO `t_log` VALUES ('1281', null, 'POST', '2018-10-25 13:22:57', 'userId=53', '0:0:0:0:0:0:0:1', '/addressList/upStatus', '19', '在线', 'info', '53');
INSERT INTO `t_log` VALUES ('1282', null, 'GET', '2018-10-25 13:22:57', '_dc=1540444977425&page=1&start=0&limit=25', '0:0:0:0:0:0:0:1', '/achievement/analyse', '8', '数据分析', 'info', '53');
INSERT INTO `t_log` VALUES ('1283', null, 'GET', '2018-10-25 13:22:57', '_dc=1540444977425&page=1&start=0&limit=25', '0:0:0:0:0:0:0:1', '/achievement', '39', '查询销售员月销售额', 'info', '53');
INSERT INTO `t_log` VALUES ('1284', null, 'GET', '2018-10-25 13:22:57', '_dc=1540444977426&page=1&start=0&limit=25', '0:0:0:0:0:0:0:1', '/achievement/sort', '11', '业绩排行', 'info', '53');
INSERT INTO `t_log` VALUES ('1285', null, 'GET', '2018-10-25 13:22:57', '_dc=1540444977427&page=1&start=0&limit=25', '0:0:0:0:0:0:0:1', '/achievement/findAllStore', '1', 'findAllStore', 'info', '53');
INSERT INTO `t_log` VALUES ('1286', null, 'GET', '2018-10-25 13:22:57', '_dc=1540444977492&status=在线&employeeName=&storeName=&employeeNumber=&post=&page=1&start=0&limit=25', '0:0:0:0:0:0:0:1', '/addressList', '12', '查看通讯录', 'info', '53');
INSERT INTO `t_log` VALUES ('1287', null, 'GET', '2018-10-25 13:23:07', '_dc=1540444986711&start=0&limit=20&page=1&status=在线&employeeName=&storeName=&employeeNumber=&post=', '0:0:0:0:0:0:0:1', '/addressList', '7', '查看通讯录', 'info', '53');
INSERT INTO `t_log` VALUES ('1288', null, 'GET', '2018-10-25 13:23:08', '_dc=1540444988011&start=0&limit=20&page=1&status=&employeeName=&storeName=&employeeNumber=&post=', '0:0:0:0:0:0:0:1', '/addressList', '13', '查看通讯录', 'info', '53');
INSERT INTO `t_log` VALUES ('1289', null, 'GET', '2018-10-25 13:23:19', '_dc=1540444998827&start=0&limit=20&page=1&status=&employeeName=&storeName=&employeeNumber=&post=', '0:0:0:0:0:0:0:1', '/addressList', '9', '查看通讯录', 'info', '53');
INSERT INTO `t_log` VALUES ('1290', null, 'GET', '2018-10-25 13:23:31', '_dc=1540445010585&start=0&limit=20&page=1&status=&employeeName=&storeName=&employeeNumber=&post=', '0:0:0:0:0:0:0:1', '/addressList', '13', '查看通讯录', 'info', '53');
INSERT INTO `t_log` VALUES ('1291', null, 'GET', '2018-10-25 13:23:53', '_dc=1540445032502&status=&employeeName=&storeName=&employeeNumber=&post=&page=2&start=25&limit=25', '0:0:0:0:0:0:0:1', '/addressList', '13', '查看通讯录', 'info', '53');
INSERT INTO `t_log` VALUES ('1292', null, 'GET', '2018-10-25 13:23:57', '_dc=1540445036703&status=&employeeName=&storeName=&employeeNumber=&post=&page=3&start=50&limit=25', '0:0:0:0:0:0:0:1', '/addressList', '6', '查看通讯录', 'info', '53');
INSERT INTO `t_log` VALUES ('1293', null, 'GET', '2018-10-25 13:23:59', '_dc=1540445038601&status=&employeeName=&storeName=&employeeNumber=&post=&page=2&start=25&limit=25', '0:0:0:0:0:0:0:1', '/addressList', '16', '查看通讯录', 'info', '53');
INSERT INTO `t_log` VALUES ('1294', null, 'GET', '2018-10-25 13:24:00', '_dc=1540445039662&status=&employeeName=&storeName=&employeeNumber=&post=&page=1&start=0&limit=25', '0:0:0:0:0:0:0:1', '/addressList', '11', '查看通讯录', 'info', '53');
INSERT INTO `t_log` VALUES ('1295', null, 'GET', '2018-10-25 13:24:05', '_dc=1540445045379&start=0&limit=20&page=1&status=&employeeName=L&storeName=&employeeNumber=&post=', '0:0:0:0:0:0:0:1', '/addressList', '41', '查看通讯录', 'info', '53');
INSERT INTO `t_log` VALUES ('1296', null, 'GET', '2018-10-25 13:24:22', '_dc=1540445061757&start=0&limit=20&page=1&status=&employeeName=LeWu&storeName=&employeeNumber=&post=', '0:0:0:0:0:0:0:1', '/addressList', '7', '查看通讯录', 'info', '53');
INSERT INTO `t_log` VALUES ('1297', null, 'GET', '2018-10-25 13:24:23', '_dc=1540445063123&start=0&limit=20&page=1&status=&employeeName=LeWu&storeName=&employeeNumber=&post=', '0:0:0:0:0:0:0:1', '/addressList', '7', '查看通讯录', 'info', '53');
INSERT INTO `t_log` VALUES ('1298', null, 'GET', '2018-10-25 13:24:24', '_dc=1540445063779&start=0&limit=20&page=1&status=在线&employeeName=LeWu&storeName=&employeeNumber=&post=', '0:0:0:0:0:0:0:1', '/addressList', '9', '查看通讯录', 'info', '53');
INSERT INTO `t_log` VALUES ('1299', null, 'GET', '2018-10-25 13:24:25', '_dc=1540445064788&start=0&limit=20&page=1&status=在线&employeeName=LeWu&storeName=&employeeNumber=&post=', '0:0:0:0:0:0:0:1', '/addressList', '8', '查看通讯录', 'info', '53');
INSERT INTO `t_log` VALUES ('1300', null, 'POST', '2018-10-25 13:29:22', '', '0:0:0:0:0:0:0:1', '/logout', '0', '退出登录', 'info', null);
INSERT INTO `t_log` VALUES ('1301', null, 'POST', '2018-10-25 13:29:22', 'userId=2', '0:0:0:0:0:0:0:1', '/addressList/downStatus', '3', '离线', 'info', null);
INSERT INTO `t_log` VALUES ('1302', null, 'GET', '2018-10-25 13:29:25', '_dc=1540445365036&page=1&start=0&limit=25', '0:0:0:0:0:0:0:1', '/achievement/findAllStore', '13', 'findAllStore', 'info', null);
INSERT INTO `t_log` VALUES ('1303', null, 'GET', '2018-10-25 13:29:26', '_dc=1540445365569&page=1&start=0&limit=25', '0:0:0:0:0:0:0:1', '/addressList', '0', '查看通讯录', 'info', null);
INSERT INTO `t_log` VALUES ('1304', null, 'GET', '2018-10-25 13:29:26', '_dc=1540445366383&page=1&start=0&limit=25', '0:0:0:0:0:0:0:1', '/achievement/sort', '20', '业绩排行', 'info', null);
INSERT INTO `t_log` VALUES ('1305', null, 'GET', '2018-10-25 13:29:26', '_dc=1540445366377&page=1&start=0&limit=25', '0:0:0:0:0:0:0:1', '/achievement', '26', '查询销售员月销售额', 'info', null);
INSERT INTO `t_log` VALUES ('1306', null, 'GET', '2018-10-25 13:29:26', '_dc=1540445366379&page=1&start=0&limit=25', '0:0:0:0:0:0:0:1', '/achievement/analyse', '24', '数据分析', 'info', null);
INSERT INTO `t_log` VALUES ('1307', null, 'GET', '2018-10-25 13:29:26', '_dc=1540445366449&page=1&start=0&limit=25', '0:0:0:0:0:0:0:1', '/achievement/findAllStore', '8', 'findAllStore', 'info', null);
INSERT INTO `t_log` VALUES ('1308', null, 'POST', '2018-10-25 13:29:28', '', '0:0:0:0:0:0:0:1', '/logout', '0', '退出登录', 'info', null);
INSERT INTO `t_log` VALUES ('1309', null, 'GET', '2018-10-25 13:29:31', '_dc=1540445371154&page=1&start=0&limit=25', '0:0:0:0:0:0:0:1', '/achievement/findAllStore', '2', 'findAllStore', 'info', null);
INSERT INTO `t_log` VALUES ('1310', null, 'POST', '2018-10-25 13:29:46', 'userName=LeSi&password=', '0:0:0:0:0:0:0:1', '/login', '13', '登录系统', 'info', '49');
INSERT INTO `t_log` VALUES ('1311', null, 'POST', '2018-10-25 13:29:47', 'userId=49', '0:0:0:0:0:0:0:1', '/addressList/upStatus', '4', '在线', 'info', '49');
INSERT INTO `t_log` VALUES ('1312', null, 'GET', '2018-10-25 13:29:47', '_dc=1540445386657&page=1&start=0&limit=25', '0:0:0:0:0:0:0:1', '/achievement', '13', '查询销售员月销售额', 'info', '49');
INSERT INTO `t_log` VALUES ('1313', null, 'GET', '2018-10-25 13:29:47', '_dc=1540445386665&page=1&start=0&limit=25', '0:0:0:0:0:0:0:1', '/achievement/sort', '13', '业绩排行', 'info', '49');
INSERT INTO `t_log` VALUES ('1314', null, 'GET', '2018-10-25 13:29:47', '_dc=1540445386661&page=1&start=0&limit=25', '0:0:0:0:0:0:0:1', '/achievement/analyse', '11', '数据分析', 'info', '49');
INSERT INTO `t_log` VALUES ('1315', null, 'GET', '2018-10-25 13:29:47', '_dc=1540445386668&page=1&start=0&limit=25', '0:0:0:0:0:0:0:1', '/achievement/findAllStore', '4', 'findAllStore', 'info', '49');
INSERT INTO `t_log` VALUES ('1316', null, 'GET', '2018-10-25 13:30:03', '_dc=1540445402596&page=1&start=0&limit=25', '0:0:0:0:0:0:0:1', '/addressList', '61', '查看通讯录', 'info', '49');
INSERT INTO `t_log` VALUES ('1317', null, 'POST', '2018-10-25 13:30:10', 'userId=53', '0:0:0:0:0:0:0:1', '/addressList/downStatus', '6', '离线', 'info', '49');
INSERT INTO `t_log` VALUES ('1318', null, 'GET', '2018-10-25 13:30:10', '_dc=1540445410166&page=1&start=0&limit=25', '0:0:0:0:0:0:0:1', '/addressList', '31', '查看通讯录', 'info', '49');
INSERT INTO `t_log` VALUES ('1319', null, 'GET', '2018-10-25 13:30:19', '_dc=1540445418643&start=0&limit=20&page=1&status=在线', '0:0:0:0:0:0:0:1', '/addressList', '6', '查看通讯录', 'info', '49');
INSERT INTO `t_log` VALUES ('1320', null, 'GET', '2018-10-25 13:30:20', '_dc=1540445420009&start=0&limit=20&page=1&status=在线', '0:0:0:0:0:0:0:1', '/addressList', '5', '查看通讯录', 'info', '49');
INSERT INTO `t_log` VALUES ('1321', null, 'GET', '2018-10-25 13:30:43', '_dc=1540445443073&page=1&start=0&limit=25', '0:0:0:0:0:0:0:1', '/achievement/findAllStore', '6', 'findAllStore', 'info', '49');
INSERT INTO `t_log` VALUES ('1322', null, 'GET', '2018-10-25 13:30:48', '_dc=1540445448399&start=0&limit=20&page=1&status=&employeeName=&storeName=&employeeNumber=&post=', '0:0:0:0:0:0:0:1', '/addressList', '8', '查看通讯录', 'info', '49');
INSERT INTO `t_log` VALUES ('1323', null, 'POST', '2018-10-25 13:31:04', 'userName=LeWu&password=', '0:0:0:0:0:0:0:1', '/login', '14', '登录系统', 'info', '53');
INSERT INTO `t_log` VALUES ('1324', null, 'POST', '2018-10-25 13:31:04', 'userId=53', '0:0:0:0:0:0:0:1', '/addressList/upStatus', '5', '在线', 'info', '53');
INSERT INTO `t_log` VALUES ('1325', null, 'GET', '2018-10-25 13:31:04', '_dc=1540445464036&status=&employeeName=&storeName=&employeeNumber=&post=&page=1&start=0&limit=25', '0:0:0:0:0:0:0:1', '/addressList', '15', '查看通讯录', 'info', '53');
INSERT INTO `t_log` VALUES ('1326', null, 'GET', '2018-10-25 13:31:04', '_dc=1540445464055&page=1&start=0&limit=25', '0:0:0:0:0:0:0:1', '/achievement/analyse', '16', '数据分析', 'info', '53');
INSERT INTO `t_log` VALUES ('1327', null, 'GET', '2018-10-25 13:31:04', '_dc=1540445464058&page=1&start=0&limit=25', '0:0:0:0:0:0:0:1', '/achievement/findAllStore', '3', 'findAllStore', 'info', '53');
INSERT INTO `t_log` VALUES ('1328', null, 'GET', '2018-10-25 13:31:04', '_dc=1540445464057&page=1&start=0&limit=25', '0:0:0:0:0:0:0:1', '/achievement/sort', '15', '业绩排行', 'info', '53');
INSERT INTO `t_log` VALUES ('1329', null, 'GET', '2018-10-25 13:31:04', '_dc=1540445464053&page=1&start=0&limit=25', '0:0:0:0:0:0:0:1', '/achievement', '26', '查询销售员月销售额', 'info', '53');
INSERT INTO `t_log` VALUES ('1330', null, 'GET', '2018-10-25 13:31:21', '_dc=1540445480614&status=&employeeName=&storeName=&employeeNumber=&post=&page=2&start=25&limit=25', '0:0:0:0:0:0:0:1', '/addressList', '15', '查看通讯录', 'info', '53');
INSERT INTO `t_log` VALUES ('1331', null, 'GET', '2018-10-25 13:31:25', '_dc=1540445484781&status=&employeeName=&storeName=&employeeNumber=&post=&page=3&start=50&limit=25', '0:0:0:0:0:0:0:1', '/addressList', '4', '查看通讯录', 'info', '53');
INSERT INTO `t_log` VALUES ('1332', null, 'GET', '2018-10-25 13:31:30', '_dc=1540445490152&status=&employeeName=&storeName=&employeeNumber=&post=&page=2&start=25&limit=25', '0:0:0:0:0:0:0:1', '/addressList', '12', '查看通讯录', 'info', '53');
INSERT INTO `t_log` VALUES ('1333', null, 'GET', '2018-10-25 13:31:33', '_dc=1540445492586&status=&employeeName=&storeName=&employeeNumber=&post=&page=1&start=0&limit=25', '0:0:0:0:0:0:0:1', '/addressList', '12', '查看通讯录', 'info', '53');
INSERT INTO `t_log` VALUES ('1334', null, 'GET', '2018-10-25 13:31:36', '_dc=1540445495658&start=0&limit=20&page=1&status=在线&employeeName=&storeName=&employeeNumber=&post=', '0:0:0:0:0:0:0:1', '/addressList', '5', '查看通讯录', 'info', '53');
INSERT INTO `t_log` VALUES ('1335', null, 'POST', '2018-10-25 13:37:07', '', '0:0:0:0:0:0:0:1', '/logout', '0', '退出登录', 'info', null);
INSERT INTO `t_log` VALUES ('1336', null, 'POST', '2018-10-25 13:37:07', 'userId=49', '0:0:0:0:0:0:0:1', '/addressList/downStatus', '241', '离线', 'info', null);
INSERT INTO `t_log` VALUES ('1337', null, 'GET', '2018-10-25 13:37:10', '_dc=1540445829906&page=1&start=0&limit=25', '0:0:0:0:0:0:0:1', '/achievement/findAllStore', '2', 'findAllStore', 'info', null);
INSERT INTO `t_log` VALUES ('1338', null, 'POST', '2018-10-25 13:37:13', 'userName=LeSi&password=', '0:0:0:0:0:0:0:1', '/login', '182', '登录系统', 'info', '49');
INSERT INTO `t_log` VALUES ('1339', null, 'POST', '2018-10-25 13:37:14', 'userId=49', '0:0:0:0:0:0:0:1', '/addressList/upStatus', '6', '在线', 'info', '49');
INSERT INTO `t_log` VALUES ('1340', null, 'GET', '2018-10-25 13:37:14', '_dc=1540445833732&page=1&start=0&limit=25', '0:0:0:0:0:0:0:1', '/achievement', '224', '查询销售员月销售额', 'info', '49');
INSERT INTO `t_log` VALUES ('1341', null, 'GET', '2018-10-25 13:37:14', '_dc=1540445833741&page=1&start=0&limit=25', '0:0:0:0:0:0:0:1', '/achievement/findAllStore', '246', 'findAllStore', 'info', '49');
INSERT INTO `t_log` VALUES ('1342', null, 'GET', '2018-10-25 13:37:14', '_dc=1540445833735&page=1&start=0&limit=25', '0:0:0:0:0:0:0:1', '/achievement/analyse', '316', '数据分析', 'info', '49');
INSERT INTO `t_log` VALUES ('1343', null, 'GET', '2018-10-25 13:37:14', '_dc=1540445833739&page=1&start=0&limit=25', '0:0:0:0:0:0:0:1', '/achievement/sort', '405', '业绩排行', 'info', '49');
INSERT INTO `t_log` VALUES ('1344', null, 'GET', '2018-10-25 13:37:31', '_dc=1540445850492&page=1&start=0&limit=25', '0:0:0:0:0:0:0:1', '/addressList', '72', '查看通讯录', 'info', '49');
INSERT INTO `t_log` VALUES ('1345', null, 'GET', '2018-10-25 13:37:47', '_dc=1540445866703&page=1&start=0&limit=25', '0:0:0:0:0:0:0:1', '/addressList', '11', '查看通讯录', 'info', '49');
INSERT INTO `t_log` VALUES ('1346', null, 'POST', '2018-10-25 13:38:00', '', '0:0:0:0:0:0:0:1', '/logout', '0', '退出登录', 'info', null);
INSERT INTO `t_log` VALUES ('1347', null, 'POST', '2018-10-25 13:38:00', 'userId=53', '0:0:0:0:0:0:0:1', '/addressList/downStatus', '5', '离线', 'info', null);
INSERT INTO `t_log` VALUES ('1348', null, 'GET', '2018-10-25 13:38:00', '_dc=1540445880477&page=1&start=0&limit=25', '0:0:0:0:0:0:0:1', '/addressList', '0', '查看通讯录', 'info', null);
INSERT INTO `t_log` VALUES ('1349', null, 'GET', '2018-10-25 13:38:02', '_dc=1540445882285&page=1&start=0&limit=25', '0:0:0:0:0:0:0:1', '/achievement/findAllStore', '2', 'findAllStore', 'info', null);
INSERT INTO `t_log` VALUES ('1350', null, 'POST', '2018-10-25 13:38:14', '', '0:0:0:0:0:0:0:1', '/logout', '0', '退出登录', 'info', null);
INSERT INTO `t_log` VALUES ('1351', null, 'POST', '2018-10-25 13:38:14', 'userId=49', '0:0:0:0:0:0:0:1', '/addressList/downStatus', '9', '离线', 'info', null);
INSERT INTO `t_log` VALUES ('1352', null, 'GET', '2018-10-25 13:38:17', '_dc=1540445896874&page=1&start=0&limit=25', '0:0:0:0:0:0:0:1', '/achievement/findAllStore', '2', 'findAllStore', 'info', null);
INSERT INTO `t_log` VALUES ('1353', null, 'POST', '2018-10-25 13:38:20', 'userName=LeSi&password=', '0:0:0:0:0:0:0:1', '/login', '16', '登录系统', 'info', '49');
INSERT INTO `t_log` VALUES ('1354', null, 'POST', '2018-10-25 13:38:21', 'userId=49', '0:0:0:0:0:0:0:1', '/addressList/upStatus', '6', '在线', 'info', '49');
INSERT INTO `t_log` VALUES ('1355', null, 'GET', '2018-10-25 13:38:21', '_dc=1540445900551&page=1&start=0&limit=25', '0:0:0:0:0:0:0:1', '/achievement', '10', '查询销售员月销售额', 'info', '49');
INSERT INTO `t_log` VALUES ('1356', null, 'GET', '2018-10-25 13:38:21', '_dc=1540445900558&page=1&start=0&limit=25', '0:0:0:0:0:0:0:1', '/achievement/sort', '30', '业绩排行', 'info', '49');
INSERT INTO `t_log` VALUES ('1357', null, 'GET', '2018-10-25 13:38:21', '_dc=1540445900560&page=1&start=0&limit=25', '0:0:0:0:0:0:0:1', '/achievement/findAllStore', '31', 'findAllStore', 'info', '49');
INSERT INTO `t_log` VALUES ('1358', null, 'GET', '2018-10-25 13:38:21', '_dc=1540445900556&page=1&start=0&limit=25', '0:0:0:0:0:0:0:1', '/achievement/analyse', '50', '数据分析', 'info', '49');
INSERT INTO `t_log` VALUES ('1359', null, 'GET', '2018-10-25 13:38:23', '_dc=1540445903430&page=1&start=0&limit=25', '0:0:0:0:0:0:0:1', '/addressList', '27', '查看通讯录', 'info', '49');
INSERT INTO `t_log` VALUES ('1360', null, 'POST', '2018-10-25 13:38:39', 'userName=LeWu&password=', '0:0:0:0:0:0:0:1', '/login', '14', '登录系统', 'info', '53');
INSERT INTO `t_log` VALUES ('1361', null, 'POST', '2018-10-25 13:38:39', 'userId=53', '0:0:0:0:0:0:0:1', '/addressList/upStatus', '5', '在线', 'info', '53');
INSERT INTO `t_log` VALUES ('1362', null, 'GET', '2018-10-25 13:38:40', '_dc=1540445919545&page=1&start=0&limit=25', '0:0:0:0:0:0:0:1', '/achievement', '13', '查询销售员月销售额', 'info', '53');
INSERT INTO `t_log` VALUES ('1363', null, 'GET', '2018-10-25 13:38:40', '_dc=1540445919548&page=1&start=0&limit=25', '0:0:0:0:0:0:0:1', '/achievement/findAllStore', '11', 'findAllStore', 'info', '53');
INSERT INTO `t_log` VALUES ('1364', null, 'GET', '2018-10-25 13:38:40', '_dc=1540445919547&page=1&start=0&limit=25', '0:0:0:0:0:0:0:1', '/achievement/sort', '43', '业绩排行', 'info', '53');
INSERT INTO `t_log` VALUES ('1365', null, 'GET', '2018-10-25 13:38:40', '_dc=1540445919547&page=1&start=0&limit=25', '0:0:0:0:0:0:0:1', '/achievement/analyse', '11', '数据分析', 'info', '53');
INSERT INTO `t_log` VALUES ('1366', null, 'GET', '2018-10-25 13:38:40', '_dc=1540445919559&page=1&start=0&limit=25', '0:0:0:0:0:0:0:1', '/addressList', '27', '查看通讯录', 'info', '53');
INSERT INTO `t_log` VALUES ('1367', null, 'GET', '2018-10-25 13:38:57', '_dc=1540445936780&status=在线&page=1&start=0&limit=25', '0:0:0:0:0:0:0:1', '/addressList', '9', '查看通讯录', 'info', '53');
INSERT INTO `t_log` VALUES ('1368', null, 'GET', '2018-10-25 13:39:26', '_dc=1540445965803&page=1&start=0&limit=25', '0:0:0:0:0:0:0:1', '/addressList', '33', '查看通讯录', 'info', '53');
INSERT INTO `t_log` VALUES ('1369', null, 'GET', '2018-10-25 13:39:40', '_dc=1540445980190&status=在线&page=1&start=0&limit=25', '0:0:0:0:0:0:0:1', '/addressList', '10', '查看通讯录', 'info', '53');
INSERT INTO `t_log` VALUES ('1370', null, 'POST', '2018-10-25 13:43:35', '', '0:0:0:0:0:0:0:1', '/logout', '0', '退出登录', 'info', null);
INSERT INTO `t_log` VALUES ('1371', null, 'POST', '2018-10-25 13:43:35', 'userId=49', '0:0:0:0:0:0:0:1', '/addressList/downStatus', '7', '离线', 'info', null);
INSERT INTO `t_log` VALUES ('1372', null, 'GET', '2018-10-25 13:43:35', '_dc=1540446214921&status=在线&page=1&start=0&limit=25', '0:0:0:0:0:0:0:1', '/addressList', '0', '查看通讯录', 'info', null);
INSERT INTO `t_log` VALUES ('1373', null, 'GET', '2018-10-25 13:43:37', '_dc=1540446217293&page=1&start=0&limit=25', '0:0:0:0:0:0:0:1', '/achievement/findAllStore', '2', 'findAllStore', 'info', null);
INSERT INTO `t_log` VALUES ('1374', null, 'POST', '2018-10-25 13:43:40', '', '0:0:0:0:0:0:0:1', '/logout', '0', '退出登录', 'info', null);
INSERT INTO `t_log` VALUES ('1375', null, 'POST', '2018-10-25 13:43:40', 'userId=53', '0:0:0:0:0:0:0:1', '/addressList/downStatus', '8', '离线', 'info', null);
INSERT INTO `t_log` VALUES ('1376', null, 'GET', '2018-10-25 13:43:42', '_dc=1540446221627&page=1&start=0&limit=25', '0:0:0:0:0:0:0:1', '/achievement/findAllStore', '4', 'findAllStore', 'info', null);
INSERT INTO `t_log` VALUES ('1377', null, 'POST', '2018-10-25 13:43:59', 'userName=YiTian&password=', '0:0:0:0:0:0:0:1', '/login', '15', '登录系统', 'info', '50');
INSERT INTO `t_log` VALUES ('1378', null, 'POST', '2018-10-25 13:43:59', 'userId=50', '0:0:0:0:0:0:0:1', '/addressList/upStatus', '116', '在线', 'info', '50');
INSERT INTO `t_log` VALUES ('1379', null, 'GET', '2018-10-25 13:44:00', '_dc=1540446239544&page=1&start=0&limit=25', '0:0:0:0:0:0:0:1', '/achievement', '15', '查询销售员月销售额', 'info', '50');
INSERT INTO `t_log` VALUES ('1380', null, 'GET', '2018-10-25 13:44:00', '_dc=1540446239547&page=1&start=0&limit=25', '0:0:0:0:0:0:0:1', '/achievement/analyse', '14', '数据分析', 'info', '50');
INSERT INTO `t_log` VALUES ('1381', null, 'GET', '2018-10-25 13:44:00', '_dc=1540446239553&page=1&start=0&limit=25', '0:0:0:0:0:0:0:1', '/achievement/findAllStore', '2', 'findAllStore', 'info', '50');
INSERT INTO `t_log` VALUES ('1382', null, 'GET', '2018-10-25 13:44:00', '_dc=1540446239550&page=1&start=0&limit=25', '0:0:0:0:0:0:0:1', '/achievement/sort', '182', '业绩排行', 'info', '50');
INSERT INTO `t_log` VALUES ('1383', null, 'GET', '2018-10-25 13:44:04', '_dc=1540446244383&page=1&start=0&limit=25', '0:0:0:0:0:0:0:1', '/addressList', '186', '查看通讯录', 'info', '50');
INSERT INTO `t_log` VALUES ('1384', null, 'POST', '2018-10-25 13:44:26', 'userName=LeWu&password=', '0:0:0:0:0:0:0:1', '/login', '15', '登录系统', 'info', '53');
INSERT INTO `t_log` VALUES ('1385', null, 'POST', '2018-10-25 13:44:26', 'userId=53', '0:0:0:0:0:0:0:1', '/addressList/upStatus', '6', '在线', 'info', '53');
INSERT INTO `t_log` VALUES ('1386', null, 'GET', '2018-10-25 13:44:26', '_dc=1540446266187&page=1&start=0&limit=25', '0:0:0:0:0:0:0:1', '/achievement', '30', '查询销售员月销售额', 'info', '53');
INSERT INTO `t_log` VALUES ('1387', null, 'GET', '2018-10-25 13:44:26', '_dc=1540446266194&page=1&start=0&limit=25', '0:0:0:0:0:0:0:1', '/achievement/findAllStore', '5', 'findAllStore', 'info', '53');
INSERT INTO `t_log` VALUES ('1388', null, 'GET', '2018-10-25 13:44:26', '_dc=1540446266193&page=1&start=0&limit=25', '0:0:0:0:0:0:0:1', '/achievement/sort', '15', '业绩排行', 'info', '53');
INSERT INTO `t_log` VALUES ('1389', null, 'GET', '2018-10-25 13:44:26', '_dc=1540446266191&page=1&start=0&limit=25', '0:0:0:0:0:0:0:1', '/achievement/analyse', '57', '数据分析', 'info', '53');
INSERT INTO `t_log` VALUES ('1390', null, 'GET', '2018-10-25 13:44:26', '_dc=1540446266283&page=1&start=0&limit=25', '0:0:0:0:0:0:0:1', '/addressList', '18', '查看通讯录', 'info', '53');
INSERT INTO `t_log` VALUES ('1391', null, 'GET', '2018-10-25 13:45:24', '_dc=1540446324093&start=0&limit=20&page=1&employeeName=LeWu&storeName=&employeeNumber=&post=', '0:0:0:0:0:0:0:1', '/addressList', '37', '查看通讯录', 'info', '53');
INSERT INTO `t_log` VALUES ('1392', null, 'POST', '2018-10-25 13:45:28', 'userId=50', '0:0:0:0:0:0:0:1', '/addressList/downStatus', '6', '离线', 'info', '53');
INSERT INTO `t_log` VALUES ('1393', null, 'GET', '2018-10-25 13:45:31', '_dc=1540446330597&page=1&start=0&limit=25', '0:0:0:0:0:0:0:1', '/achievement/findAllStore', '3', 'findAllStore', 'info', '53');
INSERT INTO `t_log` VALUES ('1394', null, 'GET', '2018-10-25 13:45:31', '_dc=1540446331180&page=1&start=0&limit=25', '0:0:0:0:0:0:0:1', '/addressList', '110', '查看通讯录', 'info', '53');
INSERT INTO `t_log` VALUES ('1395', null, 'POST', '2018-10-25 13:45:34', '', '0:0:0:0:0:0:0:1', '/logout', '0', '退出登录', 'info', null);
INSERT INTO `t_log` VALUES ('1396', null, 'GET', '2018-10-25 13:45:36', '_dc=1540446336060&page=1&start=0&limit=25', '0:0:0:0:0:0:0:1', '/achievement/findAllStore', '2', 'findAllStore', 'info', null);
INSERT INTO `t_log` VALUES ('1397', null, 'POST', '2018-10-25 13:45:43', '', '0:0:0:0:0:0:0:1', '/logout', '0', '退出登录', 'info', null);
INSERT INTO `t_log` VALUES ('1398', null, 'POST', '2018-10-25 13:45:43', 'userId=53', '0:0:0:0:0:0:0:1', '/addressList/downStatus', '6', '离线', 'info', null);
INSERT INTO `t_log` VALUES ('1399', null, 'GET', '2018-10-25 13:45:45', '_dc=1540446344910&page=1&start=0&limit=25', '0:0:0:0:0:0:0:1', '/achievement/findAllStore', '2', 'findAllStore', 'info', null);
INSERT INTO `t_log` VALUES ('1400', null, 'POST', '2018-10-25 13:46:15', 'userName=YiGang&password=', '0:0:0:0:0:0:0:1', '/login', '242', '登录系统', 'info', '52');
INSERT INTO `t_log` VALUES ('1401', null, 'POST', '2018-10-25 13:46:15', 'userId=52', '0:0:0:0:0:0:0:1', '/addressList/upStatus', '8', '在线', 'info', '52');
INSERT INTO `t_log` VALUES ('1402', null, 'GET', '2018-10-25 13:46:15', '_dc=1540446375204&page=1&start=0&limit=25', '0:0:0:0:0:0:0:1', '/achievement/analyse', '13', '数据分析', 'info', '52');
INSERT INTO `t_log` VALUES ('1403', null, 'GET', '2018-10-25 13:46:15', '_dc=1540446375201&page=1&start=0&limit=25', '0:0:0:0:0:0:0:1', '/achievement', '10', '查询销售员月销售额', 'info', '52');
INSERT INTO `t_log` VALUES ('1404', null, 'GET', '2018-10-25 13:46:15', '_dc=1540446375207&page=1&start=0&limit=25', '0:0:0:0:0:0:0:1', '/achievement/sort', '10', '业绩排行', 'info', '52');
INSERT INTO `t_log` VALUES ('1405', null, 'GET', '2018-10-25 13:46:15', '_dc=1540446375209&page=1&start=0&limit=25', '0:0:0:0:0:0:0:1', '/achievement/findAllStore', '1', 'findAllStore', 'info', '52');
INSERT INTO `t_log` VALUES ('1406', null, 'GET', '2018-10-25 13:46:21', '_dc=1540446381164&page=1&start=0&limit=25', '0:0:0:0:0:0:0:1', '/addressList', '15', '查看通讯录', 'info', '52');
INSERT INTO `t_log` VALUES ('1407', null, 'GET', '2018-10-25 13:46:34', '_dc=1540446393671&start=0&limit=20&page=1&employeeName=&storeName=&employeeNumber=&post=', '0:0:0:0:0:0:0:1', '/addressList', '17', '查看通讯录', 'info', '52');
INSERT INTO `t_log` VALUES ('1408', null, 'GET', '2018-10-25 13:46:38', '_dc=1540446397701&employeeName=&storeName=&employeeNumber=&post=&status=在线&page=1&start=0&limit=25', '0:0:0:0:0:0:0:1', '/addressList', '7', '查看通讯录', 'info', '52');
INSERT INTO `t_log` VALUES ('1409', null, 'POST', '2018-10-25 13:47:49', 'userName=LeWu&password=', '0:0:0:0:0:0:0:1', '/login', '86', '登录系统', 'info', '53');
INSERT INTO `t_log` VALUES ('1410', null, 'POST', '2018-10-25 13:47:49', 'userId=53', '0:0:0:0:0:0:0:1', '/addressList/upStatus', '9', '在线', 'info', '53');
INSERT INTO `t_log` VALUES ('1411', null, 'GET', '2018-10-25 13:47:50', '_dc=1540446469538&page=1&start=0&limit=25', '0:0:0:0:0:0:0:1', '/achievement', '12', '查询销售员月销售额', 'info', '53');
INSERT INTO `t_log` VALUES ('1412', null, 'GET', '2018-10-25 13:47:50', '_dc=1540446469542&page=1&start=0&limit=25', '0:0:0:0:0:0:0:1', '/achievement/analyse', '8', '数据分析', 'info', '53');
INSERT INTO `t_log` VALUES ('1413', null, 'GET', '2018-10-25 13:47:50', '_dc=1540446469549&page=1&start=0&limit=25', '0:0:0:0:0:0:0:1', '/achievement/findAllStore', '3', 'findAllStore', 'info', '53');
INSERT INTO `t_log` VALUES ('1414', null, 'GET', '2018-10-25 13:47:50', '_dc=1540446469545&page=1&start=0&limit=25', '0:0:0:0:0:0:0:1', '/achievement/sort', '191', '业绩排行', 'info', '53');
INSERT INTO `t_log` VALUES ('1415', null, 'GET', '2018-10-25 13:47:50', '_dc=1540446469549&employeeName=&storeName=&employeeNumber=&post=&status=在线&page=1&start=0&limit=25', '0:0:0:0:0:0:0:1', '/addressList', '17', '查看通讯录', 'info', '53');
INSERT INTO `t_log` VALUES ('1416', null, 'GET', '2018-10-25 13:48:17', '_dc=1540446497483&employeeName=&storeName=&employeeNumber=&post=&status=在线&page=1&start=0&limit=25', '0:0:0:0:0:0:0:1', '/addressList', '9', '查看通讯录', 'info', '53');
INSERT INTO `t_log` VALUES ('1417', null, 'GET', '2018-10-25 13:48:42', '_dc=1540446522141&page=1&start=0&limit=25', '0:0:0:0:0:0:0:1', '/addressList', '109', '查看通讯录', 'info', '53');
INSERT INTO `t_log` VALUES ('1418', null, 'GET', '2018-10-25 13:48:50', '_dc=1540446529573&start=0&limit=20&page=1&employeeName=LeWu&storeName=&employeeNumber=&post=', '0:0:0:0:0:0:0:1', '/addressList', '4', '查看通讯录', 'info', '53');
INSERT INTO `t_log` VALUES ('1419', null, 'POST', '2018-10-25 13:54:12', '', '0:0:0:0:0:0:0:1', '/logout', '0', '退出登录', 'info', null);
INSERT INTO `t_log` VALUES ('1420', null, 'POST', '2018-10-25 13:54:12', 'userId=52', '0:0:0:0:0:0:0:1', '/addressList/downStatus', '62', '离线', 'info', null);
INSERT INTO `t_log` VALUES ('1421', null, 'GET', '2018-10-25 13:54:12', '_dc=1540446851847&employeeName=LeWu&storeName=&employeeNumber=&post=&page=1&start=0&limit=25', '0:0:0:0:0:0:0:1', '/addressList', '0', '查看通讯录', 'info', null);
INSERT INTO `t_log` VALUES ('1422', null, 'GET', '2018-10-25 13:54:18', '_dc=1540446857601&page=1&start=0&limit=25', '0:0:0:0:0:0:0:1', '/achievement/findAllStore', '2', 'findAllStore', 'info', null);
INSERT INTO `t_log` VALUES ('1423', null, 'POST', '2018-10-25 13:54:28', 'userName=YiGang&password=', '0:0:0:0:0:0:0:1', '/login', '15', '登录系统', 'info', '52');
INSERT INTO `t_log` VALUES ('1424', null, 'POST', '2018-10-25 13:54:28', 'userId=52', '0:0:0:0:0:0:0:1', '/addressList/upStatus', '6', '在线', 'info', '52');
INSERT INTO `t_log` VALUES ('1425', null, 'GET', '2018-10-25 13:54:28', '_dc=1540446867979&page=1&start=0&limit=25', '0:0:0:0:0:0:0:1', '/achievement/findAllStore', '2', 'findAllStore', 'info', '52');
INSERT INTO `t_log` VALUES ('1426', null, 'GET', '2018-10-25 13:54:28', '_dc=1540446867966&page=1&start=0&limit=25', '0:0:0:0:0:0:0:1', '/achievement', '76', '查询销售员月销售额', 'info', '52');
INSERT INTO `t_log` VALUES ('1427', null, 'GET', '2018-10-25 13:54:28', '_dc=1540446867972&page=1&start=0&limit=25', '0:0:0:0:0:0:0:1', '/achievement/analyse', '70', '数据分析', 'info', '52');
INSERT INTO `t_log` VALUES ('1428', null, 'GET', '2018-10-25 13:54:28', '_dc=1540446867976&page=1&start=0&limit=25', '0:0:0:0:0:0:0:1', '/achievement/sort', '174', '业绩排行', 'info', '52');
INSERT INTO `t_log` VALUES ('1429', null, 'GET', '2018-10-25 13:54:28', '_dc=1540446868053&employeeName=LeWu&storeName=&employeeNumber=&post=&page=1&start=0&limit=25', '0:0:0:0:0:0:0:1', '/addressList', '553', '查看通讯录', 'info', '52');
INSERT INTO `t_log` VALUES ('1430', null, 'GET', '2018-10-25 13:54:31', '_dc=1540446871253&page=1&start=0&limit=25', '0:0:0:0:0:0:0:1', '/addressList', '58', '查看通讯录', 'info', '52');
INSERT INTO `t_log` VALUES ('1431', null, 'GET', '2018-10-25 13:54:37', '_dc=1540446877143&status=在线&employeeName=&storeName=&employeeNumber=&post=&page=1&start=0&limit=25', '0:0:0:0:0:0:0:1', '/addressList', '7', '查看通讯录', 'info', '52');
INSERT INTO `t_log` VALUES ('1432', null, 'GET', '2018-10-25 13:54:45', '_dc=1540446885377&start=0&limit=20&page=1&status=&employeeName=&storeName=&employeeNumber=&post=', '0:0:0:0:0:0:0:1', '/addressList', '15', '查看通讯录', 'info', '52');
INSERT INTO `t_log` VALUES ('1433', null, 'GET', '2018-10-25 13:54:53', '_dc=1540446892543&start=0&limit=20&page=1&status=&employeeName=YiGang&storeName=&employeeNumber=&post=', '0:0:0:0:0:0:0:1', '/addressList', '9', '查看通讯录', 'info', '52');
INSERT INTO `t_log` VALUES ('1434', null, 'GET', '2018-10-25 13:54:56', '_dc=1540446896175&start=0&limit=20&page=1&status=&employeeName=&storeName=&employeeNumber=&post=', '0:0:0:0:0:0:0:1', '/addressList', '23', '查看通讯录', 'info', '52');
INSERT INTO `t_log` VALUES ('1435', null, 'POST', '2018-10-25 13:55:05', '', '0:0:0:0:0:0:0:1', '/logout', '0', '退出登录', 'info', null);
INSERT INTO `t_log` VALUES ('1436', null, 'POST', '2018-10-25 13:55:05', 'userId=53', '0:0:0:0:0:0:0:1', '/addressList/downStatus', '8', '离线', 'info', null);
INSERT INTO `t_log` VALUES ('1437', null, 'GET', '2018-10-25 13:55:06', '_dc=1540446905570&status=&employeeName=&storeName=&employeeNumber=&post=&page=1&start=0&limit=25', '0:0:0:0:0:0:0:1', '/addressList', '0', '查看通讯录', 'info', null);
INSERT INTO `t_log` VALUES ('1438', null, 'GET', '2018-10-25 13:55:08', '_dc=1540446907805&page=1&start=0&limit=25', '0:0:0:0:0:0:0:1', '/achievement/findAllStore', '2', 'findAllStore', 'info', null);
INSERT INTO `t_log` VALUES ('1439', null, 'GET', '2018-10-25 13:55:11', '_dc=1540446911213&start=0&limit=20&page=1&status=&employeeName=&storeName=&employeeNumber=&post=', '0:0:0:0:0:0:0:1', '/addressList', '0', '查看通讯录', 'info', null);
INSERT INTO `t_log` VALUES ('1440', null, 'POST', '2018-10-25 13:55:34', 'userName=LeWu&password=', '0:0:0:0:0:0:0:1', '/login', '120', '登录系统', 'info', '53');
INSERT INTO `t_log` VALUES ('1441', null, 'POST', '2018-10-25 13:55:34', 'userId=53', '0:0:0:0:0:0:0:1', '/addressList/upStatus', '4', '在线', 'info', '53');
INSERT INTO `t_log` VALUES ('1442', null, 'GET', '2018-10-25 13:55:35', '_dc=1540446934563&status=&employeeName=&storeName=&employeeNumber=&post=&page=1&start=0&limit=25', '0:0:0:0:0:0:0:1', '/addressList', '76', '查看通讯录', 'info', '53');
INSERT INTO `t_log` VALUES ('1443', null, 'GET', '2018-10-25 13:56:59', '_dc=1540447018947&start=0&limit=20&page=1&status=&employeeName=&storeName=&employeeNumber=&post=', '0:0:0:0:0:0:0:1', '/addressList', '17', '查看通讯录', 'info', '53');
INSERT INTO `t_log` VALUES ('1444', null, 'GET', '2018-10-25 13:57:00', '_dc=1540447020198&status=在线&employeeName=&storeName=&employeeNumber=&post=&page=1&start=0&limit=25', '0:0:0:0:0:0:0:1', '/addressList', '14', '查看通讯录', 'info', '53');
INSERT INTO `t_log` VALUES ('1445', null, 'GET', '2018-10-25 13:57:02', '_dc=1540447021817&start=0&limit=20&page=1&status=&employeeName=&storeName=&employeeNumber=&post=', '0:0:0:0:0:0:0:1', '/addressList', '29', '查看通讯录', 'info', '53');
INSERT INTO `t_log` VALUES ('1446', null, 'POST', '2018-10-25 13:57:19', 'userName=YiGang&password=', '0:0:0:0:0:0:0:1', '/login', '16', '登录系统', 'info', '52');
INSERT INTO `t_log` VALUES ('1447', null, 'POST', '2018-10-25 13:57:19', 'userId=52', '0:0:0:0:0:0:0:1', '/addressList/upStatus', '3', '在线', 'info', '52');
INSERT INTO `t_log` VALUES ('1448', null, 'GET', '2018-10-25 13:57:20', '_dc=1540447039510&status=&employeeName=&storeName=&employeeNumber=&post=&page=1&start=0&limit=25', '0:0:0:0:0:0:0:1', '/addressList', '15', '查看通讯录', 'info', '52');
INSERT INTO `t_log` VALUES ('1449', null, 'GET', '2018-10-25 13:57:20', '_dc=1540447039553&page=1&start=0&limit=25', '0:0:0:0:0:0:0:1', '/achievement/findAllStore', '5', 'findAllStore', 'info', '52');
INSERT INTO `t_log` VALUES ('1450', null, 'GET', '2018-10-25 13:57:20', '_dc=1540447039549&page=1&start=0&limit=25', '0:0:0:0:0:0:0:1', '/achievement/analyse', '25', '数据分析', 'info', '52');
INSERT INTO `t_log` VALUES ('1451', null, 'GET', '2018-10-25 13:57:20', '_dc=1540447039544&page=1&start=0&limit=25', '0:0:0:0:0:0:0:1', '/achievement', '62', '查询销售员月销售额', 'info', '52');
INSERT INTO `t_log` VALUES ('1452', null, 'GET', '2018-10-25 13:57:20', '_dc=1540447039551&page=1&start=0&limit=25', '0:0:0:0:0:0:0:1', '/achievement/sort', '19', '业绩排行', 'info', '52');
INSERT INTO `t_log` VALUES ('1453', null, 'GET', '2018-10-25 13:57:40', '_dc=1540447059859&status=在线&employeeName=&storeName=&employeeNumber=&post=&page=1&start=0&limit=25', '0:0:0:0:0:0:0:1', '/addressList', '6', '查看通讯录', 'info', '52');
INSERT INTO `t_log` VALUES ('1454', null, 'POST', '2018-10-25 13:58:01', '', '0:0:0:0:0:0:0:1', '/logout', '0', '退出登录', 'info', null);
INSERT INTO `t_log` VALUES ('1455', null, 'POST', '2018-10-25 13:58:01', 'userId=53', '0:0:0:0:0:0:0:1', '/addressList/downStatus', '4', '离线', 'info', null);
INSERT INTO `t_log` VALUES ('1456', null, 'GET', '2018-10-25 13:58:01', '_dc=1540447080779&status=在线&employeeName=&storeName=&employeeNumber=&post=&page=1&start=0&limit=25', '0:0:0:0:0:0:0:1', '/addressList', '0', '查看通讯录', 'info', null);
INSERT INTO `t_log` VALUES ('1457', null, 'GET', '2018-10-25 13:58:03', '_dc=1540447083323&page=1&start=0&limit=25', '0:0:0:0:0:0:0:1', '/achievement/findAllStore', '3', 'findAllStore', 'info', null);
INSERT INTO `t_log` VALUES ('1458', null, 'POST', '2018-10-25 13:58:04', '', '0:0:0:0:0:0:0:1', '/logout', '0', '退出登录', 'info', null);
INSERT INTO `t_log` VALUES ('1459', null, 'POST', '2018-10-25 13:58:04', 'userId=52', '0:0:0:0:0:0:0:1', '/addressList/downStatus', '10', '离线', 'info', null);
INSERT INTO `t_log` VALUES ('1460', null, 'GET', '2018-10-25 13:58:07', '_dc=1540447086542&page=1&start=0&limit=25', '0:0:0:0:0:0:0:1', '/achievement/findAllStore', '3', 'findAllStore', 'info', null);
INSERT INTO `t_log` VALUES ('1461', null, 'POST', '2018-10-25 13:58:22', 'userName=YiGang&password=', '0:0:0:0:0:0:0:1', '/login', '105', '登录系统', 'info', '52');
INSERT INTO `t_log` VALUES ('1462', null, 'POST', '2018-10-25 13:58:22', 'userId=52', '0:0:0:0:0:0:0:1', '/addressList/upStatus', '10', '在线', 'info', '52');
INSERT INTO `t_log` VALUES ('1463', null, 'GET', '2018-10-25 13:58:23', '_dc=1540447102618&page=1&start=0&limit=25', '0:0:0:0:0:0:0:1', '/achievement/sort', '11', '业绩排行', 'info', '52');
INSERT INTO `t_log` VALUES ('1464', null, 'GET', '2018-10-25 13:58:23', '_dc=1540447102616&page=1&start=0&limit=25', '0:0:0:0:0:0:0:1', '/achievement/analyse', '39', '数据分析', 'info', '52');
INSERT INTO `t_log` VALUES ('1465', null, 'GET', '2018-10-25 13:58:23', '_dc=1540447102613&page=1&start=0&limit=25', '0:0:0:0:0:0:0:1', '/achievement', '67', '查询销售员月销售额', 'info', '52');
INSERT INTO `t_log` VALUES ('1466', null, 'GET', '2018-10-25 13:58:23', '_dc=1540447102620&page=1&start=0&limit=25', '0:0:0:0:0:0:0:1', '/achievement/findAllStore', '3', 'findAllStore', 'info', '52');
INSERT INTO `t_log` VALUES ('1467', null, 'GET', '2018-10-25 13:58:27', '_dc=1540447107061&page=1&start=0&limit=25', '0:0:0:0:0:0:0:1', '/addressList', '65', '查看通讯录', 'info', '52');
INSERT INTO `t_log` VALUES ('1468', null, 'GET', '2018-10-25 13:58:30', '_dc=1540447109683&status=在线&employeeName=&storeName=&employeeNumber=&post=&page=1&start=0&limit=25', '0:0:0:0:0:0:0:1', '/addressList', '4', '查看通讯录', 'info', '52');
INSERT INTO `t_log` VALUES ('1469', null, 'GET', '2018-10-25 13:58:31', '_dc=1540447110713&start=0&limit=20&page=1&status=&employeeName=&storeName=&employeeNumber=&post=', '0:0:0:0:0:0:0:1', '/addressList', '9', '查看通讯录', 'info', '52');
INSERT INTO `t_log` VALUES ('1470', null, 'POST', '2018-10-25 13:59:17', 'userName=LeWu&password=', '0:0:0:0:0:0:0:1', '/login', '16', '登录系统', 'info', '53');
INSERT INTO `t_log` VALUES ('1471', null, 'POST', '2018-10-25 13:59:17', 'userId=53', '0:0:0:0:0:0:0:1', '/addressList/upStatus', '6', '在线', 'info', '53');
INSERT INTO `t_log` VALUES ('1472', null, 'GET', '2018-10-25 13:59:17', '_dc=1540447157031&page=1&start=0&limit=25', '0:0:0:0:0:0:0:1', '/achievement/sort', '44', '业绩排行', 'info', '53');
INSERT INTO `t_log` VALUES ('1473', null, 'GET', '2018-10-25 13:59:17', '_dc=1540447157024&page=1&start=0&limit=25', '0:0:0:0:0:0:0:1', '/achievement', '50', '查询销售员月销售额', 'info', '53');
INSERT INTO `t_log` VALUES ('1474', null, 'GET', '2018-10-25 13:59:17', '_dc=1540447157034&page=1&start=0&limit=25', '0:0:0:0:0:0:0:1', '/achievement/findAllStore', '1', 'findAllStore', 'info', '53');
INSERT INTO `t_log` VALUES ('1475', null, 'GET', '2018-10-25 13:59:17', '_dc=1540447157027&page=1&start=0&limit=25', '0:0:0:0:0:0:0:1', '/achievement/analyse', '155', '数据分析', 'info', '53');
INSERT INTO `t_log` VALUES ('1476', null, 'GET', '2018-10-25 13:59:17', '_dc=1540447157147&status=&employeeName=&storeName=&employeeNumber=&post=&page=1&start=0&limit=25', '0:0:0:0:0:0:0:1', '/addressList', '16', '查看通讯录', 'info', '53');
INSERT INTO `t_log` VALUES ('1477', null, 'GET', '2018-10-25 14:00:53', '_dc=1540447253249&status=在线&employeeName=&storeName=&employeeNumber=&post=&page=1&start=0&limit=25', '0:0:0:0:0:0:0:1', '/addressList', '13', '查看通讯录', 'info', '53');
INSERT INTO `t_log` VALUES ('1478', null, 'GET', '2018-10-25 14:01:23', '_dc=1540447282981&start=0&limit=20&page=1&status=&employeeName=LeWu&storeName=&employeeNumber=&post=', '0:0:0:0:0:0:0:1', '/addressList', '8', '查看通讯录', 'info', '53');
INSERT INTO `t_log` VALUES ('1479', null, 'GET', '2018-10-25 14:01:25', '_dc=1540447285427&start=0&limit=20&page=1&status=&employeeName=LeWu&storeName=&employeeNumber=&post=', '0:0:0:0:0:0:0:1', '/addressList', '8', '查看通讯录', 'info', '53');
INSERT INTO `t_log` VALUES ('1480', null, 'POST', '2018-10-25 14:02:13', '', '0:0:0:0:0:0:0:1', '/logout', '0', '退出登录', 'info', null);
INSERT INTO `t_log` VALUES ('1481', null, 'POST', '2018-10-25 14:02:13', 'userId=53', '0:0:0:0:0:0:0:1', '/addressList/downStatus', '5', '离线', 'info', null);
INSERT INTO `t_log` VALUES ('1482', null, 'GET', '2018-10-25 14:02:13', '_dc=1540447332743&status=&employeeName=LeWu&storeName=&employeeNumber=&post=&page=1&start=0&limit=25', '0:0:0:0:0:0:0:1', '/addressList', '0', '查看通讯录', 'info', null);
INSERT INTO `t_log` VALUES ('1483', null, 'GET', '2018-10-25 14:02:15', '_dc=1540447335207&page=1&start=0&limit=25', '0:0:0:0:0:0:0:1', '/achievement/findAllStore', '3', 'findAllStore', 'info', null);
INSERT INTO `t_log` VALUES ('1484', null, 'POST', '2018-10-25 14:02:15', '', '0:0:0:0:0:0:0:1', '/logout', '0', '退出登录', 'info', null);
INSERT INTO `t_log` VALUES ('1485', null, 'POST', '2018-10-25 14:02:15', 'userId=52', '0:0:0:0:0:0:0:1', '/addressList/downStatus', '5', '离线', 'info', null);
INSERT INTO `t_log` VALUES ('1486', null, 'GET', '2018-10-25 14:02:18', '_dc=1540447337825&page=1&start=0&limit=25', '0:0:0:0:0:0:0:1', '/achievement/findAllStore', '2', 'findAllStore', 'info', null);
INSERT INTO `t_log` VALUES ('1487', null, 'POST', '2018-10-25 14:03:51', 'userName=YiGang&password=', '0:0:0:0:0:0:0:1', '/login', '16', '登录系统', 'info', '52');
INSERT INTO `t_log` VALUES ('1488', null, 'POST', '2018-10-25 14:03:51', 'userId=52', '0:0:0:0:0:0:0:1', '/addressList/upStatus', '7', '在线', 'info', '52');
INSERT INTO `t_log` VALUES ('1489', null, 'GET', '2018-10-25 14:03:51', '_dc=1540447431261&page=1&start=0&limit=25', '0:0:0:0:0:0:0:1', '/achievement', '52', '查询销售员月销售额', 'info', '52');
INSERT INTO `t_log` VALUES ('1490', null, 'GET', '2018-10-25 14:03:51', '_dc=1540447431265&page=1&start=0&limit=25', '0:0:0:0:0:0:0:1', '/achievement/sort', '12', '业绩排行', 'info', '52');
INSERT INTO `t_log` VALUES ('1491', null, 'GET', '2018-10-25 14:03:52', '_dc=1540447431267&page=1&start=0&limit=25', '0:0:0:0:0:0:0:1', '/achievement/findAllStore', '3', 'findAllStore', 'info', '52');
INSERT INTO `t_log` VALUES ('1492', null, 'GET', '2018-10-25 14:03:51', '_dc=1540447431263&page=1&start=0&limit=25', '0:0:0:0:0:0:0:1', '/achievement/analyse', '13', '数据分析', 'info', '52');
INSERT INTO `t_log` VALUES ('1493', null, 'GET', '2018-10-25 14:03:54', '_dc=1540447434248&page=1&start=0&limit=25', '0:0:0:0:0:0:0:1', '/addressList', '31', '查看通讯录', 'info', '52');
INSERT INTO `t_log` VALUES ('1494', null, 'POST', '2018-10-25 14:04:16', 'userName=LeWu&password=', '0:0:0:0:0:0:0:1', '/login', '16', '登录系统', 'info', '53');
INSERT INTO `t_log` VALUES ('1495', null, 'POST', '2018-10-25 14:04:16', 'userId=53', '0:0:0:0:0:0:0:1', '/addressList/upStatus', '5', '在线', 'info', '53');
INSERT INTO `t_log` VALUES ('1496', null, 'GET', '2018-10-25 14:04:16', '_dc=1540447456344&page=1&start=0&limit=25', '0:0:0:0:0:0:0:1', '/achievement', '13', '查询销售员月销售额', 'info', '53');
INSERT INTO `t_log` VALUES ('1497', null, 'GET', '2018-10-25 14:04:16', '_dc=1540447456346&page=1&start=0&limit=25', '0:0:0:0:0:0:0:1', '/achievement/analyse', '156', '数据分析', 'info', '53');
INSERT INTO `t_log` VALUES ('1498', null, 'GET', '2018-10-25 14:04:17', '_dc=1540447456370&page=1&start=0&limit=25', '0:0:0:0:0:0:0:1', '/addressList', '21', '查看通讯录', 'info', '53');
INSERT INTO `t_log` VALUES ('1499', null, 'GET', '2018-10-25 14:04:17', '_dc=1540447456350&page=1&start=0&limit=25', '0:0:0:0:0:0:0:1', '/achievement/findAllStore', '2', 'findAllStore', 'info', '53');
INSERT INTO `t_log` VALUES ('1500', null, 'GET', '2018-10-25 14:04:17', '_dc=1540447456348&page=1&start=0&limit=25', '0:0:0:0:0:0:0:1', '/achievement/sort', '16', '业绩排行', 'info', '53');
INSERT INTO `t_log` VALUES ('1501', null, 'GET', '2018-10-25 14:05:02', '_dc=1540447502151&start=0&limit=20&page=1&status=&employeeName=LeWu&storeName=&employeeNumber=&post=', '0:0:0:0:0:0:0:1', '/addressList', '5', '查看通讯录', 'info', '53');
INSERT INTO `t_log` VALUES ('1502', null, 'POST', '2018-10-25 14:13:01', '', '0:0:0:0:0:0:0:1', '/logout', '9', '退出登录', 'info', null);
INSERT INTO `t_log` VALUES ('1503', null, 'POST', '2018-10-25 14:13:01', 'userId=52', '0:0:0:0:0:0:0:1', '/addressList/downStatus', '48', '离线', 'info', null);
INSERT INTO `t_log` VALUES ('1504', null, 'GET', '2018-10-25 14:13:04', '_dc=1540447983904&page=1&start=0&limit=25', '0:0:0:0:0:0:0:1', '/achievement/findAllStore', '26', 'findAllStore', 'info', null);
INSERT INTO `t_log` VALUES ('1505', null, 'POST', '2018-10-25 14:13:11', '', '0:0:0:0:0:0:0:1', '/logout', '0', '退出登录', 'info', null);
INSERT INTO `t_log` VALUES ('1506', null, 'POST', '2018-10-25 14:13:11', 'userId=53', '0:0:0:0:0:0:0:1', '/addressList/downStatus', '12', '离线', 'info', null);
INSERT INTO `t_log` VALUES ('1507', null, 'GET', '2018-10-25 14:13:14', '_dc=1540447994015&page=1&start=0&limit=25', '0:0:0:0:0:0:0:1', '/achievement/findAllStore', '3', 'findAllStore', 'info', null);
INSERT INTO `t_log` VALUES ('1508', null, 'POST', '2018-10-25 14:13:32', 'userName=YiGang&password=', '0:0:0:0:0:0:0:1', '/login', '31', '登录系统', 'info', '52');
INSERT INTO `t_log` VALUES ('1509', null, 'POST', '2018-10-25 14:13:32', 'userId=52', '0:0:0:0:0:0:0:1', '/addressList/upStatus', '8', '在线', 'info', '52');
INSERT INTO `t_log` VALUES ('1510', null, 'GET', '2018-10-25 14:13:32', '_dc=1540448012052&page=1&start=0&limit=25', '0:0:0:0:0:0:0:1', '/achievement', '129', '查询销售员月销售额', 'info', '52');
INSERT INTO `t_log` VALUES ('1511', null, 'GET', '2018-10-25 14:13:32', '_dc=1540448012058&page=1&start=0&limit=25', '0:0:0:0:0:0:0:1', '/achievement/findAllStore', '142', 'findAllStore', 'info', '52');
INSERT INTO `t_log` VALUES ('1512', null, 'GET', '2018-10-25 14:13:32', '_dc=1540448012056&page=1&start=0&limit=25', '0:0:0:0:0:0:0:1', '/achievement/sort', '205', '业绩排行', 'info', '52');
INSERT INTO `t_log` VALUES ('1513', null, 'GET', '2018-10-25 14:13:32', '_dc=1540448012054&page=1&start=0&limit=25', '0:0:0:0:0:0:0:1', '/achievement/analyse', '212', '数据分析', 'info', '52');
INSERT INTO `t_log` VALUES ('1514', null, 'GET', '2018-10-25 14:13:47', '_dc=1540448027177&page=1&start=0&limit=25', '0:0:0:0:0:0:0:1', '/addressList', '48', '查看通讯录', 'info', '52');
INSERT INTO `t_log` VALUES ('1515', null, 'GET', '2018-10-25 14:13:58', '_dc=1540448037835&status=在线&employeeName=&storeName=&employeeNumber=&post=&page=1&start=0&limit=25', '0:0:0:0:0:0:0:1', '/addressList', '17', '查看通讯录', 'info', '52');
INSERT INTO `t_log` VALUES ('1516', null, 'GET', '2018-10-25 14:13:59', '_dc=1540448039278&status=&employeeName=&storeName=&employeeNumber=&post=&page=1&start=0&limit=25', '0:0:0:0:0:0:0:1', '/addressList', '18', '查看通讯录', 'info', '52');
INSERT INTO `t_log` VALUES ('1517', null, 'POST', '2018-10-25 14:14:07', 'userName=LeWu&password=', '0:0:0:0:0:0:0:1', '/login', '30', '登录系统', 'info', '53');
INSERT INTO `t_log` VALUES ('1518', null, 'POST', '2018-10-25 14:14:07', 'userId=53', '0:0:0:0:0:0:0:1', '/addressList/upStatus', '7', '在线', 'info', '53');
INSERT INTO `t_log` VALUES ('1519', null, 'GET', '2018-10-25 14:14:07', '_dc=1540448047465&page=1&start=0&limit=25', '0:0:0:0:0:0:0:1', '/achievement', '13', '查询销售员月销售额', 'info', '53');
INSERT INTO `t_log` VALUES ('1520', null, 'GET', '2018-10-25 14:14:08', '_dc=1540448047473&page=1&start=0&limit=25', '0:0:0:0:0:0:0:1', '/achievement/analyse', '9', '数据分析', 'info', '53');
INSERT INTO `t_log` VALUES ('1521', null, 'GET', '2018-10-25 14:14:08', '_dc=1540448047479&page=1&start=0&limit=25', '0:0:0:0:0:0:0:1', '/achievement/findAllStore', '6', 'findAllStore', 'info', '53');
INSERT INTO `t_log` VALUES ('1522', null, 'GET', '2018-10-25 14:14:08', '_dc=1540448047475&page=1&start=0&limit=25', '0:0:0:0:0:0:0:1', '/achievement/sort', '47', '业绩排行', 'info', '53');
INSERT INTO `t_log` VALUES ('1523', null, 'GET', '2018-10-25 14:14:08', '_dc=1540448047573&status=&employeeName=&storeName=&employeeNumber=&post=&page=1&start=0&limit=25', '0:0:0:0:0:0:0:1', '/addressList', '29', '查看通讯录', 'info', '53');
INSERT INTO `t_log` VALUES ('1524', null, 'GET', '2018-10-25 14:14:17', '_dc=1540448056948&status=&employeeName=&storeName=&employeeNumber=&post=&page=2&start=25&limit=25', '0:0:0:0:0:0:0:1', '/addressList', '16', '查看通讯录', 'info', '53');
INSERT INTO `t_log` VALUES ('1525', null, 'GET', '2018-10-25 14:14:23', '_dc=1540448062727&status=&employeeName=&storeName=&employeeNumber=&post=&page=3&start=50&limit=25', '0:0:0:0:0:0:0:1', '/addressList', '6', '查看通讯录', 'info', '53');
INSERT INTO `t_log` VALUES ('1526', null, 'GET', '2018-10-25 14:14:25', '_dc=1540448065179&status=在线&employeeName=&storeName=&employeeNumber=&post=&page=3&start=50&limit=25', '0:0:0:0:0:0:0:1', '/addressList', '18', '查看通讯录', 'info', '53');
INSERT INTO `t_log` VALUES ('1527', null, 'GET', '2018-10-25 14:14:27', '_dc=1540448067037&status=在线&employeeName=&storeName=&employeeNumber=&post=&page=3&start=50&limit=25', '0:0:0:0:0:0:0:1', '/addressList', '4', '查看通讯录', 'info', '53');
INSERT INTO `t_log` VALUES ('1528', null, 'GET', '2018-10-25 14:14:28', '_dc=1540448067908&status=&employeeName=&storeName=&employeeNumber=&post=&page=3&start=50&limit=25', '0:0:0:0:0:0:0:1', '/addressList', '4', '查看通讯录', 'info', '53');
INSERT INTO `t_log` VALUES ('1529', null, 'GET', '2018-10-25 14:14:33', '_dc=1540448073314&status=&employeeName=&storeName=&employeeNumber=&post=&page=3&start=50&limit=25', '0:0:0:0:0:0:0:1', '/addressList', '9', '查看通讯录', 'info', '53');
INSERT INTO `t_log` VALUES ('1530', null, 'GET', '2018-10-25 14:14:35', '_dc=1540448074885&status=在线&employeeName=&storeName=&employeeNumber=&post=&page=3&start=50&limit=25', '0:0:0:0:0:0:0:1', '/addressList', '3', '查看通讯录', 'info', '53');
INSERT INTO `t_log` VALUES ('1531', null, 'GET', '2018-10-25 14:14:36', '_dc=1540448076001&status=&employeeName=&storeName=&employeeNumber=&post=&page=3&start=50&limit=25', '0:0:0:0:0:0:0:1', '/addressList', '7', '查看通讯录', 'info', '53');
INSERT INTO `t_log` VALUES ('1532', null, 'GET', '2018-10-25 14:14:43', '_dc=1540448083026&page=1&start=0&limit=25', '0:0:0:0:0:0:0:1', '/addressList', '14', '查看通讯录', 'info', '53');
INSERT INTO `t_log` VALUES ('1533', null, 'GET', '2018-10-25 14:14:51', '_dc=1540448091274&status=&employeeName=&storeName=&employeeNumber=&post=&page=1&start=0&limit=25', '0:0:0:0:0:0:0:1', '/addressList', '20', '查看通讯录', 'info', '53');
INSERT INTO `t_log` VALUES ('1534', null, 'GET', '2018-10-25 14:14:53', '_dc=1540448092496&status=在线&employeeName=&storeName=&employeeNumber=&post=&page=1&start=0&limit=25', '0:0:0:0:0:0:0:1', '/addressList', '4', '查看通讯录', 'info', '53');
INSERT INTO `t_log` VALUES ('1535', null, 'GET', '2018-10-25 14:15:00', '_dc=1540448100109&status=&employeeName=&storeName=&employeeNumber=&post=&page=3&start=50&limit=25', '0:0:0:0:0:0:0:1', '/addressList', '7', '查看通讯录', 'info', '53');
INSERT INTO `t_log` VALUES ('1536', null, 'GET', '2018-10-25 14:15:03', '_dc=1540448102950&status=&employeeName=&storeName=&employeeNumber=&post=&page=3&start=50&limit=25', '0:0:0:0:0:0:0:1', '/addressList', '4', '查看通讯录', 'info', '53');
INSERT INTO `t_log` VALUES ('1537', null, 'GET', '2018-10-25 14:15:06', '_dc=1540448106020&status=在线&employeeName=&storeName=&employeeNumber=&post=&page=3&start=50&limit=25', '0:0:0:0:0:0:0:1', '/addressList', '4', '查看通讯录', 'info', '53');
INSERT INTO `t_log` VALUES ('1538', null, 'GET', '2018-10-25 14:15:10', '_dc=1540448110344&status=&employeeName=&storeName=&employeeNumber=&post=&page=3&start=50&limit=25', '0:0:0:0:0:0:0:1', '/addressList', '4', '查看通讯录', 'info', '53');
INSERT INTO `t_log` VALUES ('1539', null, 'POST', '2018-10-25 14:15:20', '', '0:0:0:0:0:0:0:1', '/logout', '0', '退出登录', 'info', null);
INSERT INTO `t_log` VALUES ('1540', null, 'POST', '2018-10-25 14:15:20', 'userId=53', '0:0:0:0:0:0:0:1', '/addressList/downStatus', '13', '离线', 'info', null);
INSERT INTO `t_log` VALUES ('1541', null, 'GET', '2018-10-25 14:15:20', '_dc=1540448120182&status=&employeeName=&storeName=&employeeNumber=&post=&page=3&start=50&limit=25', '0:0:0:0:0:0:0:1', '/addressList', '1', '查看通讯录', 'info', null);
INSERT INTO `t_log` VALUES ('1542', null, 'GET', '2018-10-25 14:15:23', '_dc=1540448122585&page=1&start=0&limit=25', '0:0:0:0:0:0:0:1', '/achievement/findAllStore', '2', 'findAllStore', 'info', null);
INSERT INTO `t_log` VALUES ('1543', null, 'POST', '2018-10-25 14:15:23', '', '0:0:0:0:0:0:0:1', '/logout', '0', '退出登录', 'info', null);
INSERT INTO `t_log` VALUES ('1544', null, 'POST', '2018-10-25 14:15:23', 'userId=52', '0:0:0:0:0:0:0:1', '/addressList/downStatus', '7', '离线', 'info', null);
INSERT INTO `t_log` VALUES ('1545', null, 'GET', '2018-10-25 14:15:26', '_dc=1540448125598&page=1&start=0&limit=25', '0:0:0:0:0:0:0:1', '/achievement/findAllStore', '3', 'findAllStore', 'info', null);
INSERT INTO `t_log` VALUES ('1546', null, 'GET', '2018-10-25 14:15:39', '_dc=1540448139042&page=1&start=0&limit=25', '0:0:0:0:0:0:0:1', '/achievement/findAllStore', '3', 'findAllStore', 'info', null);
INSERT INTO `t_log` VALUES ('1547', null, 'POST', '2018-10-25 14:16:19', 'userName=LeWu&password=', '0:0:0:0:0:0:0:1', '/login', '9', '登录系统', 'info', '53');
INSERT INTO `t_log` VALUES ('1548', null, 'POST', '2018-10-25 14:16:19', 'userId=53', '0:0:0:0:0:0:0:1', '/addressList/upStatus', '31', '在线', 'info', '53');
INSERT INTO `t_log` VALUES ('1549', null, 'GET', '2018-10-25 14:16:19', '_dc=1540448178862&page=1&start=0&limit=25', '0:0:0:0:0:0:0:1', '/achievement', '13', '查询销售员月销售额', 'info', '53');
INSERT INTO `t_log` VALUES ('1550', null, 'GET', '2018-10-25 14:16:19', '_dc=1540448178863&page=1&start=0&limit=25', '0:0:0:0:0:0:0:1', '/achievement/analyse', '16', '数据分析', 'info', '53');
INSERT INTO `t_log` VALUES ('1551', null, 'GET', '2018-10-25 14:16:19', '_dc=1540448178864&page=1&start=0&limit=25', '0:0:0:0:0:0:0:1', '/achievement/findAllStore', '2', 'findAllStore', 'info', '53');
INSERT INTO `t_log` VALUES ('1552', null, 'GET', '2018-10-25 14:16:19', '_dc=1540448178864&page=1&start=0&limit=25', '0:0:0:0:0:0:0:1', '/achievement/sort', '9', '业绩排行', 'info', '53');
INSERT INTO `t_log` VALUES ('1553', null, 'GET', '2018-10-25 14:16:23', '_dc=1540448183400&page=1&start=0&limit=25', '0:0:0:0:0:0:0:1', '/addressList', '11', '查看通讯录', 'info', '53');
INSERT INTO `t_log` VALUES ('1554', null, 'GET', '2018-10-25 14:16:29', '_dc=1540448189101&status=在线&employeeName=&storeName=&employeeNumber=&post=&page=1&start=0&limit=25', '0:0:0:0:0:0:0:1', '/addressList', '9', '查看通讯录', 'info', '53');
INSERT INTO `t_log` VALUES ('1555', null, 'GET', '2018-10-25 14:16:30', '_dc=1540448189903&status=&employeeName=&storeName=&employeeNumber=&post=&page=1&start=0&limit=25', '0:0:0:0:0:0:0:1', '/addressList', '11', '查看通讯录', 'info', '53');
INSERT INTO `t_log` VALUES ('1556', null, 'POST', '2018-10-25 14:16:42', 'userName=YiGang&password=', '0:0:0:0:0:0:0:1', '/login', '45', '登录系统', 'info', '52');
INSERT INTO `t_log` VALUES ('1557', null, 'POST', '2018-10-25 14:16:42', 'userId=52', '0:0:0:0:0:0:0:1', '/addressList/upStatus', '6', '在线', 'info', '52');
INSERT INTO `t_log` VALUES ('1558', null, 'GET', '2018-10-25 14:16:42', '_dc=1540448202069&page=1&start=0&limit=25', '0:0:0:0:0:0:0:1', '/achievement/analyse', '9', '数据分析', 'info', '52');
INSERT INTO `t_log` VALUES ('1559', null, 'GET', '2018-10-25 14:16:42', '_dc=1540448202066&page=1&start=0&limit=25', '0:0:0:0:0:0:0:1', '/achievement', '12', '查询销售员月销售额', 'info', '52');
INSERT INTO `t_log` VALUES ('1560', null, 'GET', '2018-10-25 14:16:42', '_dc=1540448202080&page=1&start=0&limit=25', '0:0:0:0:0:0:0:1', '/achievement/findAllStore', '1', 'findAllStore', 'info', '52');
INSERT INTO `t_log` VALUES ('1561', null, 'GET', '2018-10-25 14:16:42', '_dc=1540448202073&page=1&start=0&limit=25', '0:0:0:0:0:0:0:1', '/achievement/sort', '12', '业绩排行', 'info', '52');
INSERT INTO `t_log` VALUES ('1562', null, 'GET', '2018-10-25 14:16:42', '_dc=1540448202147&status=&employeeName=&storeName=&employeeNumber=&post=&page=1&start=0&limit=25', '0:0:0:0:0:0:0:1', '/addressList', '13', '查看通讯录', 'info', '52');
INSERT INTO `t_log` VALUES ('1563', null, 'GET', '2018-10-25 14:16:46', '_dc=1540448205825&page=1&start=0&limit=25', '0:0:0:0:0:0:0:1', '/addressList', '13', '查看通讯录', 'info', '52');
INSERT INTO `t_log` VALUES ('1564', null, 'POST', '2018-10-25 14:17:01', 'userName=YiLai&password=', '0:0:0:0:0:0:0:1', '/login', '17', '登录系统', 'info', '51');
INSERT INTO `t_log` VALUES ('1565', null, 'POST', '2018-10-25 14:17:01', 'userId=51', '0:0:0:0:0:0:0:1', '/addressList/upStatus', '6', '在线', 'info', '51');
INSERT INTO `t_log` VALUES ('1566', null, 'GET', '2018-10-25 14:17:01', '_dc=1540448220951&status=&employeeName=&storeName=&employeeNumber=&post=&page=1&start=0&limit=25', '0:0:0:0:0:0:0:1', '/addressList', '13', '查看通讯录', 'info', '51');
INSERT INTO `t_log` VALUES ('1567', null, 'GET', '2018-10-25 14:17:01', '_dc=1540448220980&page=1&start=0&limit=25', '0:0:0:0:0:0:0:1', '/achievement', '55', '查询销售员月销售额', 'info', '51');
INSERT INTO `t_log` VALUES ('1568', null, 'GET', '2018-10-25 14:17:01', '_dc=1540448220989&page=1&start=0&limit=25', '0:0:0:0:0:0:0:1', '/achievement/findAllStore', '5', 'findAllStore', 'info', '51');
INSERT INTO `t_log` VALUES ('1569', null, 'GET', '2018-10-25 14:17:01', '_dc=1540448220985&page=1&start=0&limit=25', '0:0:0:0:0:0:0:1', '/achievement/analyse', '35', '数据分析', 'info', '51');
INSERT INTO `t_log` VALUES ('1570', null, 'GET', '2018-10-25 14:17:01', '_dc=1540448220988&page=1&start=0&limit=25', '0:0:0:0:0:0:0:1', '/achievement/sort', '12', '业绩排行', 'info', '51');
INSERT INTO `t_log` VALUES ('1571', null, 'GET', '2018-10-25 14:17:01', '_dc=1540448220952&page=1&start=0&limit=25', '0:0:0:0:0:0:0:1', '/addressList', '98', '查看通讯录', 'info', '51');
INSERT INTO `t_log` VALUES ('1572', null, 'GET', '2018-10-25 14:17:08', '_dc=1540448227517&page=1&start=0&limit=25', '0:0:0:0:0:0:0:1', '/addressList', '18', '查看通讯录', 'info', '51');
INSERT INTO `t_log` VALUES ('1573', null, 'GET', '2018-10-25 14:17:13', '_dc=1540448233205&status=在线&employeeName=&storeName=&employeeNumber=&post=&page=1&start=0&limit=25', '0:0:0:0:0:0:0:1', '/addressList', '6', '查看通讯录', 'info', '51');
INSERT INTO `t_log` VALUES ('1574', null, 'GET', '2018-10-25 14:17:17', '_dc=1540448237179&status=在线&employeeName=&storeName=&employeeNumber=&post=&page=1&start=0&limit=25', '0:0:0:0:0:0:0:1', '/addressList', '4', '查看通讯录', 'info', '51');
INSERT INTO `t_log` VALUES ('1575', null, 'GET', '2018-10-25 14:17:26', '_dc=1540448246178&status=在线&employeeName=&storeName=&employeeNumber=&post=&page=1&start=0&limit=25', '0:0:0:0:0:0:0:1', '/addressList', '5', '查看通讯录', 'info', '51');
INSERT INTO `t_log` VALUES ('1576', null, 'POST', '2018-10-25 14:17:41', 'userId=53', '0:0:0:0:0:0:0:1', '/addressList/downStatus', '7', '离线', 'info', '51');
INSERT INTO `t_log` VALUES ('1577', null, 'GET', '2018-10-25 14:17:41', '_dc=1540448261307&status=在线&employeeName=&storeName=&employeeNumber=&post=&page=1&start=0&limit=25', '0:0:0:0:0:0:0:1', '/addressList', '18', '查看通讯录', 'info', '51');
INSERT INTO `t_log` VALUES ('1578', null, 'GET', '2018-10-25 14:17:41', '_dc=1540448261324&status=在线&employeeName=&storeName=&employeeNumber=&post=&page=1&start=0&limit=25', '0:0:0:0:0:0:0:1', '/addressList', '8', '查看通讯录', 'info', '51');
INSERT INTO `t_log` VALUES ('1579', null, 'GET', '2018-10-25 14:17:51', '_dc=1540448270818&status=在线&employeeName=&storeName=&employeeNumber=&post=&page=1&start=0&limit=25', '0:0:0:0:0:0:0:1', '/addressList', '6', '查看通讯录', 'info', '51');
INSERT INTO `t_log` VALUES ('1580', null, 'POST', '2018-10-25 14:17:55', 'userId=51', '0:0:0:0:0:0:0:1', '/addressList/downStatus', '8', '离线', 'info', '51');
INSERT INTO `t_log` VALUES ('1581', null, 'GET', '2018-10-25 14:17:55', '_dc=1540448275161&status=在线&employeeName=&storeName=&employeeNumber=&post=&page=1&start=0&limit=25', '0:0:0:0:0:0:0:1', '/addressList', '4', '查看通讯录', 'info', '51');
INSERT INTO `t_log` VALUES ('1582', null, 'GET', '2018-10-25 14:18:00', '_dc=1540448279629&status=在线&employeeName=&storeName=&employeeNumber=&post=&page=1&start=0&limit=25', '0:0:0:0:0:0:0:1', '/addressList', '5', '查看通讯录', 'info', '51');
INSERT INTO `t_log` VALUES ('1583', null, 'GET', '2018-10-25 14:18:01', '_dc=1540448280690&status=&employeeName=&storeName=&employeeNumber=&post=&page=1&start=0&limit=25', '0:0:0:0:0:0:0:1', '/addressList', '15', '查看通讯录', 'info', '51');
INSERT INTO `t_log` VALUES ('1584', null, 'POST', '2018-10-25 14:18:09', 'userId=52', '0:0:0:0:0:0:0:1', '/addressList/downStatus', '8', '离线', 'info', '51');
INSERT INTO `t_log` VALUES ('1585', null, 'GET', '2018-10-25 14:22:26', '_dc=1540448545560&page=1&start=0&limit=25', '0:0:0:0:0:0:0:1', '/achievement/findAllStore', '3', 'findAllStore', 'info', null);

-- ----------------------------
-- Table structure for `t_notice`
-- ----------------------------
DROP TABLE IF EXISTS `t_notice`;
CREATE TABLE `t_notice` (
  `id` bigint(20) NOT NULL AUTO_INCREMENT,
  `message` varchar(255) COLLATE utf8_bin DEFAULT NULL,
  `time` datetime DEFAULT NULL,
  PRIMARY KEY (`id`)
) ENGINE=MyISAM DEFAULT CHARSET=utf8 COLLATE=utf8_bin;

-- ----------------------------
-- Records of t_notice
-- ----------------------------

-- ----------------------------
-- Table structure for `t_store`
-- ----------------------------
DROP TABLE IF EXISTS `t_store`;
CREATE TABLE `t_store` (
  `id` bigint(20) NOT NULL AUTO_INCREMENT,
  `storeArea` varchar(255) COLLATE utf8_bin NOT NULL,
  `storeName` varchar(255) COLLATE utf8_bin NOT NULL,
  `storeNumber` varchar(255) COLLATE utf8_bin NOT NULL,
  `fatherStore_id` bigint(20) DEFAULT NULL,
  PRIMARY KEY (`id`),
  UNIQUE KEY `UK_63906f5qdcomyyion7obl39xv` (`storeName`),
  UNIQUE KEY `UK_l5qphaerxi6h66himo16k1yun` (`storeNumber`),
  KEY `FKs7uwcjl96bio2f438m5hkbslx` (`fatherStore_id`)
) ENGINE=MyISAM AUTO_INCREMENT=14 DEFAULT CHARSET=utf8 COLLATE=utf8_bin;

-- ----------------------------
-- Records of t_store
-- ----------------------------
INSERT INTO `t_store` VALUES ('1', '广东省', '家乐房产中介广东总店', 'GD001', null);
INSERT INTO `t_store` VALUES ('2', '广东省东莞市', '家乐房产中介东莞市分店', 'DG001', '1');
INSERT INTO `t_store` VALUES ('3', '广东省东莞市', '家乐房产中介东莞市莞城分店', 'DG0011', '2');
INSERT INTO `t_store` VALUES ('4', '广东省东莞市', '家乐房产中介东莞市东城分店', 'DG0012', '2');
INSERT INTO `t_store` VALUES ('5', '广东省东莞市', '家乐房产中介东莞市南城分店', 'DG0013', '2');
INSERT INTO `t_store` VALUES ('6', '广东省广州市', '家乐房产中介广州市分店', 'GZ001', '1');
INSERT INTO `t_store` VALUES ('7', '广东省广州市', '家乐房产中介广州市天河区分店', 'GZ0011', '6');
INSERT INTO `t_store` VALUES ('8', '广东省广州市', '家乐房产中介广州市荔湾区分店', 'GZ0012', '6');
INSERT INTO `t_store` VALUES ('9', '广东省广州市', '家乐房产中介广州市越秀区分店', 'GZ0013', '6');
INSERT INTO `t_store` VALUES ('10', '广东省深圳市', '家乐房产中介深圳市分店', 'SZ001', '1');
INSERT INTO `t_store` VALUES ('11', '广东省深圳市', '家乐房产中介深圳市南山区分店', 'SZ0011', '10');
INSERT INTO `t_store` VALUES ('12', '广东省深圳市', '家乐房产中介深圳市宝安区分店', 'SZ0012', '10');
INSERT INTO `t_store` VALUES ('13', '广东省深圳市', '家乐房产中介深圳市福田区分店', 'SZ0013', '10');
